Year,Month,Day,MeanTemp,HighTemp,HighTime,LowTemp,LowTime,HeatDegDays,CoolDegDays,Rain_mm,AvgWindSpeed_kmh,MaxWindSpeed_kmh,MaxWindTime,DominantWindDir
2008,9,1,20.3,26.8,15:50,13.6,7:00,1.0,3.0,,2.1,19.3,20:30,WNW
2008,9,2,20.3,27.9,17:00,13.1,7:20,1.1,3.1,,2.3,25.7,19:30,WNW
2008,9,3,19.8,28.6,15:40,12.7,7:30,1.5,2.9,,2.4,22.5,15:50,SSE
2008,9,4,21.4,30.3,16:20,12.3,7:30,1.5,4.6,,1.9,16.1,20:10,E
2008,9,5,22.7,31.5,16:20,13.3,7:20,0.9,5.2,,1.4,14.5,21:50,SSE
2008,9,6,23.3,33.0,17:20,13.0,7:20,0.8,5.7,,1.4,14.5,0:30,W
2008,9,7,23.7,34.7,16:00,12.9,6:30,0.9,6.3,,2.3,22.5,16:10,E
2008,9,8,23.4,33.7,17:20,13.9,6:50,0.6,5.6,,1.4,22.5,18:30,WNW
2008,9,9,23.4,31.6,15:00,14.7,6:30,0.7,5.7,,3.5,25.7,15:00,ENE
2008,9,10,22.8,29.9,18:00,14.3,7:50,0.4,4.9,,2.3,17.7,18:40,ENE
2008,9,11,21.5,31.0,17:10,12.4,7:50,1.2,4.4,,1.3,19.3,18:50,ENE
2008,9,12,22.7,32.8,15:30,12.8,7:00,1.0,5.3,,1.9,25.7,17:20,N
2008,9,13,22.2,30.6,15:40,14.5,6:20,0.7,4.6,,3.4,35.4,16:20,W
2008,9,14,18.3,27.2,14:00,14.8,5:30,1.3,1.2,,3.1,64.4,15:20,SSE
2008,9,15,16.2,19.1,17:50,13.6,00:00,2.1,0.1,24.2,2.7,33.8,11:20,S
2008,9,16,14.8,21.1,13:30,10.7,5:10,3.7,0.2,2.2,2.1,22.5,15:20,SSE
2008,9,17,15.6,19.4,16:00,12.2,23:50,2.9,0.1,2.6,4.3,25.7,14:40,S
2008,9,18,14.1,20.5,17:00,9.2,7:40,4.5,0.2,0.0,5.0,22.5,5:50,E
2008,9,19,13.3,20.2,17:30,7.2,5:40,5.2,0.2,0.0,4.5,20.9,22:00,E
2008,9,20,10.7,13.8,0:10,8.4,8:20,7.7,0.0,1.4,5.6,27.4,5:20,S
2008,9,21,11.7,15.5,16:40,8.7,8:10,6.6,0.0,0.0,3.9,22.5,6:00,E
2008,9,22,12.1,15.3,17:10,9.7,7:20,6.2,0.0,2.8,1.1,16.1,13:50,E
2008,9,23,13.1,17.9,13:50,9.1,6:50,5.2,0.0,0.6,2.4,16.1,14:30,SSE
2008,9,24,11.7,14.9,13:00,8.7,4:50,6.7,0.0,7.0,2.9,19.3,18:30,SSE
2008,9,25,12.4,13.9,16:40,11.3,1:40,5.9,0.0,15.4,1.3,9.7,17:40,S
2008,9,26,14.3,19.4,15:20,11.2,6:00,4.1,0.1,0.8,1.9,17.7,18:10,E
2008,9,27,12.7,16.2,12:50,10.3,23:30,5.7,0.0,4.4,5.3,29.0,16:50,ENE
2008,9,28,10.8,12.7,12:40,8.8,23:50,7.6,0.0,12.0,2.6,25.7,17:30,SSE
2008,9,29,10.7,15.1,16:50,7.6,22:20,7.7,0.0,0.0,1.6,16.1,13:00,SSE
2008,9,30,10.9,19.0,16:40,3.7,6:00,7.5,0.1,0.0,2.4,24.1,15:50,E
2008,10,1,11.8,20.6,16:30,4.1,7:20,6.8,0.3,0.0,1.4,8.0,15:30,E
2008,10,2,11.7,14.8,15:50,7.6,4:40,6.7,0.0,29.8,1.1,9.7,16:40,S
2008,10,3,14.4,18.0,16:50,10.6,23:30,3.9,0.0,8.4,0.6,11.3,14:40,S
2008,10,4,14.5,20.8,15:30,10.3,1:10,4.1,0.2,0.6,3.1,29.0,17:10,S
2008,10,5,12.4,15.8,15:10,10.3,23:40,5.9,0.0,10.6,10.9,48.3,15:40,W
2008,10,6,11.8,16.7,15:30,4.7,7:50,6.6,0.0,0.0,8.2,40.2,14:40,W
2008,10,7,11.7,21.2,17:00,3.2,8:00,6.9,0.3,0.0,1.4,9.7,17:30,E
2008,10,8,12.2,21.1,17:00,3.8,7:50,6.4,0.3,0.0,1.1,11.3,20:20,E
2008,10,9,13.5,22.2,16:00,4.8,8:00,5.4,0.6,0.0,1.8,17.7,19:10,E
2008,10,10,12.7,20.6,16:00,6.8,7:30,5.8,0.2,0.4,1.3,9.7,2:10,E
2008,10,11,12.5,19.0,14:30,6.4,8:10,5.9,0.1,0.0,1.9,35.4,14:50,S
2008,10,12,12.7,19.9,14:50,6.9,7:50,5.8,0.2,0.0,1.9,16.1,15:00,S
2008,10,13,12.1,20.2,15:40,4.6,8:20,6.5,0.2,0.0,1.3,11.3,0:30,E
2008,10,14,11.3,20.4,16:30,4.7,8:30,7.2,0.2,0.0,1.0,8.0,15:30,WNW
2008,10,15,12.2,21.9,16:20,3.9,8:00,6.6,0.5,0.0,0.0,0.0,---,---
2008,10,16,12.7,22.0,16:20,4.9,8:00,6.1,0.4,0.0,0.6,8.0,19:20,WNW
2008,10,17,13.2,22.5,16:10,5.3,8:10,5.7,0.6,0.0,1.0,17.7,19:40,E
2008,10,18,13.7,19.9,16:30,7.7,5:20,4.7,0.1,0.0,3.1,27.4,18:50,E
2008,10,19,14.2,17.1,16:40,9.2,23:10,4.1,0.0,0.2,1.0,14.5,3:00,ENE
2008,10,20,14.4,20.8,17:20,7.3,2:40,2.8,0.3,0.0,0.6,8.0,17:00,WNW
2008,10,21,12.1,20.7,16:10,5.0,8:20,6.5,0.2,0.0,1.1,6.4,12:40,E
2008,10,22,13.1,19.1,16:40,8.5,0:50,5.3,0.1,0.0,0.8,9.7,2:50,S
2008,10,23,12.6,18.8,15:30,7.4,00:00,5.8,0.1,0.0,0.6,6.4,11:00,WNW
2008,10,24,10.4,17.3,15:50,4.1,6:50,7.9,0.0,0.0,0.5,9.7,19:00,ESE
2008,10,25,12.6,16.0,15:40,9.8,1:10,5.8,0.0,0.0,1.1,14.5,15:50,S
2008,10,26,11.2,15.1,16:00,6.1,7:10,7.1,0.0,0.0,0.3,19.3,20:20,S
2008,10,27,10.8,15.6,14:10,5.3,23:30,7.6,0.0,0.0,1.0,16.1,11:20,S
2008,10,28,9.6,17.6,15:30,3.5,3:50,8.7,0.0,0.0,1.6,11.3,14:30,E
2008,10,29,11.7,15.3,16:20,7.3,0:10,5.9,0.0,1.0,1.1,11.3,14:20,E
2008,10,30,14.9,19.6,19:10,10.9,0:50,2.9,0.1,4.0,1.9,25.7,18:40,NW
2008,10,31,14.9,20.2,16:10,12.2,4:20,3.6,0.1,0.2,0.8,8.0,5:40,NE
2008,11,1,16.3,23.7,15:00,12.0,8:10,2.9,0.8,0.0,2.7,30.6,14:30,S
2008,11,2,13.8,21.8,15:00,7.7,6:40,5.2,0.6,0.0,1.9,25.7,14:30,E
2008,11,3,11.7,20.9,15:00,4.6,6:10,6.9,0.2,0.0,1.1,8.0,10:40,ENE
2008,11,4,11.9,20.7,15:40,5.6,6:30,6.7,0.3,0.0,1.3,14.5,15:00,S
2008,11,5,12.3,18.7,15:50,8.2,3:50,6.0,0.0,0.0,0.8,11.3,15:40,ENE
2008,11,6,11.7,18.8,15:30,6.7,4:00,6.6,0.0,0.0,0.6,20.9,19:30,S
2008,11,7,13.3,16.1,14:10,11.7,6:50,5.0,0.0,0.0,2.3,19.3,13:50,S
2008,11,8,12.0,14.0,16:10,10.2,00:00,6.3,0.0,1.2,1.0,9.7,0:10,ENE
2008,11,9,11.8,16.5,13:50,9.1,7:10,6.5,0.0,0.0,1.8,25.7,19:00,S
2008,11,10,10.6,13.1,13:30,7.5,22:40,7.7,0.0,0.0,0.6,8.0,1:00,ENE
2008,11,11,7.8,12.4,14:10,2.5,22:20,10.5,0.0,0.0,1.8,11.3,13:40,SSE
2008,11,12,5.4,14.9,16:20,-0.8,6:30,12.9,0.0,0.2,1.6,8.0,13:00,ENE
2008,11,13,5.9,14.5,16:20,-1.2,8:20,12.4,0.0,0.0,1.6,8.0,11:40,E
2008,11,14,8.2,9.5,20:50,5.4,0:10,10.1,0.0,4.4,0.5,8.0,3:30,E
2008,11,15,9.7,10.8,14:30,8.9,0:50,8.6,0.0,1.0,0.6,9.7,22:20,S
2008,11,16,9.7,10.9,15:10,8.9,1:50,8.6,0.0,4.6,0.8,9.7,11:10,S
2008,11,17,9.7,13.0,13:20,7.4,23:30,8.6,0.0,0.2,3.1,24.1,14:10,ESE
2008,11,18,4.1,7.5,0:20,2.2,20:00,14.2,0.0,8.0,4.5,22.5,4:00,SSE
2008,11,19,4.4,8.4,16:30,0.3,23:40,13.9,0.0,2.0,1.8,9.7,1:00,SSE
2008,11,20,5.8,12.7,13:50,-1.7,7:30,12.6,0.0,0.4,5.8,33.8,14:50,W
2008,11,21,9.4,14.6,15:10,2.8,5:00,8.9,0.0,0.0,4.2,25.7,12:50,S
2008,11,22,7.9,12.7,5:10,1.0,23:50,10.4,0.0,20.6,8.7,46.7,12:00,WNW
2008,11,23,0.9,4.1,15:50,-2.3,4:00,17.4,0.0,0.0,2.1,16.1,18:10,E
2008,11,24,2.3,4.3,23:10,0.3,0:20,16.1,0.0,0.6,2.3,19.3,16:50,S
2008,11,25,6.9,10.3,14:40,4.2,0:10,11.4,0.0,2.8,2.3,16.1,7:50,NE
2008,11,26,9.1,14.4,14:20,4.4,00:00,9.3,0.0,0.8,2.6,29.0,15:40,WNW
2008,11,27,5.1,11.7,15:20,-0.3,22:50,13.3,0.0,0.0,2.6,9.7,1:30,ENE
2008,11,28,3.6,6.8,15:20,-1.8,4:40,14.8,0.0,1.6,2.3,16.1,22:50,ENE
2008,11,29,6.4,7.4,15:50,5.1,7:30,11.9,0.0,11.6,2.4,30.6,7:40,ESE
2008,11,30,6.5,9.9,16:20,2.4,00:00,11.8,0.0,0.0,1.1,11.3,10:40,SE
2008,12,1,4.9,9.6,16:20,0.8,1:20,13.4,0.0,0.4,1.8,16.1,19:10,ESE
2008,12,2,8.9,12.4,15:00,7.0,4:00,9.4,0.0,2.4,2.1,14.5,1:30,NE
2008,12,3,13.1,15.8,10:40,9.1,1:10,5.3,0.0,3.2,7.4,41.8,5:10,SW
2008,12,4,13.4,17.3,11:00,10.9,00:00,4.9,0.0,12.8,11.1,61.2,11:00,SW
2008,12,5,10.3,14.3,13:10,6.1,20:20,8.0,0.0,0.0,6.1,29.0,11:40,SW
2008,12,6,8.2,12.7,11:20,4.1,5:50,10.2,0.0,12.8,4.0,49.9,11:20,NE
2008,12,7,6.8,10.2,15:20,2.8,8:40,11.5,0.0,0.6,5.0,29.0,15:30,W
2008,12,8,3.3,8.2,14:30,-1.3,7:00,15.0,0.0,0.0,3.2,22.5,14:30,E
2008,12,9,0.5,5.4,15:20,-3.9,23:30,17.8,0.0,0.0,2.7,14.5,4:20,SE
2008,12,10,-1.0,4.9,16:10,-5.7,7:40,19.3,0.0,0.0,2.1,8.0,2:20,SSE
2008,12,11,2.1,4.2,00:00,-1.5,0:10,16.2,0.0,7.0,0.8,8.0,4:20,SSE
2008,12,12,6.4,7.8,13:00,4.2,0:10,11.9,0.0,16.0,10.0,51.5,8:00,ENE
2008,12,13,6.1,11.1,15:30,2.0,5:00,12.2,0.0,0.4,4.3,29.0,16:30,S
2008,12,14,4.6,6.9,0:20,0.9,5:30,13.7,0.0,4.8,1.1,11.3,7:40,NE
2008,12,15,6.9,9.1,14:20,5.0,8:20,11.4,0.0,1.0,1.3,8.0,3:00,ENE
2008,12,16,9.0,11.7,12:40,7.1,4:10,9.3,0.0,0.2,3.2,25.7,14:20,S
2008,12,17,9.8,11.7,15:20,8.4,3:10,8.5,0.0,5.8,5.3,30.6,20:40,S
2008,12,18,9.3,12.1,3:00,7.4,18:10,9.0,0.0,9.6,5.6,38.6,5:40,SW
2008,12,19,7.1,11.0,16:20,1.9,00:00,11.2,0.0,0.4,2.3,16.1,11:30,NW
2008,12,20,3.2,8.7,13:10,-1.3,6:30,15.1,0.0,0.0,4.0,30.6,13:40,ENE
2008,12,21,2.9,6.4,15:30,-0.7,6:30,15.4,0.0,0.2,6.4,41.8,21:20,NE
2008,12,22,3.1,6.8,13:30,-2.1,21:50,15.2,0.0,0.0,8.7,38.6,11:50,NE
2008,12,23,2.7,8.9,14:00,-2.7,1:10,15.7,0.0,0.0,5.0,35.4,10:50,ENE
2008,12,24,0.3,3.4,13:40,-4.8,23:50,18.0,0.0,0.0,8.2,40.2,12:40,ENE
2008,12,25,-2.0,3.7,16:20,-7.3,8:00,20.3,0.0,0.0,1.8,8.0,0:10,ESE
2008,12,26,-0.3,1.1,4:50,-1.7,22:20,18.6,0.0,0.4,3.4,22.5,4:40,ENE
2008,12,27,-1.7,-0.8,14:00,-2.4,23:40,20.0,0.0,0.0,1.3,11.3,15:40,S
2008,12,28,-2.1,0.6,15:10,-8.9,00:00,20.4,0.0,1.4,1.8,9.7,12:00,S
2008,12,29,-1.8,2.6,14:30,-8.8,0:10,20.2,0.0,1.2,4.0,29.0,19:20,S
2008,12,30,-3.5,0.2,14:00,-9.0,23:40,21.8,0.0,0.2,5.6,27.4,1:00,ENE
2008,12,31,-7.7,-1.7,16:10,-11.2,2:40,26.0,0.0,0.0,2.3,8.0,3:10,SSE
2009,1,1,-5.0,1.9,16:20,-12.6,4:40,23.3,0.0,0.0,1.3,9.7,13:40,ESE
2009,1,2,1.3,6.2,15:20,-1.9,1:20,17.1,0.0,4.0,1.0,8.0,7:10,SSE
2009,1,3,0.8,2.8,13:10,-0.8,0:10,17.5,0.0,3.6,3.7,22.5,16:50,E
2009,1,4,0.2,1.5,13:00,-0.9,6:30,18.2,0.0,1.4,0.8,11.3,0:30,E
2009,1,5,-0.5,0.6,14:50,-1.2,7:40,18.8,0.0,0.2,1.4,14.5,10:30,S
2009,1,6,0.2,1.9,16:10,-1.1,0:10,18.1,0.0,0.0,0.8,8.0,7:10,S
2009,1,7,1.2,2.4,15:30,0.4,0:10,17.1,0.0,2.8,0.5,6.4,7:00,E
2009,1,8,2.0,3.5,16:50,0.9,3:00,16.3,0.0,3.2,0.2,4.8,11:40,W
2009,1,9,2.0,2.6,15:40,1.3,8:10,16.3,0.0,0.8,1.1,16.1,1:50,WSW
2009,1,10,2.2,3.3,14:10,1.2,1:40,16.1,0.0,0.0,0.6,9.7,21:50,WSW
2009,1,11,1.7,4.2,15:00,-1.2,8:30,16.7,0.0,0.2,2.7,14.5,10:20,E
2009,1,12,1.5,4.3,13:40,-1.1,23:30,16.8,0.0,0.0,2.9,17.7,12:20,ENE
2009,1,13,0.6,1.9,15:10,-1.4,1:10,17.7,0.0,5.6,1.4,9.7,17:10,ENE
2009,1,14,1.9,4.1,14:50,0.6,4:10,16.4,0.0,13.0,1.3,14.5,14:00,ENE
2009,1,15,4.9,7.2,15:50,2.8,0:10,13.4,0.0,0.4,1.1,11.3,9:50,W
2009,1,16,4.6,7.3,15:30,2.4,9:40,13.7,0.0,0.0,2.1,17.7,23:40,E
2009,1,17,3.6,8.9,16:20,-1.0,00:00,14.8,0.0,0.0,4.5,17.7,2:00,E
2009,1,18,2.9,10.6,16:00,-2.1,1:30,15.4,0.0,0.0,3.9,25.7,15:50,E
2009,1,19,4.3,12.3,14:20,-0.7,2:10,14.0,0.0,0.0,2.9,24.1,14:50,WNW
2009,1,20,5.1,10.6,15:20,-1.2,8:40,13.3,0.0,0.0,1.6,11.3,1:20,ENE
2009,1,21,7.4,9.3,22:00,6.1,7:10,10.9,0.0,11.0,1.3,11.3,22:30,NE
2009,1,22,10.0,12.3,14:30,8.3,20:50,5.9,0.0,2.6,2.4,20.9,5:00,SW
2009,1,23,7.6,11.4,3:30,2.9,00:00,9.7,0.0,17.6,4.3,27.4,3:10,E
2009,1,24,8.5,12.1,16:00,3.0,0:10,6.0,0.0,0.2,1.3,17.7,21:40,WNW
2009,1,25,7.9,11.9,13:00,2.4,23:40,8.6,0.0,3.8,2.7,20.9,15:30,WSW
2009,1,26,5.6,11.9,13:10,1.1,7:00,12.8,0.0,0.0,3.9,38.6,14:00,WNW
2009,1,27,4.8,7.3,15:10,1.2,0:30,13.5,0.0,16.8,2.4,16.1,12:50,ENE
2009,1,28,5.4,9.4,15:00,1.3,00:00,12.9,0.0,0.2,2.1,9.7,4:10,WNW
2009,1,29,4.3,10.2,15:00,-1.0,8:20,14.1,0.0,4.4,2.3,25.7,21:00,WNW
2009,1,30,4.8,7.1,16:20,2.4,5:20,13.5,0.0,0.2,4.0,24.1,22:30,ENE
2009,1,31,1.8,4.2,0:10,0.7,6:00,16.6,0.0,7.8,1.9,16.1,0:10,S
2009,2,1,3.0,4.1,17:00,1.9,2:40,15.3,0.0,1.2,1.0,14.5,23:30,SSW
2009,2,2,4.1,5.6,23:50,2.9,6:20,14.3,0.0,3.2,2.9,25.7,0:30,NE
2009,2,3,6.9,8.4,19:40,5.3,1:00,11.4,0.0,0.2,2.4,17.7,19:30,SW
2009,2,4,8.7,11.8,14:40,5.9,6:10,9.6,0.0,2.4,3.5,20.9,13:10,NW
2009,2,5,7.7,13.8,15:20,2.3,23:50,10.7,0.0,0.2,3.2,22.5,15:20,WNW
2009,2,6,5.3,10.8,16:20,0.3,6:10,13.0,0.0,1.4,1.1,16.1,11:00,ENE
2009,2,7,7.9,13.4,17:20,3.7,0:30,10.4,0.0,0.0,4.8,38.6,19:00,ENE
2009,2,8,8.7,12.8,13:20,4.6,00:00,9.6,0.0,2.8,10.1,38.6,5:10,SW
2009,2,9,5.2,10.8,15:20,-0.4,5:20,13.1,0.0,0.0,6.1,30.6,18:30,W
2009,2,10,6.7,10.4,15:00,2.6,8:00,11.6,0.0,0.0,8.9,32.2,14:40,WNW
2009,2,11,4.8,8.7,13:40,1.3,6:00,13.6,0.0,10.2,2.3,25.7,13:30,SE
2009,2,12,3.7,7.8,15:30,0.8,0:50,14.6,0.0,0.2,6.0,33.8,17:40,S
2009,2,13,2.1,5.4,15:10,0.3,6:00,16.2,0.0,0.0,6.8,29.0,18:00,E
2009,2,14,0.2,2.8,15:00,-1.6,7:50,18.1,0.0,0.0,6.0,22.5,10:10,E
2009,2,15,-0.6,2.4,13:50,-3.1,6:20,18.9,0.0,0.0,4.5,30.6,16:10,E
2009,2,16,0.2,3.8,15:50,-3.6,5:40,18.1,0.0,0.0,5.3,25.7,10:50,E
2009,2,17,0.4,6.7,15:10,-6.2,6:10,17.9,0.0,0.0,5.8,30.6,14:50,ENE
2009,2,18,2.8,5.7,17:40,0.3,9:30,15.6,0.0,1.8,4.3,33.8,19:10,S
2009,2,19,3.0,6.3,13:50,-1.3,23:00,15.3,0.0,0.8,8.0,30.6,3:10,W
2009,2,20,0.3,3.0,16:00,-1.7,5:50,18.0,0.0,0.0,18.3,53.1,11:50,NNW
2009,2,21,0.2,5.3,14:50,-4.3,7:40,18.1,0.0,0.0,5.6,30.6,16:20,NE
2009,2,22,-1.1,2.5,14:30,-4.9,4:40,19.4,0.0,0.0,7.9,29.0,15:30,ENE
2009,2,23,-0.2,4.9,16:30,-5.3,7:30,18.6,0.0,0.0,3.7,19.3,0:10,WNW
2009,2,24,-0.1,6.5,15:10,-6.0,7:50,18.4,0.0,0.0,2.7,16.1,14:50,S
2009,2,25,1.1,6.6,14:00,-4.5,5:50,17.3,0.0,0.0,6.0,32.2,15:00,E
2009,2,26,1.5,7.7,16:10,-3.2,23:40,16.9,0.0,0.0,4.8,30.6,14:30,NW
2009,2,27,2.3,10.6,15:20,-6.1,5:50,16.1,0.0,0.0,4.0,24.1,15:10,E
2009,2,28,3.4,11.0,15:20,-4.1,7:20,14.9,0.0,0.0,4.2,25.7,15:30,ENE
2009,3,1,5.6,15.2,15:40,-4.2,7:40,12.7,0.0,0.0,3.2,29.0,18:30,WNW
2009,3,2,8.1,13.4,13:20,1.9,8:20,10.3,0.0,0.0,2.4,19.3,19:10,WNW
2009,3,3,8.2,14.3,15:00,2.9,8:10,10.2,0.0,0.2,2.9,19.3,15:30,W
2009,3,4,7.3,14.9,15:30,0.9,7:10,11.0,0.0,0.0,5.0,38.6,19:10,S
2009,3,5,10.5,13.7,17:10,7.7,00:00,7.8,0.0,12.6,12.9,46.7,11:00,SSE
2009,3,6,6.3,10.8,12:40,2.3,7:00,12.0,0.0,19.4,6.8,45.1,14:10,S
2009,3,7,5.4,8.4,17:10,2.6,5:40,12.9,0.0,1.0,3.2,24.1,2:10,WNW
2009,3,8,5.4,11.3,14:00,-0.5,7:10,12.9,0.0,0.0,3.4,25.7,12:20,ENE
2009,3,9,6.6,13.8,14:20,-1.2,7:20,11.7,0.0,0.0,7.2,46.7,17:00,WNW
2009,3,10,6.4,9.2,15:40,1.6,22:30,11.9,0.0,5.4,15.1,53.1,5:20,NW
2009,3,11,3.1,8.5,14:20,-0.7,2:20,15.3,0.0,0.6,3.5,29.0,14:40,S
2009,3,12,4.6,7.2,14:20,2.8,2:30,13.7,0.0,0.0,5.3,29.0,15:20,E
2009,3,13,5.5,11.4,16:20,-1.3,7:40,12.8,0.0,0.0,7.6,33.8,17:30,WNW
2009,3,14,6.8,11.0,15:50,2.3,7:10,11.3,0.0,0.0,7.2,35.4,11:20,NW
2009,3,15,5.2,13.9,16:10,-2.6,7:20,13.1,0.0,0.0,2.4,16.1,17:50,ENE
2009,3,16,6.9,14.3,15:50,-0.8,4:40,11.4,0.0,0.0,3.5,24.1,17:50,ENE
2009,3,17,7.4,10.6,15:20,3.9,6:10,10.9,0.0,0.0,5.8,27.4,11:20,ENE
2009,3,18,3.3,10.4,13:30,-1.1,21:50,15.0,0.0,1.6,4.0,37.0,14:00,SSE
2009,3,19,4.1,9.3,16:00,-2.9,3:00,14.3,0.0,0.0,8.5,37.0,12:40,NW
2009,3,20,2.0,4.7,19:50,0.2,7:40,16.3,0.0,7.6,4.7,37.0,22:30,ENE
2009,3,21,1.7,3.7,14:20,0.7,2:20,16.7,0.0,18.4,7.2,33.8,15:30,ENE
2009,3,22,2.6,4.7,11:20,0.9,4:00,15.7,0.0,3.8,3.4,22.5,14:20,SSE
2009,3,23,4.8,9.3,16:10,1.9,1:00,13.6,0.0,0.0,7.6,29.0,5:10,W
2009,3,24,5.7,12.2,14:30,-2.1,7:00,12.6,0.0,0.0,6.8,30.6,19:20,SW
2009,3,25,6.4,9.4,9:50,2.3,23:20,11.9,0.0,3.0,7.7,35.4,10:20,E
2009,3,26,4.7,9.3,13:30,-0.1,00:00,13.7,0.0,0.0,5.1,30.6,12:10,W
2009,3,27,5.2,12.4,16:10,-2.5,6:00,13.1,0.0,0.2,4.5,25.7,17:20,ENE
2009,3,28,7.9,16.5,16:20,-1.5,6:40,10.4,0.0,0.0,3.7,25.7,19:40,WNW
2009,3,29,11.1,18.3,16:50,6.2,6:50,7.0,0.0,0.0,4.2,35.4,17:40,ENE
2009,3,30,14.0,21.8,16:00,7.9,4:10,4.9,0.6,0.0,4.2,22.5,19:00,S
2009,3,31,14.1,20.2,17:20,8.8,7:30,4.4,0.1,0.0,1.8,14.5,11:10,WNW
2009,4,1,13.4,19.6,15:40,7.7,5:40,5.0,0.1,0.0,3.7,32.2,16:00,ENE
2009,4,2,14.1,21.2,15:30,8.6,3:00,4.6,0.3,0.0,4.2,30.6,19:00,S
2009,4,3,10.3,14.4,0:10,9.3,12:10,8.0,0.0,8.8,4.8,29.0,1:20,S
2009,4,4,11.9,17.7,17:00,7.5,9:00,6.4,0.0,0.0,3.4,29.0,20:00,WNW
2009,4,5,10.7,19.4,16:10,1.5,7:40,7.7,0.1,0.0,5.6,33.8,15:40,E
2009,4,6,10.6,15.3,13:40,6.1,7:30,7.8,0.0,0.0,3.7,29.0,15:20,E
2009,4,7,12.4,19.4,17:50,4.3,7:50,5.9,0.1,0.0,2.9,19.3,19:00,E
2009,4,8,11.3,20.3,15:50,2.1,7:40,7.2,0.2,0.2,4.0,27.4,21:00,ENE
2009,4,9,11.9,20.3,16:20,3.4,7:30,6.6,0.1,0.0,3.2,27.4,18:20,E
2009,4,10,10.8,18.9,15:40,1.8,7:10,7.6,0.0,0.0,2.9,30.6,17:50,WNW
2009,4,11,10.8,19.1,15:30,3.4,5:40,7.6,0.0,0.0,3.7,37.0,13:40,E
2009,4,12,10.1,16.9,16:30,2.8,7:30,8.2,0.0,0.0,7.2,35.4,17:40,S
2009,4,13,7.9,10.1,0:10,6.9,10:20,10.4,0.0,8.4,4.7,22.5,0:10,S
2009,4,14,8.9,12.9,16:20,6.7,7:10,9.4,0.0,6.4,3.7,25.7,0:10,ENE
2009,4,15,11.1,16.1,15:50,6.4,6:10,7.3,0.0,0.0,3.7,25.7,15:30,E
2009,4,16,11.8,21.1,17:00,2.1,7:50,7.0,0.4,0.0,2.1,14.5,22:20,ENE
2009,4,17,13.7,22.9,16:00,3.3,7:00,5.5,0.9,0.0,3.5,19.3,17:10,WNW
2009,4,18,13.9,22.9,15:10,5.8,6:50,5.0,0.7,3.2,3.5,27.4,17:10,E
2009,4,19,14.2,20.6,18:30,8.6,4:00,4.3,0.2,0.0,1.8,16.1,12:40,NNW
2009,4,20,14.2,18.9,17:10,10.5,7:50,4.2,0.0,3.8,4.5,24.1,15:20,ENE
2009,4,21,12.2,14.6,17:50,10.6,7:20,6.1,0.0,2.8,3.7,24.1,18:10,E
2009,4,22,10.8,12.6,0:10,8.4,22:30,7.5,0.0,4.2,8.7,30.6,17:20,ENE
2009,4,23,8.8,10.1,17:00,7.7,5:50,9.6,0.0,0.0,3.2,20.9,9:40,S
2009,4,24,10.3,15.6,17:50,6.7,6:40,8.0,0.0,0.0,1.9,19.3,11:30,S
2009,4,25,11.3,19.7,15:40,2.3,7:10,7.2,0.1,0.0,2.4,16.1,17:30,SSE
2009,4,26,11.1,17.6,15:50,5.3,6:00,7.2,0.0,0.2,5.6,32.2,16:20,ENE
2009,4,27,11.2,15.3,16:00,8.6,7:30,7.2,0.0,0.2,7.2,32.2,20:30,S
2009,4,28,8.6,10.8,0:10,6.9,7:30,9.8,0.0,10.4,1.6,22.5,1:50,ENE
2009,4,29,10.8,16.6,16:10,7.1,7:10,7.6,0.0,0.2,3.2,29.0,17:20,W
2009,4,30,12.0,18.1,16:50,6.2,2:50,6.3,0.0,0.2,4.7,30.6,18:00,WNW
2009,5,1,11.1,14.3,17:30,7.8,6:40,7.2,0.0,1.6,4.5,22.5,17:10,NNW
2009,5,2,12.1,18.8,15:30,7.3,6:00,6.3,0.0,9.6,3.4,24.1,18:20,S
2009,5,3,11.3,16.7,16:40,9.3,6:40,7.1,0.0,8.0,2.7,29.0,17:10,ENE
2009,5,4,11.4,16.3,14:00,7.3,7:10,6.9,0.0,1.2,2.3,30.6,16:10,S
2009,5,5,12.7,19.2,14:40,7.7,7:40,5.6,0.0,6.8,3.2,32.2,15:30,E
2009,5,6,13.1,19.4,17:50,6.7,6:30,5.3,0.0,0.6,3.2,29.0,19:30,E
2009,5,7,13.9,19.3,13:10,7.1,7:00,4.4,0.1,0.2,2.3,20.9,15:10,E
2009,5,8,14.6,22.9,17:30,5.2,6:40,4.7,1.0,0.0,1.9,11.3,1:30,NW
2009,5,9,16.1,24.8,15:50,6.5,6:30,3.9,1.6,0.0,1.1,14.5,14:40,ENE
2009,5,10,16.6,25.2,15:20,8.1,6:40,3.1,1.3,1.0,1.9,20.9,15:40,ENE
2009,5,11,16.2,24.8,14:50,8.4,6:40,3.6,1.4,2.0,2.3,32.2,18:50,E
2009,5,12,17.7,26.6,16:00,8.5,6:40,3.1,2.4,0.0,2.7,19.3,17:30,WNW
2009,5,13,18.6,27.9,15:20,8.1,6:50,2.8,3.1,0.0,2.3,24.1,17:20,WNW
2009,5,14,18.7,27.1,14:40,11.0,6:50,1.9,2.3,0.0,0.2,20.9,17:10,S
2009,5,15,18.6,26.5,17:10,10.8,5:40,2.2,2.4,0.0,1.1,24.1,18:30,S
2009,5,16,18.8,26.4,17:20,10.8,6:50,1.8,2.3,0.0,1.3,20.9,17:30,ENE
2009,5,17,19.0,24.9,16:10,13.7,6:00,1.3,2.1,0.0,4.0,35.4,18:40,SSE
2009,5,18,19.3,25.5,17:00,13.5,6:50,1.2,2.2,0.0,3.9,22.5,13:40,S
2009,5,19,20.0,26.7,16:00,13.3,6:20,1.2,2.8,0.0,2.7,32.2,2:50,E
2009,5,20,19.2,26.8,16:30,11.9,6:40,1.8,2.7,0.0,3.5,25.7,14:00,S
2009,5,21,19.3,26.8,15:30,12.1,6:40,1.9,2.8,0.0,3.2,27.4,15:10,S
2009,5,22,19.8,27.7,16:50,10.7,6:20,1.8,3.3,0.0,1.6,11.3,0:40,NW
2009,5,23,21.1,29.4,16:00,11.6,6:30,1.6,4.3,0.0,1.4,17.7,17:30,ENE
2009,5,24,21.8,31.2,16:40,10.9,6:40,1.6,5.1,0.0,2.4,46.7,21:20,ENE
2009,5,25,20.7,30.0,15:20,12.3,6:20,1.1,3.4,0.0,4.0,40.2,19:00,E
2009,5,26,20.7,28.3,16:00,13.1,6:10,1.2,3.6,0.0,2.4,22.5,17:20,ENE
2009,5,27,19.2,26.1,15:20,13.2,6:40,1.3,2.2,5.4,4.0,27.4,18:10,S
2009,5,28,17.9,24.9,15:00,13.4,7:10,1.8,1.5,7.8,3.1,32.2,19:40,SW
2009,5,29,15.3,22.6,14:40,11.9,4:00,3.3,0.3,16.8,5.6,41.8,15:10,E
2009,5,30,16.3,21.8,16:00,12.3,00:00,2.7,0.6,0.8,5.1,29.0,17:20,WNW
2009,5,31,16.2,24.2,17:00,7.4,6:20,3.6,1.4,0.0,3.2,19.3,22:50,SSE
2009,6,1,18.9,22.4,14:00,16.4,6:20,0.6,1.1,1.0,1.9,17.7,12:40,S
2009,6,2,20.1,26.8,15:40,14.6,5:00,0.9,2.6,0.0,5.1,38.6,14:40,WSW
2009,6,3,15.7,20.7,13:20,12.0,5:00,2.8,0.1,7.4,1.8,19.3,16:50,ENE
2009,6,4,17.4,23.9,17:20,11.4,6:10,2.4,1.4,2.8,2.4,20.9,19:20,S
2009,6,5,19.7,26.1,16:00,12.9,6:40,1.5,2.9,0.0,1.9,16.1,16:30,S
2009,6,6,20.4,29.6,17:00,11.6,7:00,1.8,3.8,0.0,1.0,8.0,3:40,NW
2009,6,7,22.0,31.6,15:40,12.7,6:50,1.3,4.9,0.0,1.6,16.1,20:20,S
2009,6,8,22.5,31.0,17:30,12.5,6:40,0.8,5.0,0.0,1.4,22.5,8:40,WNW
2009,6,9,22.6,30.9,17:50,13.1,6:50,0.9,5.2,0.0,1.3,9.7,20:50,E
2009,6,10,23.2,32.3,15:50,14.3,6:50,0.6,5.4,0.0,0.6,14.5,17:40,NW
2009,6,11,23.2,31.8,14:50,13.3,6:10,0.8,5.7,0.0,2.3,19.3,17:40,WNW
2009,6,12,21.7,27.6,15:10,13.2,6:40,0.7,4.1,0.0,3.9,25.7,19:40,ENE
2009,6,13,20.4,25.3,17:00,16.7,6:50,0.2,2.3,0.0,3.7,22.5,10:10,ENE
2009,6,14,19.2,26.4,16:20,10.4,6:40,2.1,2.9,0.0,2.7,20.9,18:30,ENE
2009,6,15,20.0,28.6,17:20,9.1,6:50,2.1,3.7,0.0,1.6,9.7,12:40,ENE
2009,6,16,21.5,31.2,16:50,10.8,7:00,1.8,5.0,0.0,0.6,6.4,0:10,WNW
2009,6,17,23.0,33.0,16:10,13.1,6:40,0.9,5.6,1.0,2.6,22.5,16:50,E
2009,6,18,19.9,25.1,14:20,16.2,6:40,0.4,1.9,1.2,5.0,32.2,16:30,ENE
2009,6,19,19.3,26.0,17:10,13.2,4:50,1.4,2.4,0.2,1.6,22.5,18:40,ESE
2009,6,20,19.5,28.8,14:40,14.7,6:40,1.2,2.3,3.4,2.4,33.8,17:20,S
2009,6,21,17.4,24.4,14:10,11.3,6:40,2.1,1.2,1.0,2.1,33.8,17:10,E
2009,6,22,17.4,22.9,15:40,13.5,6:00,1.8,0.8,16.6,5.0,32.2,17:00,WNW
2009,6,23,16.2,21.9,16:00,10.2,6:30,2.8,0.7,0.0,2.4,29.0,16:00,S
2009,6,24,14.6,18.1,14:50,12.4,3:00,3.8,0.0,8.0,2.6,19.3,15:10,S
2009,6,25,16.8,23.0,16:30,10.7,6:40,2.4,0.9,0.0,3.7,32.2,17:40,W
2009,6,26,17.6,24.4,14:10,10.3,6:40,2.3,1.6,0.6,2.3,24.1,18:50,WNW
2009,6,27,19.1,24.6,16:20,14.4,3:50,1.1,1.9,0.0,3.2,29.0,17:30,S
2009,6,28,18.3,26.1,15:10,12.6,6:40,1.5,1.5,0.0,1.6,22.5,15:50,E
2009,6,29,18.1,26.1,16:20,12.4,5:00,2.0,1.7,0.0,1.8,27.4,17:30,S
2009,6,30,17.7,24.7,12:30,14.4,4:50,1.5,0.8,25.8,2.6,32.2,16:00,E
2009,7,1,18.4,25.4,14:50,14.8,2:50,1.3,1.4,2.4,2.4,27.4,16:30,S
2009,7,2,18.9,26.9,14:30,12.8,6:10,1.6,2.2,3.4,1.6,25.7,14:50,NW
2009,7,3,20.8,28.6,17:50,13.4,6:20,1.1,3.6,0.0,2.3,32.2,18:10,NW
2009,7,4,21.8,28.2,18:20,15.5,6:00,0.5,4.0,0.0,2.3,32.2,19:20,W
2009,7,5,21.4,28.0,16:00,16.4,6:10,0.3,3.4,0.0,1.8,27.4,17:20,E
2009,7,6,20.2,27.7,13:20,14.8,6:40,0.7,2.5,4.6,2.6,37.0,14:50,ENE
2009,7,7,21.7,29.1,17:50,14.2,6:10,0.9,4.3,0.2,2.3,30.6,15:10,W
2009,7,8,23.5,31.3,15:20,14.7,6:10,0.6,5.7,0.0,2.7,20.9,20:00,W
2009,7,9,23.7,31.2,15:20,15.1,6:50,0.5,5.8,0.0,2.3,24.1,20:10,WNW
2009,7,10,22.7,29.4,16:30,14.2,6:50,0.7,5.1,0.0,2.3,19.3,20:10,NW
2009,7,11,21.3,27.0,15:20,14.4,6:30,0.7,3.6,0.0,5.3,33.8,13:30,WNW
2009,7,12,20.0,25.7,17:20,14.8,3:00,0.7,2.4,0.0,4.0,25.7,17:00,E
2009,7,13,19.7,27.6,18:00,9.7,5:00,2.1,3.4,0.0,2.1,20.9,18:30,E
2009,7,14,21.8,29.6,17:40,13.2,6:50,1.2,4.7,0.0,3.1,24.1,18:20,ENE
2009,7,15,23.6,32.8,16:50,12.8,6:40,0.9,6.2,0.0,1.8,19.3,17:40,E
2009,7,16,25.1,33.6,16:00,15.2,6:50,0.3,7.1,0.0,2.3,27.4,15:50,E
2009,7,17,26.2,32.6,16:30,19.0,6:50,0.0,7.9,0.0,1.1,16.1,16:30,S
2009,7,18,25.8,33.2,17:30,17.8,7:00,0.0,7.5,0.0,1.6,16.1,19:30,WNW
2009,7,19,23.9,29.7,17:00,16.1,6:50,0.2,5.7,0.0,3.7,24.1,15:50,W
2009,7,20,23.0,29.2,17:10,17.1,6:50,0.1,4.8,0.0,3.4,24.1,17:40,ENE
2009,7,21,22.6,29.6,17:40,14.1,6:50,0.7,4.9,0.0,2.4,20.9,22:10,WNW
2009,7,22,22.8,30.6,16:40,14.6,5:20,0.7,5.1,0.0,1.9,16.1,16:10,ENE
2009,7,23,23.3,32.1,19:10,13.4,7:00,0.8,5.8,0.0,0.6,8.0,2:50,E
2009,7,24,25.5,36.9,17:10,14.2,6:20,0.7,7.8,0.0,0.6,9.7,22:20,E
2009,7,25,26.9,36.8,14:50,15.2,6:40,0.3,8.9,0.0,3.4,30.6,15:30,WNW
2009,7,26,24.2,29.3,16:30,16.9,5:00,0.0,5.9,0.0,5.5,35.4,12:00,E
2009,7,27,22.5,28.8,17:50,15.5,7:50,0.3,4.4,0.0,2.7,19.3,2:40,ENE
2009,7,28,22.4,29.9,17:50,14.5,5:40,0.8,4.8,0.4,2.1,20.9,22:20,ENE
2009,7,29,23.5,31.3,17:10,14.8,7:10,0.6,5.7,0.0,2.1,20.9,16:30,ENE
2009,7,30,23.7,30.0,17:30,16.2,6:50,0.2,5.6,0.0,1.6,11.3,19:40,SSW
2009,7,31,24.2,30.8,16:40,17.9,6:40,0.0,5.9,0.0,1.8,17.7,15:20,ENE
2009,8,1,23.9,30.9,17:10,17.1,7:30,0.1,5.6,0.0,2.1,14.5,22:50,S
2009,8,2,24.1,32.3,16:30,15.3,5:50,0.4,6.2,0.0,0.5,16.1,20:00,WNW
2009,8,3,24.6,32.6,16:00,16.5,7:20,0.2,6.4,0.0,0.8,12.9,17:40,NW
2009,8,4,23.9,33.1,14:50,15.4,6:30,0.3,5.8,0.2,1.9,25.7,16:30,SSE
2009,8,5,22.5,31.7,17:00,15.1,7:00,0.4,4.6,,3.1,38.6,19:00,E
2009,8,6,20.9,26.9,17:10,14.8,7:30,0.6,3.2,0.0,2.3,20.9,19:00,ENE
2009,8,7,21.1,26.5,17:00,15.5,6:10,0.6,3.3,,5.1,30.6,14:20,ENE
2009,8,8,21.4,28.7,16:10,15.1,7:20,0.4,3.5,10.4,2.7,37.0,16:10,WNW
2009,8,9,20.1,26.3,15:30,17.1,23:30,0.2,1.9,13.2,1.8,17.7,14:40,S
2009,8,10,20.7,27.8,17:30,14.6,7:10,1.0,3.4,0.0,2.1,20.9,21:10,ENE
2009,8,11,20.3,26.8,15:00,16.0,6:40,0.5,2.4,1.6,1.4,17.7,21:00,SSE
2009,8,12,20.2,25.6,15:30,16.9,6:20,0.4,2.2,0.0,1.8,25.7,17:50,ENE
2009,8,13,20.6,27.6,17:00,13.6,6:40,1.2,3.4,0.0,1.9,14.5,18:20,ENE
2009,8,14,20.2,25.6,13:30,16.8,7:10,0.3,2.2,0.0,0.8,17.7,15:00,W
2009,8,15,20.8,27.7,15:40,13.7,7:10,1.0,3.5,0.0,2.1,30.6,16:30,ENE
2009,8,16,21.6,28.1,16:10,14.9,7:10,0.6,3.8,0.0,2.6,19.3,15:00,E
2009,8,17,21.9,29.2,17:10,14.4,6:40,0.8,4.3,0.0,1.4,11.3,19:20,E
2009,8,18,22.6,29.9,15:50,15.4,5:40,0.4,4.7,0.0,2.4,24.1,17:00,ENE
2009,8,19,22.8,29.7,16:50,14.5,7:00,0.6,5.2,0.0,2.3,22.5,15:40,N
2009,8,20,24.1,29.7,15:50,17.7,7:40,0.0,5.7,0.0,3.2,25.7,13:20,ENE
2009,8,21,22.0,28.8,16:10,15.2,5:00,0.7,4.4,0.0,1.3,12.9,13:50,NW
2009,8,22,22.7,30.7,16:50,15.8,7:20,0.4,4.8,0.0,2.3,20.9,17:30,SSE
2009,8,23,22.0,29.5,17:20,15.4,7:30,0.5,4.2,0.0,1.9,22.5,17:10,ENE
2009,8,24,19.3,27.3,16:10,14.4,6:40,1.3,2.3,,1.1,35.4,18:30,ENE
2009,8,25,18.9,25.3,17:00,14.2,3:30,1.5,2.1,,2.7,19.3,17:20,ENE
2009,8,26,19.9,32.6,16:30,12.5,7:30,1.7,3.3,,0.0,3.2,1:10,E
2009,8,27,20.6,29.2,17:20,13.0,6:40,1.4,3.7,0.0,0.2,11.3,17:00,SSE
2009,8,28,20.9,29.9,15:50,11.6,7:00,1.4,4.1,0.0,0.5,17.7,16:40,ENE
2009,8,29,20.7,29.8,15:40,13.8,6:40,0.9,3.3,0.2,0.8,20.9,19:10,ENE
2009,8,30,20.7,29.3,15:50,15.1,4:40,0.8,3.1,0.0,1.6,24.1,16:30,WNW
2009,8,31,20.8,27.7,15:10,15.9,6:20,0.7,3.2,0.0,2.3,27.4,15:30,ENE
2009,9,1,21.5,27.9,17:30,15.3,6:30,0.5,3.6,0.0,0.2,14.5,23:00,SSE
2009,9,2,21.1,30.0,16:50,14.3,7:30,1.0,3.7,0.0,1.3,20.9,18:20,W
2009,9,3,20.4,30.1,15:40,10.9,7:10,1.9,3.9,0.0,0.2,9.7,22:40,E
2009,9,4,21.5,31.1,16:50,11.5,7:30,1.3,4.6,0.0,0.0,8.0,0:10,ENE
2009,9,5,22.4,31.8,16:40,13.2,7:00,0.9,5.0,0.0,0.0,1.6,2:30,ESE
2009,9,6,19.6,24.3,12:20,15.9,00:00,0.4,1.6,0.0,5.0,37.0,16:30,ENE
2009,9,7,16.7,21.3,14:00,12.3,7:40,1.9,0.3,0.0,4.5,30.6,17:10,ESE
2009,9,8,17.0,21.7,16:30,12.3,7:20,1.9,0.6,0.0,4.3,27.4,13:10,ENE
2009,9,9,17.7,23.5,15:00,10.8,5:40,1.9,1.2,0.0,3.4,20.9,15:30,ENE
2009,9,10,17.3,24.7,16:20,10.3,7:10,2.2,1.2,0.0,0.6,20.9,18:00,SSE
2009,9,11,17.8,23.8,14:40,12.7,8:10,1.8,1.3,0.0,3.4,22.5,12:50,E
2009,9,12,16.2,17.5,11:40,14.3,23:50,2.1,0.0,1.8,0.8,12.9,16:40,ENE
2009,9,13,16.2,22.4,15:20,11.5,7:10,2.7,0.6,0.0,0.5,37.0,17:50,S
2009,9,14,17.1,22.6,14:40,13.4,1:20,1.9,0.7,0.0,2.9,25.7,17:20,E
2009,9,15,19.6,24.8,17:30,14.3,7:00,0.8,2.0,12.2,1.4,17.7,21:20,E
2009,9,16,19.3,24.6,16:10,14.6,5:30,1.0,1.9,3.4,2.3,19.3,21:20,S
2009,9,17,19.1,23.1,16:40,14.9,23:40,0.7,1.4,5.6,2.4,24.1,19:30,NW
2009,9,18,18.1,24.7,16:10,11.7,6:00,2.1,1.8,0.0,1.4,19.3,18:50,E
2009,9,19,18.3,24.2,15:00,14.2,7:20,1.2,1.1,0.2,4.0,25.7,16:50,ENE
2009,9,20,16.7,21.4,15:00,13.6,23:20,1.9,0.3,3.4,2.6,32.2,17:50,S
2009,9,21,15.8,20.7,15:10,12.7,0:30,2.8,0.3,0.0,1.9,19.3,12:00,S
2009,9,22,15.7,20.1,17:30,11.4,8:00,2.9,0.2,0.0,1.4,16.1,13:10,S
2009,9,23,14.6,21.9,17:10,8.3,7:50,4.3,0.6,0.0,1.4,11.3,1:40,S
2009,9,24,15.5,21.6,15:20,10.1,7:10,3.4,0.6,0.0,1.1,17.7,20:30,S
2009,9,25,16.9,21.7,15:00,12.6,7:50,2.0,0.6,0.0,2.1,19.3,16:10,S
2009,9,26,16.4,19.9,15:20,13.8,6:30,2.2,0.3,0.0,1.8,24.1,13:50,S
2009,9,27,14.3,18.0,16:10,10.8,3:10,4.0,0.0,0.0,0.6,19.3,7:50,ESE
2009,9,28,13.7,20.2,16:40,7.5,7:20,4.9,0.2,0.0,0.6,9.7,9:40,SSE
2009,9,29,14.4,23.3,17:20,6.7,7:20,4.8,0.9,0.0,0.6,12.9,20:20,WNW
2009,9,30,15.4,24.4,16:40,7.5,7:30,4.2,1.3,0.0,1.3,17.7,18:30,ENE
2009,10,1,16.0,24.0,15:20,7.7,6:00,3.8,1.4,0.0,1.9,17.7,16:40,S
2009,10,2,14.7,21.4,16:40,7.9,8:10,4.0,0.4,0.2,1.8,25.7,19:00,S
2009,10,3,15.5,19.6,16:10,13.1,5:10,2.9,0.1,10.0,3.2,24.1,20:00,E
2009,10,4,16.1,20.9,15:20,11.9,8:10,2.6,0.3,0.2,3.1,22.5,13:50,W
2009,10,5,15.7,22.4,16:00,8.1,7:50,3.4,0.8,0.0,0.8,12.9,18:20,S
2009,10,6,14.8,23.5,16:00,7.0,7:40,4.6,0.9,0.0,0.5,8.0,22:50,WNW
2009,10,7,14.6,23.1,15:40,6.8,7:50,4.7,0.9,0.0,0.5,8.0,15:30,ESE
2009,10,8,14.1,23.2,16:40,6.3,8:10,5.2,0.9,0.0,0.6,8.0,2:10,WNW
2009,10,9,14.2,24.8,16:50,5.3,7:40,5.3,1.2,0.0,0.3,6.4,0:30,E
2009,10,10,15.2,25.1,16:40,6.5,7:50,4.5,1.4,0.0,0.5,14.5,17:10,WNW
2009,10,11,15.1,23.7,15:50,7.4,7:50,4.3,1.1,0.0,0.0,11.3,13:50,SSE
2009,10,12,14.6,18.7,18:00,9.4,2:00,3.7,0.0,0.6,1.8,25.7,20:40,S
2009,10,13,13.4,17.4,5:40,8.1,22:30,4.9,0.0,0.6,11.9,43.5,14:50,W
2009,10,14,8.4,13.2,15:10,1.4,00:00,9.9,0.0,0.0,5.6,27.4,16:10,W
2009,10,15,5.8,12.8,14:50,-0.7,7:20,12.5,0.0,0.4,1.9,20.9,15:10,SSE
2009,10,16,9.6,13.9,16:50,7.2,1:20,8.7,0.0,0.0,1.6,19.3,19:10,SSE
2009,10,17,10.9,16.1,16:50,6.8,3:50,7.4,0.0,0.2,1.1,16.1,15:40,S
2009,10,18,10.6,13.2,19:00,7.0,2:50,7.8,0.0,0.0,1.6,19.3,19:50,S
2009,10,19,12.3,15.9,15:00,9.7,7:00,6.0,0.0,0.0,2.6,22.5,16:00,S
2009,10,20,10.5,15.6,15:20,5.9,7:40,7.8,0.0,0.0,2.4,20.9,17:00,S
2009,10,21,9.2,17.1,16:40,2.2,8:30,9.1,0.0,0.0,0.8,9.7,9:40,ESE
2009,10,22,9.4,16.8,17:20,2.9,7:50,8.9,0.0,0.0,0.6,9.7,1:10,ENE
2009,10,23,12.2,15.0,15:30,8.6,0:10,6.2,0.0,0.0,1.4,17.7,22:20,ENE
2009,10,24,13.3,16.0,15:40,11.2,8:20,5.0,0.0,,2.4,24.1,22:10,SSW
2009,10,25,14.3,15.7,14:10,12.6,6:00,4.1,0.0,,8.7,33.8,1:30,E
2009,10,26,14.8,17.4,14:10,12.7,2:30,3.5,0.0,,6.6,29.0,7:10,E
2009,10,27,15.4,19.3,14:30,10.8,7:40,2.9,0.1,,2.4,19.3,19:50,S
2009,10,28,12.7,17.1,13:40,5.2,23:20,5.6,0.0,,3.9,27.4,15:40,E
2009,10,29,8.1,14.7,16:10,2.1,6:10,10.3,0.0,,1.1,12.9,18:50,E
2009,10,30,8.1,12.7,12:50,3.6,4:50,10.3,0.0,,1.6,22.5,23:40,E
2009,10,31,6.3,9.4,13:00,3.4,7:20,12.1,0.0,,7.1,29.0,4:00,ENE
2009,11,1,4.8,10.0,13:30,-0.6,23:20,13.6,0.0,,2.9,19.3,17:10,ENE
2009,11,2,2.3,8.5,15:00,-3.0,5:40,16.0,0.0,,0.8,8.0,4:00,ESE
2009,11,3,3.3,4.4,7:20,0.9,12:30,15.1,0.0,,1.3,16.1,11:30,E
2009,11,4,7.3,12.5,16:30,3.7,0:50,11.1,0.0,,2.6,17.7,19:20,W
2009,11,5,9.5,17.7,15:00,1.3,6:00,8.8,0.0,,2.7,24.1,14:20,S
2009,11,6,13.8,19.9,14:10,10.1,7:10,4.6,0.1,,3.4,33.8,14:20,S
2009,11,7,12.8,14.8,3:00,11.8,19:00,5.5,0.0,,1.8,14.5,2:10,NNW
2009,11,8,12.8,15.9,15:10,9.0,22:30,5.6,0.0,,1.1,22.5,19:30,S
2009,11,9,10.1,12.1,17:00,7.0,7:00,8.3,0.0,,0.2,14.5,19:50,ENE
2009,11,10,9.2,11.3,15:10,5.4,21:30,9.2,0.0,,3.7,29.0,2:20,SW
2009,11,11,8.1,12.1,15:40,4.3,2:20,10.2,0.0,,1.0,14.5,18:20,ENE
2009,11,12,7.6,12.7,16:00,2.3,6:50,10.7,0.0,,1.1,17.7,16:30,ENE
2009,11,13,6.2,14.9,15:00,0.9,7:40,12.2,0.0,,1.0,9.7,4:50,E
2009,11,14,4.6,13.0,14:50,-1.1,6:40,13.8,0.0,,0.5,6.4,5:10,ENE
2009,11,15,7.3,15.4,15:50,-0.6,4:20,11.0,0.0,,3.1,24.1,16:40,ENE
2009,11,16,10.0,17.7,15:40,4.6,5:30,8.3,0.0,,1.3,11.3,15:50,WNW
2009,11,17,8.7,18.0,14:30,2.1,7:20,9.6,0.0,,0.6,9.7,13:40,ENE
2009,11,18,8.4,18.6,16:20,0.6,7:20,9.9,0.0,,0.8,9.7,20:10,ENE
2009,11,19,7.8,18.0,16:00,1.8,6:20,10.5,0.0,,0.6,8.0,11:40,ENE
2009,11,20,6.0,15.4,15:10,-0.5,7:10,12.3,0.0,,0.8,6.4,11:00,ENE
2009,11,21,4.5,14.3,15:50,-2.6,7:20,13.8,0.0,,0.8,8.0,8:10,E
2009,11,22,5.8,16.2,14:50,-1.1,6:30,12.5,0.0,,0.6,6.4,3:20,ENE
2009,11,23,6.1,17.4,16:10,-1.1,7:20,12.3,0.0,,0.8,8.0,11:40,ENE
2009,11,24,7.1,15.3,15:40,-1.3,7:50,11.3,0.0,,1.0,9.7,14:10,E
2009,11,25,7.8,15.7,14:40,1.4,00:00,10.5,0.0,,1.8,12.9,3:30,E
2009,11,26,5.1,15.0,16:10,-0.8,6:30,13.3,0.0,,0.8,8.0,5:00,WNW
2009,11,27,4.8,13.8,16:10,-1.7,7:10,13.5,0.0,,0.5,8.0,14:10,WNW
2009,11,28,7.3,13.9,18:00,-0.6,7:40,11.0,0.0,,1.6,19.3,17:50,E
2009,11,29,8.0,14.7,14:00,1.2,00:00,10.3,0.0,,1.3,16.1,0:20,WNW
2009,11,30,3.5,7.8,15:30,-0.3,4:30,14.8,0.0,,0.3,11.3,20:20,ENE
2009,12,1,8.2,14.9,14:30,2.2,0:30,10.2,0.0,0.2,3.5,38.6,15:40,S
2009,12,2,10.2,13.3,15:00,7.3,7:30,8.2,0.0,0.0,5.1,30.6,19:30,ENE
2009,12,3,9.7,13.1,13:50,7.7,23:00,8.6,0.0,0.0,1.6,19.3,1:00,SSW
2009,12,4,7.6,12.7,15:30,3.5,23:50,10.7,0.0,0.0,1.3,17.7,14:40,S
2009,12,5,7.4,10.3,15:50,4.1,0:10,10.9,0.0,0.0,3.1,19.3,11:00,ENE
2009,12,6,7.3,12.3,14:10,2.5,8:40,11.1,0.0,0.0,1.8,12.9,18:20,W
2009,12,7,6.4,11.6,16:10,2.3,22:00,11.9,0.0,0.0,1.3,11.3,9:30,SSE
2009,12,8,4.3,6.6,15:30,0.5,8:10,14.0,0.0,0.0,1.0,11.3,22:00,SSE
2009,12,9,6.5,7.4,14:50,5.8,2:00,11.8,0.0,0.0,0.5,9.7,6:20,SE
2009,12,10,5.8,7.2,16:30,3.9,6:40,12.5,0.0,0.0,7.9,35.4,5:40,N
2009,12,11,5.4,7.7,13:20,3.5,8:00,12.9,0.0,0.0,3.7,22.5,0:20,E
2009,12,12,2.5,4.2,15:00,0.7,6:20,15.8,0.0,2.2,2.9,17.7,1:00,E
2009,12,13,2.3,4.1,13:50,0.4,4:20,16.0,0.0,2.4,1.0,11.3,15:40,S
2009,12,14,3.3,4.0,23:20,2.7,0:10,15.1,0.0,5.0,0.6,11.3,9:50,S
2009,12,15,5.7,7.7,16:20,4.0,0:10,12.6,0.0,3.8,2.1,25.7,12:30,NE
2009,12,16,5.7,9.7,15:00,3.2,5:20,12.6,0.0,2.0,0.6,14.5,00:00,W
2009,12,17,7.3,9.3,14:10,3.2,8:20,11.1,0.0,1.0,6.1,30.6,21:50,S
2009,12,18,5.6,8.3,15:00,3.7,18:50,12.8,0.0,0.4,5.6,41.8,15:10,W
2009,12,19,0.6,4.2,0:10,-2.4,8:10,17.7,0.0,12.4,1.4,24.1,1:50,NE
2009,12,20,3.4,6.0,15:50,1.1,0:10,14.9,0.0,19.2,4.7,24.1,21:40,W
2009,12,21,2.8,5.9,15:10,-0.9,00:00,15.6,0.0,0.0,6.6,30.6,3:00,WNW
2009,12,22,2.7,6.9,00:00,-1.3,0:10,15.7,0.0,0.0,0.6,9.7,1:20,ENE
2009,12,23,9.9,16.4,12:20,3.4,6:20,8.4,0.0,0.0,5.5,35.4,12:40,SW
2009,12,24,9.6,17.8,14:30,3.0,7:20,8.7,0.0,0.0,3.7,29.0,15:10,S
2009,12,25,13.4,18.2,13:00,9.6,0:40,4.9,0.0,10.0,5.8,35.4,11:00,S
2009,12,26,11.8,17.7,14:30,7.3,6:50,6.6,0.0,1.0,2.9,24.1,4:10,SW
2009,12,27,12.8,17.9,13:30,8.9,1:10,5.5,0.0,0.8,6.0,46.7,22:50,SW
2009,12,28,8.2,10.6,0:10,2.3,23:50,10.2,0.0,2.4,11.1,45.1,10:40,W
2009,12,29,5.4,11.1,14:20,2.3,0:30,12.9,0.0,0.0,1.1,11.3,14:40,ENE
2009,12,30,5.7,9.7,15:40,0.9,1:20,12.7,0.0,0.0,0.5,8.0,11:20,WNW
2009,12,31,7.3,15.6,15:20,0.5,8:10,11.0,0.0,0.0,1.3,14.5,20:50,WNW
2010,1,1,11.5,15.1,0:50,6.3,21:30,6.8,0.0,1.0,8.2,45.1,14:20,SW
2010,1,2,7.1,10.2,15:40,3.4,8:20,11.3,0.0,5.0,8.5,45.1,1:40,W
2010,1,3,4.4,7.2,13:20,2.2,23:40,13.9,0.0,0.4,10.6,38.6,16:30,W
2010,1,4,1.2,3.6,14:20,-2.3,5:50,17.1,0.0,0.0,2.4,20.9,2:50,NW
2010,1,5,1.0,2.7,16:20,-1.2,6:00,17.3,0.0,1.4,1.3,16.1,3:00,ENE
2010,1,6,7.6,14.8,15:50,1.3,4:10,10.8,0.0,0.4,4.2,27.4,16:50,ENE
2010,1,7,10.4,15.5,14:00,3.0,00:00,7.9,0.0,0.0,4.8,27.4,8:30,SW
2010,1,8,5.7,12.3,15:50,1.7,8:30,12.7,0.0,0.0,0.8,8.0,16:50,WNW
2010,1,9,7.8,14.3,12:50,2.0,7:00,10.5,0.0,4.4,4.0,43.5,13:20,S
2010,1,10,6.0,9.1,2:20,1.0,23:00,12.3,0.0,0.2,4.8,29.0,3:20,S
2010,1,11,4.6,8.8,13:10,-0.7,9:00,13.7,0.0,0.0,3.5,20.9,11:40,SW
2010,1,12,3.6,4.9,0:40,2.9,7:20,14.8,0.0,3.4,0.3,6.4,2:10,ENE
2010,1,13,3.0,6.2,16:20,-0.7,8:30,15.3,0.0,0.0,1.8,14.5,19:10,ENE
2010,1,14,3.8,4.8,15:50,2.9,7:20,14.6,0.0,1.2,0.8,12.9,7:30,E
2010,1,15,4.2,5.9,15:50,2.8,2:00,14.2,0.0,0.4,3.4,29.0,22:50,NE
2010,1,16,3.2,5.1,0:10,1.4,23:30,15.1,0.0,0.2,8.2,30.6,6:40,ENE
2010,1,17,2.2,3.3,15:20,1.1,6:00,16.1,0.0,0.2,0.6,8.0,10:30,SSW
2010,1,18,3.5,6.7,14:50,1.5,23:50,14.8,0.0,0.6,2.3,22.5,16:40,NE
2010,1,19,1.7,4.1,12:40,0.2,8:00,16.6,0.0,0.0,6.8,35.4,13:00,E
2010,1,20,0.6,4.5,16:00,-3.3,8:20,17.7,0.0,0.0,2.1,17.7,1:50,E
2010,1,21,0.3,4.3,15:50,-4.8,8:20,18.1,0.0,0.0,3.5,24.1,23:50,ENE
2010,1,22,1.1,2.3,13:50,-0.4,23:30,17.3,0.0,0.2,6.4,27.4,13:10,ENE
2010,1,23,-1.1,1.1,14:20,-2.4,8:10,19.4,0.0,0.2,4.8,24.1,4:10,NE
2010,1,24,-1.8,0.2,16:10,-2.8,5:10,20.1,0.0,0.0,3.5,19.3,18:10,E
2010,1,25,-1.5,0.0,15:00,-2.5,7:10,19.8,0.0,0.0,3.9,17.7,0:10,E
2010,1,26,-0.8,0.0,13:30,-1.4,0:10,19.2,0.0,0.0,3.5,20.9,13:10,S
2010,1,27,-0.4,0.5,14:40,-1.1,4:30,18.7,0.0,0.6,0.3,6.4,9:00,S
2010,1,28,0.2,1.4,16:50,-0.7,7:30,18.1,0.0,1.6,0.2,6.4,17:20,S
2010,1,29,2.0,3.9,16:20,0.4,0:50,16.3,0.0,3.4,0.6,8.0,11:30,ENE
2010,1,30,4.1,6.6,22:10,2.4,6:30,14.2,0.0,0.2,1.8,19.3,21:10,NW
2010,1,31,5.9,8.9,14:30,2.7,20:30,12.4,0.0,1.6,6.3,37.0,14:40,SW
2010,2,1,3.9,6.4,0:30,0.9,23:40,14.4,0.0,14.6,6.3,32.2,17:10,W
2010,2,2,0.3,3.4,13:40,-3.3,23:30,18.1,0.0,0.0,6.4,30.6,16:10,N
2010,2,3,-1.6,3.4,15:30,-7.2,8:10,19.9,0.0,0.0,4.3,29.0,16:10,W
2010,2,4,1.7,9.3,16:10,-4.3,1:00,16.6,0.0,0.0,1.8,11.3,18:40,E
2010,2,5,2.1,8.6,15:50,-4.5,8:00,16.2,0.0,0.0,3.4,29.0,19:00,S
2010,2,6,2.4,5.8,11:00,0.5,14:40,15.9,0.0,6.4,1.9,30.6,8:20,NNE
2010,2,7,1.7,3.4,23:40,0.7,10:50,16.7,0.0,8.2,1.0,11.3,23:20,S
2010,2,8,2.2,4.8,13:40,-2.0,00:00,16.1,0.0,0.2,5.8,27.4,13:20,N
2010,2,9,0.6,5.2,16:20,-4.7,7:40,17.8,0.0,0.0,2.1,16.1,20:30,S
2010,2,10,1.1,2.2,0:50,0.4,17:40,17.3,0.0,8.0,0.8,17.7,16:30,E
2010,2,11,2.6,7.0,16:20,0.7,23:30,15.8,0.0,9.2,0.8,14.5,15:40,SSE
2010,2,12,2.3,6.3,15:50,0.3,4:00,16.0,0.0,7.0,1.1,20.9,18:00,NE
2010,2,13,2.8,6.7,15:50,0.4,23:40,15.6,0.0,4.2,4.5,25.7,15:30,S
2010,2,14,0.3,1.9,10:00,-0.6,1:40,18.0,0.0,18.6,0.6,16.1,6:20,WSW
2010,2,15,3.2,7.5,13:10,-0.6,8:00,15.1,0.0,0.0,5.1,32.2,15:50,WNW
2010,2,16,2.3,6.6,16:30,-1.8,4:00,16.1,0.0,3.2,0.8,9.7,9:30,ENE
2010,2,17,4.2,6.3,15:20,2.8,0:50,14.2,0.0,6.0,0.3,8.0,5:30,E
2010,2,18,5.8,13.2,16:00,2.1,8:40,12.6,0.0,1.2,2.4,29.0,14:50,E
2010,2,19,5.6,11.3,16:30,-0.2,6:30,12.7,0.0,0.2,1.3,20.9,23:20,E
2010,2,20,10.1,17.2,13:00,4.4,5:30,8.2,0.0,0.4,5.0,38.6,13:10,SW
2010,2,21,6.4,10.4,0:20,2.9,23:40,11.9,0.0,0.0,15.8,51.5,18:00,W
2010,2,22,4.1,7.5,20:10,-0.5,4:30,14.3,0.0,0.0,3.7,29.0,22:30,S
2010,2,23,5.9,7.7,11:50,4.2,6:40,12.4,0.0,1.8,0.8,14.5,0:10,E
2010,2,24,6.4,9.3,15:30,4.9,1:30,11.9,0.0,3.8,0.6,11.3,0:20,NW
2010,2,25,8.2,13.1,14:30,3.9,3:30,10.1,0.0,0.0,5.0,29.0,17:30,NW
2010,2,26,6.9,13.7,14:40,-0.1,7:50,11.4,0.0,0.2,1.8,19.3,19:10,ENE
2010,2,27,7.0,10.4,14:40,4.3,00:00,11.3,0.0,0.8,7.6,43.5,15:50,W
2010,2,28,5.1,9.3,15:20,-0.4,5:30,13.3,0.0,0.0,1.0,17.7,0:40,WNW
2010,3,1,7.9,17.5,16:20,0.9,6:30,10.4,0.0,0.0,1.0,11.3,12:20,WNW
2010,3,2,9.8,14.3,13:30,2.9,4:10,8.6,0.0,0.0,10.8,49.9,16:40,WNW
2010,3,3,8.3,12.4,15:00,2.7,7:40,10.1,0.0,0.0,2.9,29.0,20:40,S
2010,3,4,6.8,8.8,14:30,4.5,6:40,11.5,0.0,6.8,0.8,14.5,15:20,ENE
2010,3,5,7.9,11.9,13:40,5.2,00:00,10.4,0.0,0.2,6.0,43.5,14:00,W
2010,3,6,4.8,7.8,12:20,-0.3,00:00,13.5,0.0,0.6,8.4,45.1,10:50,W
2010,3,9,1.3,4.5,16:10,-1.5,5:30,17.0,0.0,0.0,2.6,22.5,17:30,S
2010,3,10,1.1,3.0,12:20,0.4,20:30,17.3,0.0,0.0,1.1,20.9,15:00,ENE
2010,3,11,1.9,4.6,16:20,0.1,4:00,16.4,0.0,0.4,0.5,11.3,23:40,ENE
2010,3,12,4.2,9.1,14:20,0.5,8:40,14.1,0.0,0.4,6.1,37.0,14:20,W
2010,3,13,3.8,9.4,16:40,-1.9,6:50,14.6,0.0,0.0,2.4,20.9,22:10,E
2010,3,14,4.7,8.6,16:00,2.4,7:30,13.7,0.0,0.0,5.5,29.0,12:40,E
2010,3,15,3.7,9.2,15:30,-1.8,6:40,14.7,0.0,0.0,4.0,20.9,11:30,ENE
2010,3,16,3.7,11.2,15:30,-3.8,7:00,14.6,0.0,0.0,1.8,11.3,23:20,WSW
2010,3,17,4.3,9.9,13:00,-1.8,7:10,14.0,0.0,0.0,3.9,30.6,16:50,ENE
2010,3,18,4.9,13.1,15:20,-3.3,7:00,13.4,0.0,0.0,4.7,35.4,14:20,WNW
2010,3,19,7.0,16.1,17:10,-2.3,6:40,11.3,0.0,0.0,1.4,19.3,20:40,WNW
2010,3,20,8.2,17.7,16:20,-1.7,7:00,10.2,0.0,0.0,2.1,14.5,18:20,E
2010,3,21,9.9,19.3,14:50,-0.1,6:50,8.5,0.1,0.0,2.9,20.9,17:30,W
2010,3,22,13.2,21.5,14:50,3.6,6:50,5.7,0.5,0.0,2.6,20.9,15:10,WNW
2010,3,23,11.9,14.8,12:30,9.4,7:30,6.4,0.0,6.0,0.5,11.3,22:20,WNW
2010,3,24,10.3,12.3,15:40,9.0,3:50,8.1,0.0,1.8,0.2,6.4,0:20,E
2010,3,25,12.0,16.5,17:30,8.5,7:20,6.3,0.0,0.2,1.6,19.3,17:30,NW
2010,3,26,12.2,18.9,16:40,4.6,5:50,6.2,0.0,0.0,2.3,17.7,19:40,S
2010,3,27,11.5,19.5,17:30,4.7,6:30,6.9,0.1,0.0,2.7,25.7,19:30,WNW
2010,3,28,10.2,14.6,16:30,5.3,6:10,7.8,0.0,0.8,11.3,57.9,3:40,NW
2010,3,29,10.5,16.7,16:30,1.4,7:50,7.8,0.0,0.0,5.8,29.0,16:40,WNW
2010,3,30,10.4,18.8,16:50,1.4,7:40,7.9,0.0,0.0,3.1,17.7,18:00,E
2010,3,31,13.5,18.8,13:40,6.8,7:10,4.8,0.0,0.0,6.3,30.6,17:00,W
2010,4,1,13.4,18.7,15:20,7.3,8:00,4.9,0.0,0.0,6.3,29.0,16:40,WNW
2010,4,2,11.1,18.2,16:30,4.9,7:50,7.2,0.0,0.0,4.3,22.5,17:10,W
2010,4,3,10.6,18.6,16:50,1.6,6:50,7.7,0.0,0.0,3.2,22.5,13:40,ENE
2010,4,4,11.4,19.8,16:50,2.5,7:00,7.0,0.1,0.0,5.0,29.0,13:10,S
2010,4,5,10.9,16.7,17:50,4.7,7:40,7.4,0.0,0.0,4.2,30.6,18:00,S
2010,4,6,10.1,14.9,14:50,5.7,00:00,8.3,0.0,0.0,7.7,37.0,16:20,W
2010,4,7,10.6,15.4,15:10,4.8,0:40,7.8,0.0,0.0,8.9,43.5,10:40,NNW
2010,4,8,10.6,16.4,17:50,3.7,7:30,7.7,0.0,0.0,3.2,35.4,15:20,ENE
2010,4,9,10.7,17.3,14:10,2.4,7:30,7.7,0.0,0.0,3.4,32.2,14:10,E
2010,4,10,9.7,16.3,14:20,4.2,7:20,8.7,0.0,0.4,4.0,35.4,13:00,S
2010,4,11,9.8,15.3,16:30,3.1,7:40,8.6,0.0,0.4,4.0,30.6,15:40,S
2010,4,12,10.4,14.7,14:40,7.2,6:50,7.9,0.0,0.0,3.7,37.0,16:00,SSE
2010,4,13,9.2,11.0,1:00,7.8,9:00,9.2,0.0,5.0,2.1,24.1,0:40,S
2010,4,14,11.6,17.1,17:50,8.2,7:50,6.8,0.0,1.2,3.9,27.4,22:50,S
2010,4,15,12.4,16.5,15:40,9.3,23:40,5.9,0.0,0.8,2.9,27.4,0:10,N
2010,4,16,13.1,22.0,16:50,6.6,6:40,5.7,0.4,0.0,3.2,24.1,00:00,E
2010,4,17,14.0,17.6,14:00,10.9,5:50,4.3,0.0,0.2,6.0,32.2,15:10,ENE
2010,4,18,13.7,17.4,14:40,11.4,6:10,4.7,0.0,0.2,3.2,32.2,18:20,S
2010,4,19,11.6,13.3,15:20,10.3,8:00,6.8,0.0,2.8,2.6,24.1,15:20,S
2010,4,20,12.9,17.7,16:20,9.7,6:10,5.4,0.0,0.0,10.6,37.0,10:40,W
2010,4,21,14.3,19.3,16:10,10.2,4:40,4.0,0.1,0.0,8.5,37.0,12:50,W
2010,4,22,13.3,21.5,16:30,3.3,6:20,5.6,0.6,0.0,2.7,19.3,14:00,WNW
2010,4,23,12.7,19.3,14:40,4.7,5:30,5.7,0.1,0.0,1.4,22.5,17:00,SSE
2010,4,24,13.6,18.4,17:40,10.6,7:50,4.8,0.0,0.8,3.1,19.3,18:40,ENE
2010,4,25,14.1,19.8,14:00,8.2,6:40,4.3,0.1,0.0,2.3,25.7,15:40,ENE
2010,4,26,14.1,17.7,17:40,9.9,23:00,4.3,0.0,0.0,5.8,32.2,16:00,E
2010,4,27,13.3,19.8,14:50,5.1,7:10,5.1,0.1,0.0,2.6,24.1,14:30,ENE
2010,4,28,12.8,21.0,17:20,3.8,6:50,5.9,0.4,0.0,2.4,20.9,15:40,WNW
2010,4,29,13.2,19.8,16:20,7.5,6:30,5.2,0.1,0.0,3.5,30.6,12:10,E
2010,4,30,13.2,21.8,16:50,3.8,7:00,5.8,0.7,0.0,1.4,9.7,2:20,S
2010,5,1,15.9,25.7,16:50,5.4,7:00,4.3,1.9,0.0,1.6,16.1,21:50,E
2010,5,2,17.2,25.8,16:30,7.8,6:10,3.3,2.1,0.0,1.8,19.3,18:30,S
2010,5,3,17.0,25.3,17:10,9.4,7:00,3.2,1.8,0.0,1.4,11.3,13:20,WNW
2010,5,4,16.9,24.0,17:00,8.5,7:00,3.1,1.7,0.0,2.3,17.7,14:40,S
2010,5,5,16.5,22.9,14:50,10.2,5:50,2.7,0.9,0.0,1.6,14.5,15:30,S
2010,5,6,17.5,22.8,16:30,11.8,7:20,1.9,1.1,0.8,6.4,41.8,16:30,S
2010,5,7,15.8,21.2,16:00,8.7,7:00,3.0,0.5,0.0,4.2,25.7,16:30,W
2010,5,8,13.4,19.7,16:30,7.2,2:00,5.1,0.2,0.6,2.4,20.9,8:50,ENE
2010,5,9,15.7,22.2,14:50,7.5,7:00,3.4,0.7,0.0,6.8,29.0,13:50,W
2010,5,10,15.7,26.1,17:40,4.3,6:50,4.5,1.9,0.0,1.6,16.1,0:20,WNW
2010,5,11,17.2,25.2,17:50,7.6,6:40,3.1,2.0,0.0,1.4,45.1,15:50,ENE
2010,5,12,18.8,27.3,17:10,11.3,5:20,2.2,2.7,0.0,3.4,29.0,15:30,S
2010,5,13,17.9,26.8,14:50,10.0,7:10,2.8,2.3,0.0,4.3,25.7,19:30,SSE
2010,5,14,17.8,26.4,16:10,7.7,6:30,2.9,2.4,0.0,1.6,19.3,18:30,E
2010,5,15,16.9,21.6,16:10,13.6,8:10,1.7,0.3,14.2,11.7,54.7,13:40,S
2010,5,16,13.1,16.1,18:20,8.7,3:30,5.2,0.0,0.6,10.0,46.7,1:40,W
2010,5,17,13.7,16.8,16:00,12.0,3:30,4.6,0.0,0.0,12.2,38.6,16:30,W
2010,5,18,12.7,15.9,14:10,9.5,4:50,5.7,0.0,0.2,7.6,32.2,17:40,W
2010,5,19,13.1,18.8,16:00,7.1,7:00,5.3,0.0,0.0,1.9,19.3,17:30,NE
2010,5,20,11.0,15.9,12:50,7.8,6:30,7.3,0.0,5.4,2.4,19.3,13:30,S
2010,5,21,10.2,11.7,22:00,9.1,5:50,8.1,0.0,7.2,1.9,24.1,12:00,NE
2010,5,22,13.9,19.8,16:00,8.0,6:10,4.5,0.1,0.2,2.3,27.4,16:20,WNW
2010,5,23,14.4,20.8,15:50,9.8,4:40,4.1,0.2,0.0,1.8,24.1,18:30,S
2010,5,24,14.3,21.7,13:50,8.0,5:50,4.4,0.4,4.2,1.1,24.1,18:50,SE
2010,5,25,16.2,24.3,17:10,7.6,6:10,3.8,1.7,0.0,0.2,11.3,21:10,N
2010,5,26,18.1,27.3,17:30,7.7,6:40,3.1,2.8,0.0,0.5,11.3,16:40,WNW
2010,5,27,19.5,28.3,16:20,9.2,6:40,2.3,3.4,0.0,0.6,14.5,20:30,S
2010,5,28,17.6,22.5,16:00,13.1,6:00,1.6,0.8,0.0,0.5,16.1,19:10,S
2010,5,29,19.6,27.2,15:20,10.9,6:00,1.8,3.1,0.0,0.8,9.7,18:10,W
2010,5,30,18.2,23.8,18:20,12.8,6:50,1.6,1.4,0.6,0.8,16.1,9:50,S
2010,5,31,20.3,25.7,13:50,15.3,5:20,0.6,2.6,0.0,4.3,27.4,13:50,WSW
2010,6,1,17.1,21.0,17:10,11.1,23:50,1.7,0.4,0.2,5.5,25.7,6:40,W
2010,6,2,15.1,22.6,16:30,7.5,5:50,3.9,0.7,0.0,1.4,16.1,14:50,S
2010,6,3,16.4,23.9,16:10,8.6,4:50,3.2,1.3,0.0,2.4,29.0,19:00,S
2010,6,4,17.2,23.8,16:50,10.8,6:40,2.4,1.3,0.0,1.6,27.4,19:30,WNW
2010,6,5,15.1,17.6,11:20,12.7,00:00,3.3,0.0,4.8,1.4,25.7,15:20,S
2010,6,6,17.8,23.7,16:00,11.3,5:30,2.2,1.7,0.0,2.1,16.1,12:20,S
2010,6,7,19.0,26.8,17:20,10.1,6:10,2.1,2.7,0.0,1.3,16.1,18:00,WNW
2010,6,8,19.8,27.9,16:40,11.0,6:30,1.7,3.2,0.0,1.8,24.1,20:20,WNW
2010,6,9,19.7,27.5,15:40,12.2,6:40,1.7,3.1,0.0,0.3,11.3,19:30,W
2010,6,10,21.2,28.8,16:40,12.1,6:30,1.4,4.3,0.0,0.0,1.6,8:00,SSE
2010,6,11,22.5,31.3,16:40,14.0,6:40,0.8,5.0,0.0,0.3,12.9,17:10,ENE
2010,6,12,23.3,32.5,16:00,13.3,6:10,0.8,5.8,0.0,0.2,9.7,20:20,WNW
2010,6,13,24.1,33.9,16:10,17.8,6:20,0.0,5.8,4.4,1.1,41.8,19:10,WNW
2010,6,14,23.9,32.6,15:40,15.8,6:40,0.3,5.9,0.0,1.0,11.3,3:50,WNW
2010,6,15,24.6,32.1,14:50,16.9,4:50,0.1,6.3,0.0,2.3,24.1,17:10,W
2010,6,16,25.1,33.3,16:20,18.0,6:40,0.0,6.7,0.0,1.6,16.1,17:20,SW
2010,6,17,24.3,32.4,17:00,14.8,6:50,0.4,6.3,0.0,0.6,12.9,21:40,WNW
2010,6,18,22.8,29.8,13:30,17.8,6:20,0.0,4.4,3.2,2.3,29.0,16:20,S
2010,6,19,19.8,27.0,15:40,14.7,6:10,0.6,2.0,19.2,2.7,29.0,17:30,ENE
2010,6,20,18.1,23.0,16:20,13.8,6:40,1.3,1.0,2.0,2.3,20.9,15:10,S
2010,6,21,15.2,19.3,12:20,10.9,6:20,3.2,0.1,8.4,3.1,43.5,12:40,SSE
2010,6,22,15.4,18.7,12:30,11.7,6:30,2.9,0.0,2.2,3.9,24.1,12:00,W
2010,6,23,16.4,21.5,15:30,9.2,6:20,2.8,0.8,0.0,4.7,25.7,22:40,N
2010,6,24,17.9,22.9,17:10,12.6,6:20,1.4,1.0,0.0,6.1,33.8,12:20,ENE
2010,6,25,17.5,22.5,16:40,9.8,5:40,2.0,1.2,0.0,2.6,19.3,18:50,S
2010,6,26,17.3,24.8,16:20,8.8,6:00,2.8,1.8,0.0,2.6,19.3,20:20,WNW
2010,6,27,17.8,24.3,14:10,10.1,6:30,2.2,1.6,0.0,2.4,29.0,23:10,W
2010,6,28,17.8,23.9,15:20,11.4,5:50,1.9,1.4,0.0,1.6,20.9,0:10,S
2010,6,29,19.4,26.7,15:20,12.0,5:40,1.5,2.7,0.0,1.8,17.7,19:40,S
2010,6,30,20.1,26.1,17:50,13.3,6:50,1.1,2.7,0.0,0.5,12.9,16:30,WNW
2010,7,1,20.8,27.4,15:30,13.7,5:30,0.8,3.2,0.0,1.8,20.9,17:00,WNW
2010,7,2,19.2,26.8,13:40,15.1,6:50,0.6,1.4,0.8,1.6,30.6,14:20,S
2010,7,3,19.9,25.3,16:40,14.8,6:20,0.8,2.4,0.0,0.6,12.9,14:50,SE
2010,7,4,21.4,30.0,16:50,13.5,5:20,1.1,4.1,0.0,1.4,24.1,15:20,SE
2010,7,5,22.1,29.9,17:10,13.3,6:20,1.0,4.8,0.0,1.1,20.9,16:50,N
2010,7,6,22.5,29.9,16:30,14.3,6:50,0.6,4.8,0.0,1.6,20.9,18:20,ENE
2010,7,7,21.4,29.1,15:50,15.4,6:50,0.4,3.4,3.2,1.8,48.3,19:00,WNW
2010,7,8,18.0,22.2,17:00,13.3,5:00,1.3,0.9,0.6,6.9,30.6,3:20,N
2010,7,9,19.1,25.5,17:20,11.7,3:20,1.7,2.4,0.0,4.5,30.6,15:40,N
2010,7,10,21.3,27.6,18:20,13.8,6:10,0.8,3.8,0.0,2.1,17.7,1:10,WNW
2010,7,11,21.4,27.4,13:40,15.6,6:50,0.2,3.3,0.0,1.3,22.5,18:10,W
2010,7,12,22.6,29.7,15:20,14.3,6:20,0.6,4.8,0.0,0.2,12.9,19:00,NW
2010,7,13,23.6,31.4,17:30,14.8,5:40,0.4,5.7,0.0,1.0,17.7,18:50,NNW
2010,7,14,24.2,32.2,15:10,15.2,6:50,0.4,6.2,0.0,0.5,14.5,15:50,NNW
2010,7,15,24.7,32.9,17:10,15.3,6:10,0.3,6.6,0.0,0.8,16.1,16:30,N
2010,7,16,25.1,31.4,14:20,16.8,6:20,0.1,6.8,0.0,3.4,22.5,15:30,S
2010,7,17,24.1,31.6,16:20,16.4,6:30,0.1,5.9,0.0,1.0,25.7,16:20,SSE
2010,7,18,22.5,31.8,16:40,16.7,6:30,0.2,4.3,16.6,2.1,54.7,19:10,S
2010,7,19,21.1,29.2,16:20,16.0,3:10,0.5,3.3,0.0,1.1,14.5,16:10,SSE
2010,7,20,22.9,29.9,16:20,16.1,6:50,0.3,4.8,0.0,1.3,16.1,17:30,S
2010,7,21,22.9,29.9,15:50,15.7,6:10,0.3,4.9,0.0,1.3,20.9,22:40,SW
2010,7,22,21.8,28.9,13:30,14.9,7:00,0.6,4.1,0.4,1.9,24.1,18:40,ENE
2010,7,23,24.0,32.6,17:10,15.1,6:00,0.4,6.1,0.0,1.1,14.5,18:20,ESE
2010,7,24,24.8,33.4,16:00,15.8,6:00,0.3,6.7,0.0,2.1,27.4,16:40,ENE
2010,7,25,21.7,27.5,13:40,16.1,7:40,0.2,3.7,2.6,2.6,25.7,15:20,ENE
2010,7,26,18.2,23.7,12:50,14.4,23:50,1.1,0.9,3.2,3.1,27.4,12:10,ENE
2010,7,27,18.4,24.3,14:00,13.2,6:00,1.7,1.7,0.2,3.5,35.4,15:40,W
2010,7,28,18.8,25.9,16:00,10.7,6:50,1.9,2.4,0.0,2.3,19.3,16:20,S
2010,7,29,19.8,28.1,18:00,10.7,5:30,2.0,3.5,0.0,0.6,16.1,21:40,E
2010,7,30,20.7,28.7,17:30,11.9,6:40,1.5,3.8,0.0,1.0,12.9,7:30,SSE
2010,7,31,21.8,28.8,16:10,13.4,6:30,1.1,4.4,0.0,1.4,27.4,14:00,S
2010,8,1,22.2,29.4,16:10,13.3,6:50,0.7,4.6,0.0,1.3,16.1,17:00,S
2010,8,2,23.3,30.8,17:00,14.4,6:40,0.4,5.4,0.0,1.1,16.1,20:20,S
2010,8,3,23.7,31.8,16:40,14.3,7:00,0.5,5.9,0.0,1.0,12.9,1:00,E
2010,8,4,20.8,29.9,13:20,16.0,23:50,0.2,2.7,14.0,2.6,41.8,15:20,S
2010,8,5,21.7,29.9,16:30,13.2,7:10,1.2,4.5,0.0,1.1,17.7,19:40,E
2010,8,6,23.3,30.2,15:50,16.8,7:00,0.2,5.1,0.0,2.6,24.1,13:50,S
2010,8,7,22.2,30.1,16:30,13.6,6:30,0.8,4.6,0.0,1.4,14.5,14:20,ENE
2010,8,8,22.5,29.5,16:40,13.9,7:00,0.7,4.8,0.0,2.3,22.5,15:00,E
2010,8,9,23.5,30.3,15:20,16.9,5:50,0.2,5.3,0.0,2.4,25.7,16:30,ENE
2010,8,10,23.6,30.8,15:40,15.8,6:00,0.2,5.5,0.0,2.7,20.9,18:10,ENE
2010,8,11,23.5,31.3,16:50,14.6,7:00,0.5,5.7,0.0,1.9,17.7,20:20,ENE
2010,8,12,23.7,32.3,16:00,14.9,6:00,0.4,5.8,0.0,1.4,20.9,17:10,ENE
2010,8,13,23.6,32.8,15:20,13.9,7:10,0.5,5.8,0.0,0.6,17.7,15:00,ENE
2010,8,14,24.4,33.9,17:10,14.5,6:40,0.5,6.6,0.0,0.8,11.3,15:10,WNW
2010,8,15,24.7,34.4,16:10,15.4,6:10,0.3,6.7,0.0,0.5,9.7,15:30,ENE
2010,8,16,25.4,34.9,15:40,16.5,6:50,0.2,7.3,0.0,0.6,14.5,20:40,WNW
2010,8,17,25.3,32.2,16:50,19.2,5:30,0.0,7.0,0.0,1.9,20.9,18:50,S
2010,8,18,22.3,32.2,17:30,11.9,6:10,1.2,5.1,0.0,0.2,9.7,0:10,E
2010,8,19,23.3,33.3,16:50,13.3,7:10,0.9,5.9,0.0,0.3,11.3,18:40,S
2010,8,20,24.2,31.8,15:50,15.1,6:50,0.4,6.2,0.0,1.6,17.7,22:40,ENE
2010,8,21,24.9,30.7,16:20,18.7,7:10,0.0,6.6,0.0,2.4,20.9,18:10,ENE
2010,8,22,21.7,27.2,14:30,14.3,7:20,0.4,3.8,0.0,1.8,20.9,11:10,S
2010,8,23,21.0,28.6,16:40,13.5,7:10,1.1,3.8,0.0,0.5,9.7,21:40,WNW
2010,8,24,22.1,32.2,17:00,13.1,7:00,1.1,4.8,0.0,0.5,9.7,22:20,SE
2010,8,25,23.2,33.8,16:40,13.3,7:10,0.9,5.8,0.0,0.2,6.4,2:10,W
2010,8,26,24.2,33.2,17:00,14.3,7:20,0.5,6.3,0.0,1.1,16.1,17:30,ESE
2010,8,27,24.6,32.3,15:50,14.8,7:00,0.2,6.4,0.0,0.2,8.0,22:50,WNW
2010,8,28,24.2,33.9,16:30,14.6,7:10,0.6,6.3,0.0,1.0,14.5,15:40,E
2010,8,29,23.2,31.8,16:50,14.2,7:20,0.6,5.5,0.0,0.5,22.5,19:30,ENE
2010,8,30,22.5,28.4,15:50,16.9,7:00,0.1,4.3,0.0,1.9,20.9,14:50,E
2010,8,31,19.9,25.8,14:40,13.5,5:40,0.9,2.6,0.0,5.1,29.0,14:30,S
2010,9,1,17.5,23.3,17:10,8.7,7:00,2.2,1.3,0.0,4.5,24.1,18:50,W
2010,9,2,16.6,25.0,16:20,6.7,6:40,3.4,1.7,0.0,1.9,22.5,15:30,WNW
2010,9,3,15.6,23.2,15:30,6.7,6:40,3.7,1.0,0.0,1.4,25.7,12:50,ENE
2010,9,4,15.0,17.2,0:10,14.2,15:40,3.3,0.0,5.0,0.3,9.7,11:30,ENE
2010,9,5,18.4,24.3,16:40,13.8,5:40,1.4,1.6,0.0,2.6,22.5,17:10,ENE
2010,9,6,18.5,24.3,15:10,12.8,4:00,1.6,1.7,0.0,1.3,19.3,21:50,S
2010,9,7,18.4,26.9,15:50,10.4,7:30,2.2,2.3,0.0,0.3,11.3,15:00,S
2010,9,8,19.2,28.3,17:00,11.3,7:30,2.1,2.9,0.0,0.5,8.0,3:20,S
2010,9,9,19.6,29.9,15:00,11.8,6:30,1.7,3.0,0.0,1.3,32.2,16:00,NE
2010,9,10,19.3,25.2,15:50,13.2,5:40,1.3,2.2,0.0,3.2,24.1,15:10,ENE
2010,9,11,15.9,19.3,0:10,13.6,16:10,2.5,0.1,11.4,2.1,24.1,14:40,ENE
2010,9,12,16.3,20.9,17:00,13.5,6:20,2.4,0.4,2.6,1.8,19.3,17:00,S
2010,9,13,16.4,22.8,17:00,9.8,7:40,2.8,0.9,0.6,0.8,11.3,0:50,NW
2010,9,14,17.2,22.8,16:20,12.3,4:00,2.1,1.0,0.2,0.5,12.9,15:40,ENE
2010,9,15,16.8,24.4,15:40,9.6,7:30,2.9,1.4,0.2,0.2,11.3,21:40,NW
2010,9,16,17.9,26.6,16:20,9.3,7:40,2.8,2.3,0.0,0.6,12.9,18:20,WNW
2010,9,17,17.6,27.3,16:00,8.5,7:20,3.1,2.4,0.0,0.5,12.9,17:20,ESE
2010,9,18,18.1,29.4,16:50,8.0,7:40,3.2,2.9,0.0,0.6,14.5,16:40,SE
2010,9,19,19.1,29.4,16:10,9.0,6:40,2.8,3.5,0.0,1.6,20.9,17:20,W
2010,9,20,19.3,26.1,15:20,12.3,7:50,1.2,2.2,0.0,3.1,30.6,17:30,ENE
2010,9,21,17.5,22.9,16:00,12.5,5:50,1.9,1.1,0.0,1.1,24.1,20:40,S
2010,9,22,17.6,23.2,16:20,12.8,23:30,1.7,0.9,0.0,0.0,12.9,18:50,ENE
2010,9,23,16.2,22.9,16:20,10.5,23:40,3.2,1.0,0.0,3.1,27.4,13:20,ENE
2010,9,24,13.7,17.9,18:00,8.6,5:40,4.6,0.0,0.0,0.5,16.1,23:10,S
2010,9,25,16.1,18.4,21:50,14.4,7:10,2.2,0.0,,1.3,27.4,23:10,S
2010,9,26,17.8,22.4,15:30,9.7,00:00,1.2,0.8,,4.8,35.4,14:30,S
2010,9,27,14.8,22.2,13:50,8.4,6:30,4.2,0.7,,1.4,14.5,19:50,WSW
2010,9,28,16.8,22.9,15:50,11.1,0:10,2.6,1.1,,1.0,20.9,22:20,SSE
2010,9,29,16.4,18.6,14:30,15.3,7:20,1.9,0.0,,1.6,17.7,20:40,S
2010,9,30,14.3,20.1,14:10,7.3,7:00,4.2,0.2,,1.9,17.7,1:10,E
2010,10,1,13.1,20.5,15:40,5.5,7:00,5.4,0.1,,0.6,9.7,8:30,SSE
2010,10,2,14.3,21.1,16:20,8.1,8:00,4.3,0.4,,0.8,12.9,18:30,S
2010,10,3,15.6,20.0,15:30,12.4,5:00,2.9,0.2,,1.3,16.1,21:00,S
2010,10,4,16.2,19.7,14:10,13.9,7:40,2.3,0.1,,4.2,25.7,20:40,S
2010,10,5,16.1,19.1,15:40,13.3,7:30,2.3,0.1,,2.7,20.9,1:40,S
2010,10,6,13.9,16.5,17:10,12.1,5:00,4.4,0.0,8.4,0.3,11.3,10:50,S
2010,10,7,12.3,13.7,12:30,9.8,00:00,6.1,0.0,1.4,6.9,29.0,13:20,ENE
2010,10,8,9.6,13.6,13:40,3.3,23:50,8.7,0.0,0.6,3.4,24.1,19:10,ENE
2010,10,9,6.1,13.2,16:50,-0.6,7:20,12.3,0.0,0.0,1.0,14.5,9:10,ENE
2010,10,10,7.8,15.7,16:30,-0.1,7:50,10.6,0.0,0.0,1.0,19.3,21:50,ENE
2010,10,11,9.6,10.8,15:00,7.8,0:40,8.8,0.0,10.4,0.5,12.9,17:30,S
2010,10,12,11.3,13.0,13:10,9.3,0:50,7.1,0.0,5.2,0.0,6.4,10:40,E
2010,10,13,13.3,14.7,16:10,12.0,0:20,5.0,0.0,14.0,0.2,16.1,15:00,SSE
2010,10,14,14.1,16.8,13:10,11.2,23:10,4.3,0.0,7.2,0.6,17.7,3:30,E
2010,10,15,13.5,19.4,13:30,9.4,2:00,4.9,0.1,3.2,1.0,22.5,14:40,E
2010,10,16,14.6,19.4,15:30,11.8,23:40,3.7,0.0,0.2,1.0,20.9,15:30,SW
2010,10,17,13.9,18.6,15:00,9.7,3:30,4.4,0.0,0.2,1.1,22.5,16:40,S
2010,10,18,14.2,16.3,15:20,12.7,6:40,4.2,0.0,7.2,1.8,22.5,19:20,S
2010,10,19,13.9,17.2,12:50,10.3,23:30,4.4,0.0,3.0,5.1,38.6,12:50,S
2010,10,20,12.7,17.4,16:40,10.1,5:30,5.6,0.0,1.2,1.8,25.7,17:30,W
2010,10,21,13.0,18.8,14:30,8.6,5:10,5.3,0.0,0.0,1.3,19.3,14:10,SE
2010,10,22,10.9,13.7,15:10,7.3,5:50,7.4,0.0,0.0,2.1,20.9,2:20,S
2010,10,23,10.5,14.2,16:30,6.6,23:30,7.8,0.0,0.0,0.3,9.7,1:50,S
2010,10,24,9.0,14.2,15:30,5.4,1:40,9.3,0.0,0.0,0.3,11.3,16:40,SSE
2010,10,25,8.6,10.6,20:50,4.0,3:20,9.7,0.0,4.4,0.0,9.7,15:30,ESE
2010,10,26,12.1,15.9,17:30,9.1,22:20,6.2,0.0,0.2,0.2,8.0,23:00,S
2010,10,27,10.8,13.1,10:20,7.7,00:00,7.6,0.0,12.4,4.7,29.0,12:20,ENE
2010,10,28,6.8,9.1,14:00,4.4,23:50,11.5,0.0,1.4,3.7,25.7,15:30,N
2010,10,29,5.8,10.6,16:30,2.0,00:00,12.5,0.0,0.0,0.5,11.3,1:40,E
2010,10,30,4.4,11.3,17:20,0.0,4:10,13.9,0.0,0.0,0.3,8.0,14:50,SSE
2010,10,31,4.8,14.8,15:40,-0.9,5:10,13.5,0.0,0.2,0.3,8.0,10:50,SE
2010,11,1,5.7,14.4,16:30,-1.1,4:40,12.7,0.0,0.2,0.3,6.4,1:30,WNW
2010,11,2,5.0,9.2,16:10,1.5,1:40,13.3,0.0,0.0,0.0,4.8,18:30,ENE
2010,11,3,9.1,15.7,15:10,1.7,0:10,9.3,0.0,0.2,0.5,8.0,9:40,NW
2010,11,4,12.2,20.1,14:50,6.5,00:00,6.2,0.1,1.0,0.2,9.7,0:40,WNW
2010,11,5,10.0,19.8,15:30,4.0,7:40,8.4,0.1,0.2,0.0,4.8,22:40,NE
2010,11,6,8.5,18.8,15:50,1.2,6:50,9.8,0.0,0.0,0.0,6.4,19:30,NE
2010,11,7,10.4,20.3,15:20,1.0,6:50,8.0,0.1,0.0,0.3,14.5,18:00,ESE
2010,11,8,12.4,16.6,15:20,9.7,3:50,5.9,0.0,14.4,6.0,43.5,6:30,S
2010,11,9,12.2,15.4,22:00,10.0,19:10,6.1,0.0,9.4,8.4,48.3,11:30,S
2010,11,10,16.7,21.2,14:00,12.5,7:50,2.1,0.4,0.0,9.2,45.1,22:20,S
2010,11,11,14.8,20.2,13:10,8.9,7:00,3.7,0.1,1.6,3.9,30.6,13:20,S
2010,11,12,10.9,17.5,14:40,5.0,23:10,7.4,0.0,2.0,0.8,14.5,0:40,S
2010,11,13,8.9,16.8,14:40,2.0,7:30,9.4,0.0,0.2,0.3,11.3,10:00,ENE
2010,11,14,10.9,18.8,15:40,4.8,8:00,7.4,0.0,0.0,0.0,8.0,18:40,SE
2010,11,15,10.0,18.0,16:40,2.8,7:10,8.3,0.0,0.0,0.0,6.4,18:40,ENE
2010,11,16,10.3,17.2,14:50,3.8,7:50,8.0,0.0,0.2,0.2,8.0,13:20,WNW
2010,11,17,9.9,12.1,15:00,5.3,22:40,8.4,0.0,7.8,0.6,12.9,9:40,E
2010,11,18,8.1,12.3,14:30,3.6,8:10,10.2,0.0,0.2,0.3,9.7,19:10,NNE
2010,11,19,9.6,14.4,14:00,3.8,0:40,8.7,0.0,0.4,0.3,9.7,15:20,SE
2010,11,20,8.4,12.7,15:30,4.7,23:40,9.9,0.0,0.0,0.3,8.0,13:20,SE
2010,11,21,8.4,14.8,15:10,1.7,7:50,9.9,0.0,0.2,0.8,9.7,18:30,NNW
2010,11,22,11.9,16.1,15:00,7.3,6:30,6.4,0.0,0.0,7.4,43.5,15:10,S
2010,11,23,10.4,14.3,4:50,5.1,23:20,7.9,0.0,3.4,5.3,46.7,5:10,SSW
2010,11,24,6.8,11.3,14:20,3.0,00:00,11.5,0.0,2.6,1.4,17.7,15:30,W
2010,11,25,4.8,8.8,15:10,1.1,2:50,13.5,0.0,1.0,0.5,9.7,4:40,E
2010,11,26,5.7,8.2,22:30,2.7,3:00,12.6,0.0,10.2,0.5,11.3,20:10,ENE
2010,11,27,9.9,14.1,13:20,5.2,00:00,8.4,0.0,0.2,6.6,46.7,6:50,SW
2010,11,28,9.1,15.5,16:20,2.3,7:10,9.3,0.0,0.4,2.3,38.6,22:10,E
2010,11,29,13.9,17.2,10:50,7.9,00:00,4.4,0.0,1.0,7.9,43.5,0:40,WSW
2010,11,30,11.4,16.7,22:50,2.9,6:30,6.9,0.0,0.0,4.7,30.6,13:00,SW
2010,12,1,17.2,20.7,14:40,13.1,1:50,1.3,0.2,0.2,10.9,41.8,10:50,S
2010,12,2,16.4,20.1,10:50,11.6,22:20,2.1,0.2,7.2,8.0,53.1,9:30,SW
2010,12,3,13.8,18.9,12:50,7.9,8:30,4.5,0.0,1.8,5.0,40.2,14:30,S
2010,12,4,9.2,11.8,0:10,5.1,23:20,9.1,0.0,32.0,4.7,35.4,19:40,W
2010,12,5,5.2,9.8,14:00,0.6,00:00,13.1,0.0,0.0,3.4,24.1,12:50,S
2010,12,6,3.8,8.8,15:50,0.1,7:00,14.5,0.0,0.0,0.2,9.7,1:30,ENE
2010,12,7,6.7,15.2,15:20,0.8,6:30,11.6,0.0,0.0,0.6,8.0,11:10,ENE
2010,12,8,6.5,12.9,17:10,1.9,7:00,9.1,0.0,0.0,0.2,9.7,23:00,ENE
2010,12,9,12.2,18.4,15:00,6.4,8:00,6.2,0.0,0.0,1.8,25.7,18:10,W
2010,12,10,3.5,14.3,2:40,-1.4,23:40,14.8,0.0,0.8,10.0,54.7,2:40,N
2010,12,11,-1.8,0.3,15:20,-3.9,23:50,20.2,0.0,0.0,5.6,38.6,11:30,NW
2010,12,12,1.1,7.8,15:00,-4.1,0:20,17.2,0.0,0.0,1.0,16.1,20:50,NW
2010,12,13,1.0,2.7,15:20,-0.8,3:40,17.3,0.0,8.6,1.4,20.9,18:50,W
2010,12,14,-0.1,2.1,14:10,-2.4,8:10,18.4,0.0,0.0,1.3,20.9,18:00,W
2010,12,15,-3.4,-0.6,15:00,-7.3,7:40,21.8,0.0,0.0,1.1,14.5,9:40,SW
2010,12,16,-2.9,-1.5,15:10,-4.3,6:50,21.2,0.0,7.6,0.3,9.7,9:30,W
2010,12,17,-3.6,1.1,16:00,-7.3,7:50,21.9,0.0,0.0,1.0,17.7,16:00,W
2010,12,18,-1.9,4.3,00:00,-7.8,3:40,20.2,0.0,1.4,0.8,17.7,17:50,SSW
2010,12,19,6.7,9.4,13:40,4.0,23:40,11.7,0.0,0.0,3.5,54.7,3:10,S
2010,12,20,5.1,8.1,15:10,3.4,4:50,13.2,0.0,0.0,0.2,11.3,18:40,W
2010,12,21,6.4,9.6,15:10,3.8,23:50,11.9,0.0,0.0,0.2,12.9,10:30,SE
2010,12,22,5.7,8.7,16:20,2.7,2:00,12.6,0.0,0.0,0.2,11.3,11:40,NNW
2010,12,23,6.8,8.5,13:40,4.8,23:50,11.6,0.0,0.0,0.2,9.7,23:20,WNW
2010,12,24,6.5,9.5,22:30,4.1,7:10,11.8,0.0,5.8,1.3,24.1,21:00,NE
2010,12,25,8.7,11.8,14:20,5.4,21:20,9.6,0.0,0.2,3.1,27.4,13:40,SSE
2010,12,26,6.1,7.4,13:40,5.0,3:40,12.2,0.0,0.0,0.2,8.0,2:40,W
2010,12,27,6.6,8.4,15:10,5.6,4:40,11.7,0.0,0.0,0.3,12.9,21:10,N
2010,12,28,4.3,7.7,13:20,0.3,23:30,14.1,0.0,0.0,1.6,22.5,17:20,W
2010,12,29,2.0,6.6,15:50,-0.9,3:00,16.3,0.0,0.0,0.2,9.7,17:10,ESE
2010,12,30,0.1,5.1,15:30,-3.6,7:00,18.2,0.0,0.0,0.2,11.3,10:50,SSW
2010,12,31,0.4,6.1,15:30,-3.3,8:10,17.9,0.0,0.0,0.0,8.0,10:30,SSW
2011,1,1,1.5,6.4,16:00,-2.8,7:20,16.8,0.0,0.0,0.0,6.4,1:40,S
2011,1,2,4.2,7.6,15:20,1.3,3:50,14.1,0.0,0.0,0.2,19.3,15:20,NE
2011,1,3,4.6,5.8,15:50,1.8,00:00,13.8,0.0,0.0,1.8,22.5,17:10,NNW
2011,1,4,1.4,2.4,14:10,0.5,23:10,16.9,0.0,0.0,2.6,19.3,5:00,NE
2011,1,5,1.7,3.4,15:40,0.3,2:20,16.7,0.0,0.0,0.3,11.3,1:00,S
2011,1,6,3.1,4.8,15:20,0.9,5:50,15.3,0.0,0.0,0.0,8.0,8:30,W
2011,1,7,3.4,10.3,16:20,-1.1,7:30,14.9,0.0,0.0,1.1,17.7,17:30,W
2011,1,8,4.0,10.2,15:10,-0.3,8:10,14.3,0.0,0.0,0.0,9.7,18:10,W
2011,1,9,5.4,13.2,15:50,0.7,7:40,12.9,0.0,0.0,0.0,8.0,18:50,ENE
2011,1,10,3.8,7.9,14:50,-0.1,8:00,14.6,0.0,0.0,0.0,11.3,8:50,ENE
2011,1,11,2.2,3.3,23:20,0.4,5:20,16.1,0.0,0.0,0.2,9.7,21:50,E
2011,1,12,4.6,6.2,14:20,3.1,0:10,13.7,0.0,1.4,0.2,8.0,2:10,NNE
2011,1,13,6.4,10.8,15:30,2.8,00:00,11.9,0.0,0.0,0.3,12.9,11:00,ESE
2011,1,14,5.9,13.4,15:30,1.4,4:20,12.4,0.0,0.0,0.0,11.3,22:00,SW
2011,1,15,7.3,15.2,17:40,1.8,7:30,11.0,0.0,0.0,3.2,43.5,22:30,NW
2011,1,16,7.8,9.8,13:40,5.6,23:50,10.6,0.0,0.0,11.3,48.3,10:40,NNW
2011,1,17,4.1,10.1,15:40,0.0,7:20,14.3,0.0,0.0,0.8,16.1,2:20,E
2011,1,18,3.4,10.2,15:30,-1.4,7:20,14.9,0.0,0.0,0.2,8.0,7:40,E
2011,1,19,4.4,12.3,15:20,-0.7,8:00,13.9,0.0,0.0,0.2,11.3,22:20,SW
2011,1,20,4.3,8.8,16:00,0.5,7:00,14.1,0.0,0.0,0.0,9.7,23:30,SSW
2011,1,21,5.2,6.4,13:00,3.9,3:10,13.1,0.0,2.4,0.2,9.7,6:10,NE
2011,1,22,6.1,7.9,13:10,5.1,20:50,12.2,0.0,4.2,0.8,16.1,19:20,NNW
2011,1,23,3.9,6.1,0:10,2.0,00:00,14.4,0.0,3.0,0.6,20.9,3:30,E
2011,1,24,2.3,5.3,16:10,-0.1,6:10,16.0,0.0,0.0,0.6,14.5,16:30,NE
2011,1,25,-1.1,1.7,0:10,-4.8,00:00,19.4,0.0,0.0,8.2,32.2,10:40,NNW
2011,1,26,-3.3,1.9,16:30,-7.9,8:00,21.7,0.0,0.0,0.6,16.1,0:10,NNW
2011,1,27,0.6,5.3,14:20,-4.1,2:00,17.8,0.0,0.0,0.6,12.9,8:10,E
2011,1,28,2.3,3.9,15:10,0.7,3:20,16.0,0.0,5.0,3.9,19.3,17:50,ENE
2011,1,29,1.7,3.3,14:00,0.3,7:40,16.6,0.0,0.0,0.6,11.3,2:30,W
2011,1,30,2.3,3.9,15:30,1.4,2:10,16.0,0.0,0.0,0.3,9.7,15:00,SSW
2011,1,31,2.6,4.1,16:10,-0.1,00:00,15.8,0.0,0.0,0.5,8.0,1:00,NE
2011,2,1,0.9,5.6,15:40,-3.4,7:50,17.4,0.0,0.0,1.1,16.1,16:20,SSW
2011,2,2,1.5,4.8,15:50,-1.2,8:00,16.8,0.0,0.0,1.0,14.5,15:50,SSE
2011,2,3,2.0,4.2,15:40,-0.1,6:00,16.3,0.0,0.0,2.4,16.1,13:50,WSW
2011,2,4,3.6,7.4,15:00,-0.6,00:00,14.7,0.0,0.0,4.3,27.4,6:20,NNE
2011,2,5,2.2,9.8,16:10,-3.3,7:10,16.1,0.0,0.0,0.5,12.9,3:30,W
2011,2,6,7.3,16.6,14:40,-0.8,7:10,11.1,0.0,0.0,4.8,35.4,16:40,W
2011,2,7,9.9,17.0,15:30,4.1,6:30,8.4,0.0,0.0,6.6,37.0,15:30,WSW
2011,2,8,5.7,14.8,16:10,0.2,8:00,12.7,0.0,0.0,0.3,24.1,0:10,ESE
2011,2,9,6.8,15.1,15:00,0.6,7:20,11.6,0.0,0.0,1.8,20.9,14:10,W
2011,2,10,5.1,12.1,15:20,0.3,5:30,13.3,0.0,0.0,1.3,17.7,19:10,W
2011,2,11,4.6,12.8,18:00,-2.9,7:40,13.7,0.0,0.0,1.1,25.7,23:30,SSW
2011,2,12,8.6,12.6,15:40,4.2,4:40,9.7,0.0,0.0,7.4,41.8,13:00,W
2011,2,13,6.2,12.7,15:40,0.6,7:30,12.2,0.0,0.0,1.4,22.5,17:40,W
2011,2,14,6.4,10.8,17:10,3.3,7:30,11.9,0.0,0.0,0.0,4.8,0:10,S
2011,2,15,6.3,9.9,14:20,4.3,7:30,12.0,0.0,2.2,1.0,20.9,15:50,W
2011,2,16,5.6,6.7,14:50,4.8,7:20,12.8,0.0,0.2,2.6,20.9,12:00,SSE
2011,2,17,6.9,10.7,16:10,4.4,4:20,11.4,0.0,3.6,3.1,29.0,4:40,SSE
2011,2,18,8.1,9.6,21:30,6.1,0:10,10.3,0.0,0.8,4.8,35.4,18:50,NE
2011,2,19,8.6,10.1,13:50,6.3,21:20,9.7,0.0,2.6,10.9,48.3,2:50,NE
2011,2,20,7.0,9.3,15:20,5.6,8:00,11.3,0.0,0.0,1.8,17.7,10:20,S
2011,2,21,5.1,5.8,14:40,3.9,00:00,13.3,0.0,8.0,1.9,20.9,2:00,SSE
2011,2,22,5.6,8.6,16:20,3.5,1:20,12.8,0.0,1.4,1.6,29.0,18:50,W
2011,2,23,5.2,7.1,13:40,3.9,23:10,13.2,0.0,0.8,3.2,20.9,16:00,ENE
2011,2,24,4.4,5.3,14:10,2.6,6:40,13.9,0.0,0.8,4.3,19.3,13:50,E
2011,2,25,4.4,6.2,14:00,3.3,7:40,13.9,0.0,0.0,1.4,14.5,22:10,E
2011,2,26,3.4,5.2,14:40,2.2,7:50,14.9,0.0,0.0,1.4,14.5,15:30,SSW
2011,2,27,3.1,4.3,15:10,2.2,7:10,15.2,0.0,0.0,1.4,14.5,8:40,SSE
2011,2,28,3.6,4.7,16:40,2.4,6:50,14.7,0.0,0.0,0.5,11.3,9:20,NNE
2011,3,1,4.4,6.4,14:50,3.4,4:50,13.9,0.0,0.0,2.1,20.9,17:10,SSE
2011,3,2,2.6,3.9,0:10,1.4,00:00,15.8,0.0,5.0,2.1,20.9,4:20,SSE
2011,3,3,1.9,3.4,17:20,0.6,5:50,16.4,0.0,5.2,0.2,8.0,0:40,ENE
2011,3,4,3.7,5.2,13:10,2.2,6:40,14.7,0.0,0.0,0.8,12.9,14:10,SSE
2011,3,5,3.9,5.1,12:00,3.4,5:00,14.4,0.0,4.6,0.3,12.9,11:20,ESE
2011,3,6,5.6,9.4,16:00,2.6,00:00,12.8,0.0,0.2,3.1,41.8,22:10,W
2011,3,7,0.6,2.6,13:50,-2.6,22:40,17.8,0.0,0.0,15.4,53.1,12:10,N
2011,3,8,-1.2,1.7,15:00,-3.3,7:20,19.5,0.0,0.0,13.4,56.3,3:20,N
2011,3,9,0.0,4.4,14:40,-4.1,7:20,18.3,0.0,0.0,7.1,40.2,5:30,NNW
2011,3,10,2.1,10.4,15:20,-5.5,6:10,16.2,0.0,0.0,2.6,25.7,14:10,SSW
2011,3,11,5.2,13.7,15:50,-1.7,6:50,13.1,0.0,0.0,1.9,22.5,16:30,W
2011,3,12,7.3,16.1,15:50,-0.5,6:50,11.1,0.0,0.0,0.5,20.9,19:30,E
2011,3,13,8.1,15.1,14:00,1.2,6:40,10.3,0.0,0.0,1.4,24.1,13:10,W
2011,3,14,10.2,17.4,16:00,4.9,1:50,8.2,0.0,0.0,0.6,19.3,3:10,SE
2011,3,15,11.3,17.4,16:40,6.8,7:10,7.0,0.0,0.0,0.6,14.5,19:50,NNE
2011,3,16,11.4,19.6,16:40,3.5,7:10,7.0,0.1,0.0,2.1,24.1,21:40,S
2011,3,17,11.8,17.1,15:10,7.9,00:00,6.6,0.0,2.4,2.9,33.8,17:10,SSE
2011,3,18,9.7,14.9,12:50,3.8,7:40,8.7,0.0,0.6,2.3,27.4,14:10,SW
2011,3,19,8.7,10.8,12:10,7.1,23:10,9.6,0.0,0.8,2.6,19.3,16:20,NNE
2011,3,20,8.2,9.9,14:40,7.0,6:30,10.1,0.0,0.0,4.0,22.5,15:20,NE
2011,3,21,6.8,7.8,0:50,5.4,00:00,11.5,0.0,0.2,4.7,19.3,8:50,E
2011,3,22,6.6,9.9,14:50,4.7,3:00,11.8,0.0,0.0,3.9,19.3,8:00,E
2011,3,23,7.9,11.7,15:30,3.9,5:20,10.4,0.0,0.0,7.6,30.6,8:40,NNE
2011,3,24,11.5,16.5,15:30,8.0,5:00,6.8,0.0,0.0,6.8,41.8,2:30,NNW
2011,3,25,11.5,20.2,16:30,3.7,6:30,6.9,0.1,0.0,2.1,19.3,17:50,ESE
2011,3,26,11.3,18.7,13:50,5.3,6:30,7.1,0.0,0.0,4.0,35.4,16:30,W
2011,3,27,11.3,18.3,16:00,5.3,7:50,6.7,0.0,0.0,5.3,27.4,12:30,WSW
2011,3,28,11.0,18.3,17:10,4.7,7:10,7.3,0.0,0.0,1.8,20.9,13:40,W
2011,3,29,10.3,12.3,0:20,8.8,00:00,8.1,0.0,9.4,1.3,16.1,5:30,NNE
2011,3,30,10.2,15.9,15:30,5.1,6:40,8.1,0.0,0.8,1.8,14.5,8:20,W
2011,3,31,11.4,15.0,15:00,7.9,6:00,6.9,0.0,0.0,4.2,22.5,17:10,E
2011,4,1,11.8,14.6,16:30,9.7,5:50,6.6,0.0,0.0,2.7,32.2,12:10,E
2011,4,2,13.0,17.0,18:10,8.3,3:00,5.3,0.0,0.0,7.2,35.4,10:40,NE
2011,4,3,12.0,16.0,13:40,6.8,7:20,6.3,0.0,0.0,6.3,43.5,16:10,W
2011,4,4,10.9,18.5,17:10,3.9,7:10,7.4,0.0,0.0,1.4,12.9,4:50,E
2011,4,5,11.2,16.8,14:20,5.6,5:30,7.2,0.0,0.0,2.9,33.8,13:30,S
2011,4,6,10.8,12.3,0:10,9.4,9:00,7.5,0.0,0.0,11.1,45.1,7:50,N
2011,4,7,13.4,18.8,17:40,9.0,7:10,4.9,0.0,0.0,6.3,32.2,5:20,NE
2011,4,8,15.0,23.9,15:30,6.9,7:20,4.5,1.2,0.0,3.5,38.6,15:20,W
2011,4,9,17.0,23.3,15:10,10.9,7:50,2.6,1.2,0.0,6.0,56.3,14:30,W
2011,4,10,15.4,21.4,16:40,9.4,7:50,3.3,0.4,0.0,6.3,32.2,19:00,NNW
2011,4,11,11.1,15.3,17:10,4.2,7:00,7.2,0.0,0.0,4.8,30.6,11:20,NE
2011,4,12,11.5,20.5,15:50,2.5,7:30,7.1,0.3,0.0,3.7,33.8,15:50,W
2011,4,13,12.4,20.1,13:40,6.2,7:00,6.0,0.1,1.2,6.0,41.8,14:00,SSE
2011,4,14,7.7,12.3,16:20,3.5,7:10,10.6,0.0,0.8,7.4,38.6,12:10,W
2011,4,15,8.8,14.9,15:30,2.3,5:20,9.5,0.0,0.0,1.6,16.1,21:50,NE
2011,4,16,7.9,10.8,0:10,6.4,20:00,10.4,0.0,5.8,2.3,20.9,9:10,SSE
2011,4,17,8.2,10.7,16:20,4.5,00:00,10.1,0.0,0.4,5.8,33.8,21:30,NE
2011,4,18,7.3,9.9,18:40,4.4,0:30,11.1,0.0,0.0,5.1,30.6,13:20,NE
2011,4,19,10.7,14.9,15:10,6.7,7:50,7.6,0.0,0.0,6.8,35.4,17:20,NE
2011,4,20,11.7,18.5,15:40,4.9,7:00,6.7,0.0,0.0,1.0,17.7,3:20,NE
2011,4,21,12.4,20.0,17:20,5.0,6:30,6.1,0.2,0.0,1.0,22.5,21:00,E
2011,4,22,13.3,20.8,16:50,5.3,7:20,5.3,0.3,0.0,1.1,25.7,18:20,NE
2011,4,23,13.6,20.9,16:30,6.5,7:50,5.0,0.2,0.0,1.4,17.7,20:10,SSE
2011,4,24,13.8,20.8,17:30,8.9,7:30,4.7,0.2,0.0,1.9,22.5,19:50,E
2011,4,25,14.2,19.9,16:00,10.2,6:50,4.2,0.1,0.0,2.4,27.4,23:50,SSE
2011,4,26,10.1,12.3,0:10,8.4,9:30,8.2,0.0,2.8,2.6,30.6,1:30,SSE
2011,4,27,8.5,10.2,17:10,6.5,7:00,9.8,0.0,3.4,1.0,17.7,1:30,W
2011,4,28,11.2,13.8,17:50,9.1,1:10,7.2,0.0,0.0,0.5,14.5,18:10,SW
2011,4,29,11.9,18.3,14:00,8.3,6:50,6.4,0.0,0.2,1.6,27.4,15:20,W
2011,4,30,11.8,18.9,15:50,6.7,6:50,6.6,0.0,2.6,1.3,27.4,17:40,SW
2011,5,1,13.0,18.9,15:50,10.4,7:00,5.3,0.0,11.0,1.9,33.8,18:20,SSE
2011,5,2,15.4,21.2,15:00,9.7,6:30,3.4,0.6,0.0,3.2,29.0,14:10,W
2011,5,3,13.7,18.2,17:30,10.9,10:20,4.6,0.0,17.0,1.1,17.7,1:40,NE
2011,5,4,13.4,18.7,12:40,10.6,4:20,4.9,0.0,8.0,0.8,20.9,13:10,SW
2011,5,5,11.8,15.2,15:10,9.7,00:00,6.5,0.0,0.6,7.9,45.1,23:20,NE
2011,5,6,12.1,17.6,17:40,7.8,6:30,6.3,0.0,0.0,6.9,53.1,0:10,NNW
2011,5,7,12.8,21.6,16:10,4.3,6:50,6.1,0.5,0.0,3.9,37.0,19:50,W
2011,5,8,15.1,22.4,16:40,7.4,6:40,4.2,0.9,0.0,3.5,35.4,12:50,W
2011,5,9,11.3,13.7,11:20,10.1,21:20,7.1,0.0,2.2,3.4,20.9,11:40,ENE
2011,5,10,12.6,16.9,17:00,8.9,6:30,5.7,0.0,0.0,3.9,27.4,19:30,NE
2011,5,11,12.4,18.8,13:40,8.8,00:00,5.9,0.0,0.4,5.3,35.4,20:00,W
2011,5,12,13.7,18.9,16:50,7.3,3:10,4.7,0.0,0.0,5.5,35.4,12:40,NE
2011,5,13,15.2,22.4,16:50,7.3,6:30,3.9,0.8,0.0,1.9,24.1,12:30,E
2011,5,14,16.8,24.8,14:50,9.3,5:50,3.3,1.7,0.0,0.6,22.5,19:00,SSW
2011,5,15,17.2,26.1,15:10,9.7,6:50,2.7,1.6,0.8,1.4,24.1,16:30,SSE
2011,5,16,16.1,22.3,13:20,11.4,4:20,2.8,0.4,0.0,3.4,40.2,17:50,SSE
2011,5,17,12.8,18.7,13:20,9.1,7:10,5.5,0.0,17.8,2.6,33.8,17:00,NNE
2011,5,18,14.7,19.6,17:10,8.6,6:50,3.8,0.1,0.0,4.7,32.2,3:00,ENE
2011,5,19,13.2,16.0,18:20,11.0,4:30,5.1,0.0,3.4,3.1,22.5,2:00,NE
2011,5,20,15.7,23.2,17:10,8.2,7:10,3.9,1.2,0.0,0.5,11.3,22:30,E
2011,5,21,16.8,24.7,16:40,10.3,5:00,2.8,1.4,0.0,1.1,22.5,17:10,ESE
2011,5,22,18.2,24.0,13:50,12.3,6:10,1.8,1.6,0.0,1.6,17.7,14:10,SSW
2011,5,23,17.7,24.6,14:10,12.3,6:30,1.9,1.3,1.2,1.6,20.9,18:10,SW
2011,5,24,17.7,24.2,17:30,11.9,6:40,2.0,1.4,0.0,0.6,17.7,18:30,NNW
2011,5,25,17.9,24.9,14:40,11.8,6:10,1.9,1.6,1.0,1.4,22.5,17:20,SSE
2011,5,26,18.6,23.8,16:20,14.2,6:40,1.4,1.6,0.8,1.9,19.3,15:50,NE
2011,5,27,18.5,23.4,15:40,13.4,7:00,1.3,1.5,1.4,2.9,24.1,20:30,E
2011,5,28,18.2,25.4,16:40,12.9,6:50,1.8,1.7,2.4,1.1,22.5,20:10,NE
2011,5,29,16.7,22.1,12:00,12.3,6:50,2.2,0.4,1.4,1.3,25.7,15:40,NE
2011,5,30,18.0,24.6,16:00,11.8,5:20,2.1,1.7,0.2,1.1,22.5,17:00,W
2011,5,31,17.9,25.2,14:50,12.6,6:20,1.6,1.2,1.6,1.3,33.8,15:50,E
2011,6,1,18.6,26.1,15:30,11.8,6:40,1.9,2.2,0.0,1.8,29.0,20:00,W
2011,6,2,17.9,24.9,13:20,13.9,7:00,1.8,1.4,13.8,2.1,40.2,17:50,SW
2011,6,3,16.9,23.7,13:10,13.3,1:20,1.9,0.6,9.8,1.0,24.1,13:50,WSW
2011,6,4,17.5,24.4,15:30,12.8,6:00,2.1,1.3,1.4,1.8,24.1,16:20,NE
2011,6,5,18.7,25.5,15:30,12.4,6:50,1.6,1.9,0.2,1.1,20.9,15:30,SSE
2011,6,6,20.6,26.0,16:00,14.4,5:50,0.9,3.2,0.0,1.9,24.1,13:50,SSE
2011,6,7,19.4,24.2,15:50,14.6,7:20,0.6,1.7,0.4,1.1,19.3,13:40,NE
2011,6,8,21.9,28.1,16:50,15.7,6:20,0.4,3.9,0.2,2.4,24.1,17:30,SSE
2011,6,9,21.5,27.7,14:00,14.8,6:30,0.5,3.6,0.0,3.7,32.2,13:50,W
2011,6,10,19.7,25.2,17:20,14.4,6:30,0.7,2.1,0.0,6.0,38.6,17:40,W
2011,6,11,18.9,25.7,15:50,13.6,6:20,1.3,1.8,29.0,2.9,35.4,18:50,NNW
2011,6,12,18.9,23.2,17:20,15.4,6:10,0.7,1.2,0.8,5.3,37.0,15:20,NE
2011,6,13,19.6,24.7,17:40,13.8,5:00,0.8,2.1,0.2,3.9,24.1,6:00,NE
2011,6,14,19.1,25.8,15:30,13.2,5:50,1.4,2.1,0.0,1.3,22.5,19:40,W
2011,6,15,17.4,23.9,14:10,14.3,00:00,1.6,0.7,3.0,1.8,27.4,15:10,W
2011,6,16,17.5,23.9,14:30,13.1,5:10,1.8,1.0,0.8,0.6,17.7,15:00,SW
2011,6,17,19.8,27.1,15:40,12.7,5:30,1.6,3.1,0.2,1.0,16.1,21:40,E
2011,6,18,21.9,29.6,16:10,14.4,5:50,0.7,4.3,0.0,1.6,20.9,15:50,SW
2011,6,19,22.4,30.7,16:00,14.4,6:00,0.7,4.7,0.0,2.3,22.5,16:50,W
2011,6,20,22.7,28.8,15:40,16.1,6:10,0.3,4.7,0.0,2.1,24.1,22:00,NE
2011,6,21,22.8,27.9,17:30,18.2,6:40,0.0,4.4,0.0,0.5,11.3,15:20,NNE
2011,6,22,22.8,29.8,17:00,14.9,6:20,0.5,4.9,0.0,0.5,11.3,3:30,S
2011,6,23,23.1,30.1,17:40,15.0,6:10,0.5,5.2,0.0,0.5,14.5,21:00,SSE
2011,6,24,24.2,31.6,16:30,16.7,5:30,0.2,6.0,0.0,0.3,11.3,5:30,NE
2011,6,25,22.8,30.6,14:20,17.7,6:40,0.1,4.5,0.0,5.1,41.8,21:10,NE
2011,6,26,18.6,22.6,17:50,14.6,6:10,0.9,1.3,0.0,9.2,53.1,8:40,NE
2011,6,27,17.8,23.3,18:00,11.6,6:30,1.6,1.1,0.0,3.4,24.1,23:40,NE
2011,6,28,18.5,23.7,14:40,11.1,6:10,1.6,1.8,0.0,3.2,25.7,18:00,NNW
2011,6,29,20.1,23.8,13:30,15.8,6:00,0.4,2.2,0.0,2.9,24.1,12:00,NE
2011,6,30,21.6,29.0,15:30,14.4,4:40,0.9,4.2,0.0,3.5,37.0,12:30,W
2011,7,1,20.7,25.3,18:30,17.1,8:30,0.1,2.4,1.4,3.2,27.4,15:50,NE
2011,7,2,20.8,28.9,17:10,13.4,6:30,1.1,3.6,0.0,1.4,19.3,18:00,NE
2011,7,3,20.1,25.4,16:40,14.6,6:50,0.6,2.3,0.0,3.4,33.8,19:30,SSE
2011,7,4,19.9,27.7,16:40,10.9,6:40,1.8,3.4,0.0,2.4,27.4,15:50,W
2011,7,5,20.8,29.4,14:10,13.0,6:30,1.0,3.4,1.2,2.4,41.8,15:20,ENE
2011,7,6,21.2,27.5,18:20,15.7,5:50,0.5,3.3,1.6,2.6,22.5,11:20,W
2011,7,7,22.5,29.6,17:30,14.7,6:10,0.6,4.8,0.0,0.6,12.9,20:30,SW
2011,7,8,23.5,30.9,16:30,15.3,7:00,0.4,5.6,0.0,0.5,16.1,0:50,NE
2011,7,9,24.3,31.8,17:40,16.1,6:50,0.2,6.2,0.0,1.0,19.3,15:50,ENE
2011,7,10,24.7,31.6,16:30,16.8,6:20,0.1,6.5,0.0,1.6,19.3,15:30,NE
2011,7,11,24.9,33.1,16:50,16.7,5:20,0.2,6.8,0.0,0.6,14.5,20:40,E
2011,7,12,25.4,32.2,17:40,18.4,6:10,0.0,7.1,0.0,1.6,20.9,15:50,SW
2011,7,13,25.7,32.5,17:10,18.4,6:50,0.0,7.3,0.0,1.4,22.5,3:50,W
2011,7,14,25.7,32.7,15:50,17.9,6:10,0.0,7.4,0.0,0.5,11.3,5:20,ENE
2011,7,15,26.7,33.9,19:10,19.0,6:30,0.0,8.4,0.0,0.5,22.5,22:00,NNE
2011,7,16,27.7,36.6,16:00,20.2,6:10,0.0,9.3,0.0,2.1,29.0,17:30,SSE
2011,7,17,25.3,32.7,15:30,18.2,6:10,0.0,7.0,0.0,3.5,29.0,18:20,NNW
2011,7,18,25.2,32.7,19:10,17.4,6:10,0.1,6.9,0.0,0.6,17.7,1:00,NE
2011,7,19,26.3,35.8,17:40,17.6,6:40,0.0,8.0,0.0,1.1,22.5,17:50,ENE
2011,7,20,25.4,34.3,14:50,17.8,6:10,0.0,7.1,0.0,5.1,41.8,15:20,SSE
2011,7,21,22.8,27.9,17:00,18.1,6:10,0.0,4.5,0.0,6.8,43.5,9:50,W
2011,7,22,22.3,30.2,16:00,14.0,6:20,0.6,4.6,0.0,4.2,40.2,19:10,W
2011,7,23,22.2,28.8,16:30,13.3,7:00,0.7,4.6,0.0,3.4,41.8,21:30,NE
2011,7,24,23.6,31.1,17:40,16.2,7:20,0.2,5.4,0.0,1.8,24.1,17:50,E
2011,7,25,22.4,29.0,16:20,15.9,7:30,0.3,4.4,0.0,2.9,29.0,17:10,W
2011,7,26,20.5,26.4,16:50,13.5,6:30,0.8,3.0,0.0,1.6,20.9,15:20,SSE
2011,7,27,21.8,28.8,17:00,13.7,6:30,0.9,4.3,0.0,1.1,20.9,20:30,E
2011,7,28,23.7,31.8,17:50,14.9,7:10,0.6,5.9,0.0,0.2,12.9,0:10,SSE
2011,7,29,24.4,30.8,15:00,18.7,6:40,0.0,6.1,0.0,3.1,38.6,18:00,W
2011,7,30,22.9,28.3,16:00,17.8,6:10,0.0,4.6,0.0,5.3,37.0,13:00,W
2011,7,31,21.6,28.7,17:40,15.4,6:20,0.4,3.6,0.2,1.8,35.4,19:20,NE
2011,8,1,20.3,27.2,13:50,15.2,5:40,0.6,2.6,1.2,1.1,27.4,19:00,NE
2011,8,2,20.6,28.1,17:00,14.4,6:10,0.9,3.3,0.6,0.8,29.0,19:10,NE
2011,8,3,21.8,27.9,16:30,15.0,7:10,0.6,4.0,0.0,1.6,17.7,20:10,NE
2011,8,4,23.1,30.6,18:00,15.1,6:20,0.6,5.3,0.0,0.6,16.1,8:40,SW
2011,8,5,22.0,29.4,14:50,17.2,6:40,0.1,3.7,0.6,1.8,35.4,18:50,NE
2011,8,6,21.8,29.3,18:20,15.1,5:40,0.8,4.3,0.0,0.6,22.5,17:30,SSE
2011,8,7,24.5,31.3,17:40,18.2,6:20,0.0,6.2,0.0,0.2,11.3,6:00,NE
2011,8,8,25.3,33.1,19:00,17.4,6:00,0.1,7.1,0.0,0.2,9.7,6:30,SSE
2011,8,9,26.4,34.1,17:00,18.1,6:50,0.0,8.1,0.0,1.8,25.7,20:40,S
2011,8,10,21.8,29.5,12:30,17.4,20:20,0.1,3.6,9.2,5.1,43.5,20:00,NNW
2011,8,11,19.8,24.0,17:00,16.2,6:40,0.4,2.0,0.0,9.2,46.7,4:20,NE
2011,8,12,20.1,28.6,18:00,11.6,7:00,1.7,3.4,0.0,1.0,22.5,1:00,E
2011,8,13,21.7,29.6,17:20,13.4,7:00,1.1,4.4,0.0,0.5,12.9,7:50,NE
2011,8,14,22.7,30.3,16:40,15.1,6:00,0.6,4.9,0.0,0.6,16.1,18:40,NE
2011,8,15,23.8,31.2,16:40,16.8,7:10,0.2,5.7,0.0,1.3,20.9,16:10,SSE
2011,8,16,23.8,31.7,16:10,18.3,8:00,0.0,5.4,0.2,1.0,32.2,16:10,W
2011,8,17,24.1,31.3,16:10,17.4,6:40,0.1,5.8,0.0,0.5,16.1,4:20,W
2011,8,18,24.8,31.3,16:30,17.9,7:10,0.0,6.4,0.0,0.0,11.3,1:00,S
2011,8,19,25.3,31.8,17:50,18.3,7:10,0.0,6.9,0.0,0.0,14.5,22:10,SSE
2011,8,20,25.4,32.1,15:40,17.7,7:30,0.0,7.1,0.0,2.4,22.5,23:20,NE
2011,8,21,26.1,30.2,17:10,21.4,00:00,0.0,7.8,0.0,5.0,37.0,8:30,NNW
2011,8,22,23.8,30.3,17:00,16.3,7:30,0.2,5.7,0.0,1.0,16.1,15:50,NE
2011,8,23,24.2,31.3,17:50,16.7,7:30,0.2,6.1,0.0,0.3,20.9,21:50,SSE
2011,8,24,24.5,31.7,17:30,16.8,7:20,0.1,6.3,0.0,0.8,16.1,15:50,E
2011,8,25,24.9,32.6,16:50,16.5,7:20,0.1,6.7,0.0,0.6,16.1,15:20,ENE
2011,8,26,24.5,30.6,17:10,17.8,7:10,0.0,6.2,0.0,1.4,20.9,15:20,ENE
2011,8,27,23.1,29.5,17:10,16.3,7:00,0.2,5.0,0.0,0.3,16.1,21:30,NNE
2011,8,28,22.6,29.7,16:30,15.4,7:40,0.4,4.7,0.0,1.1,19.3,16:40,SSE
2011,8,29,21.9,28.6,17:20,14.3,7:40,0.7,4.2,0.0,0.2,12.9,2:10,SSE
2011,8,30,20.6,28.7,14:10,13.7,7:30,1.1,3.3,0.0,1.0,25.7,18:30,NNE
2011,8,31,22.0,28.9,13:30,18.1,00:00,0.0,3.7,0.8,0.8,27.4,14:10,ENE
2011,9,1,21.9,30.9,17:00,13.9,6:40,1.1,4.7,0.0,0.8,17.7,14:40,SW
2011,9,2,23.6,31.4,16:10,15.3,7:30,0.4,5.6,0.0,2.4,24.1,21:10,NE
2011,9,3,22.8,29.3,15:40,16.6,7:20,0.2,4.7,0.0,1.8,38.6,16:50,SSE
2011,9,4,22.6,29.8,17:40,15.4,6:00,0.4,4.7,0.0,0.6,16.1,5:40,NE
2011,9,5,23.4,31.1,16:50,15.8,7:00,0.3,5.4,0.0,0.5,14.5,4:00,SSE
2011,9,6,22.0,28.6,15:10,17.8,6:00,0.0,3.7,1.0,1.1,29.0,16:00,SW
2011,9,7,20.8,26.4,15:50,16.1,7:20,0.3,2.8,0.0,0.5,11.3,1:40,ENE
2011,9,8,21.9,30.2,17:10,14.8,6:20,0.7,4.4,0.0,1.4,25.7,20:10,SSE
2011,9,9,22.3,30.5,17:10,14.4,7:30,0.6,4.5,0.0,0.3,14.5,23:40,NE
2011,9,10,22.9,29.6,16:40,16.1,7:20,0.3,4.8,0.0,0.6,12.9,0:40,SSE
2011,9,11,23.3,30.9,17:00,16.4,7:00,0.2,5.3,0.0,0.2,11.3,0:50,SSE
2011,9,12,23.4,30.8,15:40,16.3,7:00,0.2,5.3,0.0,0.2,12.9,17:50,SW
2011,9,13,23.2,30.6,16:10,16.1,7:00,0.3,5.1,0.0,0.5,11.3,10:10,SSE
2011,9,14,22.7,30.4,17:30,15.6,6:30,0.5,4.8,0.0,0.3,12.9,3:40,SW
2011,9,15,22.4,31.2,16:20,14.8,7:30,0.6,4.6,0.0,0.2,22.5,21:50,SSE
2011,9,16,22.9,30.6,16:10,15.9,6:50,0.3,4.9,0.0,0.3,12.9,1:50,SE
2011,9,29,15.6,23.3,15:10,7.6,7:30,3.9,1.2,0.0,0.3,19.3,22:40,SSE
2011,9,30,17.7,22.8,15:10,12.8,4:00,1.9,1.3,0.0,2.9,30.6,5:30,NE
2011,10,1,15.9,22.1,14:30,11.4,7:40,3.0,0.6,0.0,1.0,17.7,1:30,W
2011,10,2,17.2,22.9,15:50,11.6,2:20,2.5,1.3,0.0,3.5,24.1,10:50,NE
2011,10,3,17.1,23.4,15:30,11.9,5:00,2.5,1.3,0.0,1.4,16.1,2:20,W
2011,10,4,15.9,23.7,16:40,8.9,7:30,3.6,1.1,0.0,0.6,14.5,21:50,E
2011,10,5,15.8,23.9,15:40,8.7,7:10,3.7,1.2,0.0,0.3,16.1,21:10,E
2011,10,6,15.7,23.8,16:30,9.2,7:10,3.6,1.0,0.0,0.2,11.3,19:40,E
2011,10,7,15.3,22.9,14:30,9.6,8:20,3.7,0.6,0.0,1.4,32.2,16:40,S
2011,10,8,14.2,20.8,14:10,10.8,2:10,4.2,0.1,19.4,2.3,30.6,15:00,SSE
2011,10,9,10.8,13.6,10:30,8.7,23:20,7.5,0.0,3.4,5.6,46.7,19:10,NNW
2011,10,10,9.3,11.6,15:10,7.6,7:30,9.0,0.0,0.0,11.7,45.1,1:30,NNW
2011,10,11,11.7,16.7,16:00,8.6,23:50,6.7,0.0,0.0,6.4,37.0,9:10,NNW
2011,10,12,14.3,20.6,15:40,8.2,2:40,4.3,0.3,0.0,0.5,16.1,2:40,W
2011,10,13,15.3,23.1,16:20,8.3,7:20,3.9,0.9,0.0,0.8,30.6,23:40,SSW
2011,10,14,11.6,16.2,0:20,8.9,18:40,6.8,0.0,3.4,4.5,48.3,1:00,NE
2011,10,15,7.6,9.3,0:40,6.6,7:20,10.8,0.0,4.4,0.3,11.3,0:20,W
2011,10,16,7.1,9.7,13:40,4.2,00:00,11.3,0.0,0.0,9.5,43.5,14:10,NNW
2011,10,17,5.7,9.7,15:50,2.8,7:20,12.7,0.0,0.0,8.5,43.5,0:50,NE
2011,10,18,6.1,14.2,16:50,-0.8,8:00,12.2,0.0,0.0,2.3,33.8,0:20,SW
2011,10,19,8.1,18.4,16:50,-0.1,7:30,10.3,0.0,0.0,0.2,11.3,0:10,ENE
2011,10,20,9.4,19.2,16:50,1.9,7:50,8.9,0.0,0.0,0.5,11.3,9:50,SSW
2011,10,21,10.2,18.7,16:00,3.1,8:00,8.1,0.0,0.0,0.2,11.3,22:00,S
2011,10,22,12.3,16.6,16:50,7.9,8:30,6.0,0.0,0.0,0.2,11.3,18:20,NE
2011,10,23,11.6,13.3,13:30,10.3,7:40,6.7,0.0,2.6,0.2,12.9,5:10,SSE
2011,10,24,10.7,12.2,13:30,9.6,8:00,7.7,0.0,7.0,0.3,12.9,2:50,SSE
2011,10,25,11.2,13.3,13:40,9.1,8:00,7.2,0.0,0.2,0.0,8.0,9:20,SE
2011,10,26,11.3,13.5,14:00,10.1,8:10,7.0,0.0,0.0,0.8,16.1,20:20,SSE
2011,10,27,10.5,12.9,14:40,8.9,00:00,7.8,0.0,0.0,1.0,17.7,20:10,SSE
2011,10,28,8.9,13.4,16:20,4.7,00:00,9.4,0.0,0.0,0.2,14.5,9:10,NNE
2011,10,29,6.4,13.4,16:20,1.1,6:30,11.9,0.0,0.0,0.5,9.7,8:50,SSW
2011,10,30,6.9,12.7,15:40,3.2,23:50,11.4,0.0,0.0,0.5,12.9,12:50,S
2011,10,31,4.9,11.9,15:40,0.5,5:20,13.4,0.0,0.0,0.3,9.7,8:30,SSW
2011,11,1,5.9,14.4,15:20,0.6,3:30,12.4,0.0,0.0,0.3,9.7,10:00,NE
2011,11,2,6.3,13.8,15:00,0.2,7:10,12.1,0.0,0.0,0.5,9.7,9:00,SSE
2011,11,3,5.9,13.4,15:40,0.7,6:00,12.4,0.0,0.0,0.2,8.0,8:10,NE
2011,11,4,4.8,11.1,15:50,0.6,7:30,13.5,0.0,0.0,0.2,9.7,8:20,SSW
2011,11,5,3.6,7.4,15:40,0.8,8:40,14.7,0.0,0.0,0.5,16.1,6:50,NE
2011,11,6,5.1,10.1,15:10,0.6,5:20,13.3,0.0,0.2,0.3,14.5,5:10,NNE
2011,11,7,8.5,9.5,14:40,6.2,1:10,9.8,0.0,0.2,0.0,6.4,0:50,NE
2011,11,8,9.7,11.1,13:00,8.8,3:00,8.6,0.0,0.2,0.0,8.0,13:30,NE
2011,11,9,9.9,12.2,20:20,8.5,8:50,8.4,0.0,0.0,0.2,11.3,20:10,NE
2011,11,10,11.0,12.5,15:50,9.9,2:00,7.3,0.0,0.2,0.5,17.7,9:10,NE
2011,11,11,9.1,10.5,0:10,7.2,00:00,9.2,0.0,,0.8,11.3,17:50,E
2011,11,12,5.3,7.2,0:10,3.5,00:00,13.1,0.0,,1.6,14.5,23:40,E
2011,11,13,4.1,6.8,13:50,1.4,7:00,14.3,0.0,0.0,5.3,24.1,6:00,NNW
2011,11,14,3.6,6.5,14:20,0.1,22:00,14.7,0.0,0.0,4.2,32.2,5:00,NNW
2011,11,15,1.5,7.8,15:30,-3.3,6:40,16.8,0.0,0.0,0.3,14.5,1:00,ESE
2011,11,16,1.3,8.4,15:30,-3.9,6:50,17.0,0.0,0.0,0.3,9.7,23:00,SSW
2011,11,17,1.7,8.4,15:20,-3.3,7:00,16.7,0.0,0.0,0.2,16.1,20:10,SSW
2011,11,18,1.6,8.4,15:10,-3.4,7:10,16.7,0.0,1.8,0.2,8.0,4:20,S
2011,11,19,2.3,10.3,15:20,-3.3,7:30,16.0,0.0,0.0,0.0,9.7,1:30,E
2011,11,20,2.7,10.7,15:30,-2.8,7:20,15.7,0.0,0.0,0.2,8.0,9:30,SSW
2011,11,21,2.4,10.3,15:20,-2.4,7:20,15.9,0.0,0.0,0.2,9.7,21:30,SSW
2011,11,22,2.7,6.4,15:30,-1.9,4:20,15.7,0.0,3.0,0.6,14.5,9:20,SSW
2011,11,23,5.3,6.7,14:40,3.6,6:40,13.0,0.0,1.0,0.2,8.0,3:30,ENE
2011,11,24,6.8,7.8,14:40,6.2,0:30,11.6,0.0,1.8,0.2,8.0,9:20,SSE
2011,11,25,5.9,6.5,13:10,5.2,23:50,12.4,0.0,0.0,0.2,14.5,13:40,SSE
2011,11,26,5.6,9.2,15:30,2.0,00:00,12.8,0.0,0.0,0.3,14.5,23:20,SE
2011,11,27,3.9,10.6,15:40,0.0,6:20,14.4,0.0,0.2,0.3,17.7,2:50,NE
2011,11,28,5.2,13.3,15:00,-0.7,5:40,13.1,0.0,0.0,0.2,16.1,22:50,NE
2011,11,29,4.9,10.7,15:10,1.0,8:10,13.4,0.0,0.0,0.2,14.5,15:30,SE
2011,11,30,3.7,10.8,15:30,-0.3,8:10,14.6,0.0,0.0,0.0,6.4,3:10,NE
2011,12,1,4.3,12.8,15:00,-0.8,7:10,14.1,0.0,0.2,0.0,6.4,9:00,SSW
2011,12,2,4.3,12.3,14:40,-0.4,7:20,14.0,0.0,0.0,0.0,4.8,5:10,SSW
2011,12,3,4.6,12.3,15:10,-0.1,7:00,13.7,0.0,0.0,0.0,6.4,19:30,SSW
2011,12,4,4.9,10.9,15:40,-0.1,6:00,13.4,0.0,0.2,0.2,9.7,10:10,SE
2011,12,5,7.0,13.8,16:00,1.8,7:10,11.3,0.0,0.4,0.3,20.9,16:20,SSW
2011,12,6,9.1,11.2,15:00,6.6,20:50,9.3,0.0,2.8,1.0,33.8,21:50,NNW
2011,12,7,7.0,11.1,14:30,3.9,00:00,11.3,0.0,2.4,2.9,29.0,14:30,W
2011,12,8,4.1,12.7,14:00,-1.2,7:20,14.3,0.0,0.6,3.5,38.6,17:00,W
2011,12,9,1.7,7.2,15:30,-2.2,6:50,16.6,0.0,0.0,0.5,16.1,1:30,S
2011,12,10,3.6,7.1,16:30,-1.1,1:30,14.8,0.0,0.0,0.2,12.9,4:50,N
2011,12,11,6.8,12.3,18:00,2.2,5:30,11.5,0.0,0.0,0.2,16.1,17:50,NNW
2011,12,12,8.2,12.3,17:50,4.8,8:00,10.2,0.0,1.4,1.0,32.2,18:30,SSE
2011,12,13,6.9,11.7,13:30,4.2,7:30,11.4,0.0,1.4,0.3,11.3,9:10,ESE
2011,12,14,4.7,8.6,15:40,2.6,8:20,13.7,0.0,0.2,0.2,11.3,21:30,ENE
2011,12,15,5.3,9.4,15:20,0.8,7:20,13.1,0.0,0.2,0.2,12.9,12:20,SSE
2011,12,16,8.2,12.0,14:20,4.3,8:10,10.2,0.0,17.6,4.3,38.6,14:10,W
2011,12,17,9.3,12.3,7:00,5.3,1:30,9.0,0.0,11.6,5.1,43.5,21:00,SSE
2011,12,18,5.2,8.3,15:40,2.4,21:00,13.2,0.0,0.0,1.9,40.2,0:10,NNW
2011,12,19,2.9,4.4,1:30,1.4,11:20,15.4,0.0,9.8,0.0,6.4,1:50,E
2011,12,20,3.4,5.7,15:20,0.9,22:50,14.9,0.0,5.6,1.3,30.6,17:20,SW
2011,12,21,1.2,3.7,13:40,-0.7,8:00,17.1,0.0,1.4,0.8,24.1,15:00,SSE
2011,12,22,0.8,1.6,23:40,0.0,4:20,17.5,0.0,1.0,7.6,46.7,23:40,NNW
2011,12,23,2.1,3.6,12:20,0.3,00:00,16.2,0.0,4.8,8.4,45.1,6:30,NNW
2011,12,24,-1.9,1.8,14:30,-5.1,7:50,20.2,0.0,0.0,1.0,12.9,0:40,SSW
2011,12,25,-2.2,1.1,14:40,-5.8,1:40,20.5,0.0,0.0,1.8,17.7,17:20,S
2011,12,26,0.6,4.2,11:50,-2.9,3:20,17.7,0.0,0.0,2.3,19.3,14:10,SSW
2011,12,27,-0.9,4.1,14:40,-4.8,7:50,19.2,0.0,0.0,1.1,14.5,2:10,W
2011,12,28,-3.2,1.2,15:50,-6.1,5:50,21.5,0.0,0.0,0.3,11.3,1:30,S
2011,12,29,-2.7,1.6,16:20,-7.6,6:40,21.1,0.0,0.0,0.3,11.3,8:40,E
2011,12,30,-0.4,2.7,15:30,-5.2,8:50,18.7,0.0,2.0,0.3,11.3,11:10,SW
2011,12,31,1.8,4.4,14:20,-0.6,7:30,16.5,0.0,6.0,6.3,41.8,16:20,NNW
2012,1,1,-0.4,3.3,13:40,-5.3,00:00,18.7,0.0,0.0,2.3,30.6,0:40,WSW
2012,1,2,-2.7,3.3,15:40,-7.7,5:30,21.0,0.0,0.0,0.2,11.3,1:40,ESE
2012,1,3,-0.4,5.9,15:40,-4.8,8:20,18.8,0.0,0.0,0.0,6.4,21:40,S
2012,1,4,-0.4,5.2,15:20,-4.8,8:20,18.7,0.0,0.0,0.0,6.4,9:40,ESE
2012,1,5,1.7,6.8,14:20,-2.9,7:20,16.7,0.0,0.0,0.2,12.9,23:40,ESE
2012,1,6,4.2,6.1,4:40,0.9,23:50,14.1,0.0,9.2,6.4,54.7,17:30,SSE
2012,1,7,2.6,4.6,12:10,0.9,0:10,15.7,0.0,0.2,8.0,33.8,9:50,NW
2012,1,8,1.1,4.6,15:00,-1.8,23:20,17.3,0.0,0.0,4.2,33.8,2:20,SW
2012,1,9,0.2,4.9,15:40,-3.7,4:00,18.1,0.0,0.0,1.3,24.1,14:50,NNW
2012,1,10,2.1,4.3,14:00,-0.2,20:50,16.2,0.0,0.0,4.3,27.4,15:00,NW
2012,1,11,1.9,4.2,15:00,-1.2,6:50,16.4,0.0,0.0,7.4,46.7,21:10,NNW
2012,1,12,2.8,6.0,13:50,-1.7,00:00,15.6,0.0,0.0,8.2,38.6,4:10,NNW
2012,1,13,2.0,10.7,13:50,-4.6,8:00,16.3,0.0,0.0,2.3,38.6,18:30,NE
2012,1,14,1.4,4.5,0:30,-3.5,00:00,16.9,0.0,0.2,3.2,30.6,6:30,NNW
2012,1,15,-3.1,2.1,14:40,-7.6,7:50,21.4,0.0,0.0,3.1,22.5,16:00,SW
2012,1,16,-4.8,0.2,14:10,-9.3,8:00,23.2,0.0,0.0,3.9,27.4,18:30,SW
2012,1,17,-6.4,-0.4,14:50,-11.2,7:50,24.7,0.0,0.0,2.1,20.9,1:20,WSW
2012,1,18,-4.4,2.7,16:00,-9.5,7:30,22.8,0.0,0.0,0.8,16.1,23:20,ESE
2012,1,19,-2.7,3.7,16:20,-7.9,7:20,21.1,0.0,0.0,1.0,17.7,18:30,E
2012,1,20,5.2,10.4,14:50,-2.7,1:10,13.1,0.0,0.0,3.7,30.6,12:10,SW
2012,1,21,3.2,5.6,13:30,-1.4,00:00,15.2,0.0,4.4,5.8,40.2,9:10,NNW
2012,1,22,1.4,9.1,13:00,-4.4,7:50,16.9,0.0,0.0,2.7,38.6,14:20,NNW
2012,1,23,2.8,10.3,16:00,-2.1,5:50,15.5,0.0,0.0,0.3,16.1,7:20,SE
2012,1,24,3.5,5.3,16:30,2.0,9:10,14.8,0.0,0.4,0.5,16.1,22:40,NW
2012,1,25,2.4,4.9,11:10,0.2,23:40,15.9,0.0,2.6,4.2,37.0,17:40,NNW
2012,1,26,0.8,2.3,12:20,-0.4,00:00,17.5,0.0,0.0,10.3,37.0,11:20,NNE
2012,1,27,0.2,3.6,15:00,-3.0,00:00,18.1,0.0,0.0,5.0,27.4,3:40,NE
2012,1,28,-1.2,2.3,16:00,-4.8,3:10,19.5,0.0,0.0,0.3,11.3,7:20,NE
2012,1,29,0.4,1.1,0:10,-0.5,6:40,17.9,0.0,0.2,1.6,16.1,19:30,E
2012,1,30,-0.5,1.3,14:40,-1.9,23:30,18.8,0.0,0.0,8.0,25.7,23:30,ENE
2012,1,31,-2.6,0.0,14:40,-5.4,23:50,20.9,0.0,0.0,6.3,24.1,13:20,ENE
2012,2,1,-4.6,-2.1,16:20,-7.7,4:10,22.9,0.0,8.0,1.1,16.1,4:10,E
2012,2,2,-2.8,-0.9,15:10,-4.6,2:10,21.1,0.0,11.2,0.5,12.9,1:30,NE
2012,2,3,-0.3,1.7,20:50,-2.7,0:50,18.7,0.0,5.0,0.3,14.5,20:40,NNW
2012,2,4,2.1,4.3,12:50,0.8,17:00,16.2,0.0,18.4,1.0,19.3,11:20,SE
2012,2,5,2.1,3.3,14:30,1.2,2:10,16.3,0.0,1.8,0.6,16.1,18:10,NE
2012,2,6,2.7,5.2,19:00,1.3,6:00,15.7,0.0,4.0,8.0,56.3,18:20,NE
2012,2,7,0.9,3.2,0:10,-0.4,23:30,17.4,0.0,0.0,11.3,46.7,7:30,N
2012,2,8,-1.2,0.1,1:10,-2.9,23:40,19.6,0.0,0.0,7.1,25.7,14:40,NE
2012,2,9,-2.9,-0.6,14:00,-5.8,8:00,21.2,0.0,0.6,1.8,17.7,3:20,E
2012,2,10,-2.5,-1.1,14:20,-3.6,4:50,20.8,0.0,5.2,0.8,14.5,16:40,NE
2012,2,11,-0.2,2.1,14:00,-2.3,0:20,18.6,0.0,17.0,0.5,11.3,1:20,NNE
2012,2,12,1.2,2.3,17:20,0.2,0:10,17.1,0.0,7.4,0.3,11.3,17:20,NNW
2012,2,13,1.7,4.7,16:00,-0.3,22:40,16.7,0.0,8.2,0.8,22.5,17:00,SE
2012,2,14,-1.4,1.3,15:50,-4.8,8:10,19.7,0.0,0.0,1.0,12.9,2:30,NE
2012,2,15,-1.9,4.4,14:50,-7.0,6:00,20.2,0.0,0.0,2.1,33.8,17:50,SW
2012,2,16,0.1,4.2,15:50,-2.1,23:50,18.2,0.0,0.0,2.9,25.7,16:00,W
2012,2,17,-2.2,2.1,13:40,-7.1,7:50,20.5,0.0,0.0,4.3,29.0,0:30,W
2012,2,18,-0.1,6.9,15:30,-5.4,7:40,18.4,0.0,0.0,2.3,29.0,15:10,WSW
2012,2,19,0.3,6.2,15:10,-5.7,7:30,18.0,0.0,0.0,0.2,8.0,10:20,ESE
2012,2,20,3.0,6.8,16:40,0.4,6:00,15.3,0.0,0.0,0.0,8.0,1:20,ENE
2012,2,21,3.6,6.7,14:30,1.4,5:50,14.7,0.0,0.0,0.2,16.1,9:40,ENE
2012,2,22,4.3,6.5,13:50,2.0,4:20,14.1,0.0,0.0,3.4,29.0,9:10,ENE
2012,2,23,3.9,9.5,16:10,0.9,7:30,14.4,0.0,0.0,0.0,8.0,2:50,ESE
2012,2,24,5.0,13.3,15:10,-0.7,7:10,13.3,0.0,0.0,2.3,33.8,14:40,ESE
2012,2,25,7.3,16.2,15:20,0.8,6:50,11.1,0.0,0.0,1.3,17.7,13:40,SW
2012,2,26,5.9,10.8,14:00,1.5,23:00,12.4,0.0,8.8,2.1,32.2,18:10,NE
2012,2,27,1.8,3.1,2:40,-1.4,23:40,16.5,0.0,0.2,16.1,62.8,19:30,N
2012,2,28,-1.0,2.4,14:20,-3.6,6:10,19.3,0.0,0.0,7.7,48.3,1:10,NNW
2012,2,29,4.1,10.8,15:40,-2.7,3:40,14.2,0.0,0.0,7.9,64.4,18:50,NW
2012,3,1,4.1,7.1,15:50,-0.2,00:00,14.2,0.0,0.0,6.4,43.5,11:30,NE
2012,3,2,4.4,12.9,15:40,-2.3,7:00,13.9,0.0,0.0,2.4,37.0,15:00,ENE
2012,3,3,8.5,16.9,14:50,0.7,7:10,9.8,0.0,0.0,3.9,35.4,20:10,NNW
2012,3,4,7.0,13.8,16:20,0.7,7:10,11.3,0.0,0.0,0.2,12.9,20:20,ENE
2012,3,5,6.2,11.1,15:40,2.6,3:50,12.1,0.0,0.0,0.8,16.1,17:20,SSE
2012,3,6,5.6,9.3,13:10,2.2,5:40,12.7,0.0,0.0,1.4,19.3,13:50,SSE
2012,3,7,4.9,5.7,3:10,4.1,00:00,13.4,0.0,5.0,1.3,12.9,8:20,NE
2012,3,8,3.9,5.7,15:40,2.2,19:50,14.4,0.0,12.8,1.4,17.7,20:30,ESE
2012,3,9,3.6,4.7,12:10,2.8,23:00,14.7,0.0,6.8,1.9,12.9,16:20,WSW
2012,3,10,3.7,5.0,14:10,2.7,2:00,14.6,0.0,0.0,4.2,20.9,19:20,ENE
2012,3,11,3.9,5.2,00:00,3.1,13:30,14.4,0.0,0.0,6.8,38.6,22:50,E
2012,3,12,3.4,5.4,0:40,2.1,8:00,14.9,0.0,0.0,13.5,49.9,7:20,N
2012,3,13,4.2,7.1,15:20,1.7,7:10,14.2,0.0,0.0,10.0,45.1,9:50,N
2012,3,14,7.0,12.0,16:50,2.8,7:20,11.3,0.0,0.0,7.7,45.1,10:00,NW
2012,3,15,8.2,13.2,14:50,3.3,2:10,10.2,0.0,0.0,4.8,29.0,22:30,NNW
2012,3,16,8.3,15.5,16:50,0.9,6:40,10.0,0.0,0.0,4.0,24.1,8:20,WSW
2012,3,17,9.2,18.2,14:20,0.9,6:30,9.2,0.0,0.0,2.9,30.6,13:20,SSW
2012,3,18,10.2,20.6,15:10,1.9,5:50,8.3,0.2,0.0,1.9,29.0,15:00,SW
2012,3,19,11.7,22.4,14:20,2.8,6:30,7.2,0.6,0.0,2.1,27.4,14:10,E
2012,3,20,12.3,22.3,15:00,4.9,6:50,6.5,0.5,0.0,0.5,24.1,16:00,E
2012,3,21,12.6,21.9,15:10,5.4,6:20,6.2,0.5,0.0,1.3,20.9,16:50,ESE
2012,3,22,12.7,21.0,16:00,6.0,6:40,5.8,0.2,0.0,1.6,24.1,16:10,W
2012,3,23,11.8,19.3,14:40,4.6,6:50,6.6,0.1,0.0,0.8,19.3,19:30,ESE
2012,3,24,12.7,20.7,15:00,5.3,6:00,5.9,0.2,0.0,0.5,24.1,18:30,E
2012,3,25,12.3,19.0,17:20,7.8,7:20,5.8,0.0,0.2,2.9,32.2,15:10,ESE
2012,3,26,12.1,17.7,17:40,6.1,7:10,6.2,0.0,0.0,4.8,43.5,23:10,NE
2012,3,27,11.3,16.8,16:20,4.4,7:30,7.1,0.0,0.0,4.5,38.6,2:40,WSW
2012,3,28,11.5,17.0,16:30,6.1,5:30,6.8,0.0,0.0,4.5,27.4,11:40,NE
2012,3,29,10.9,19.6,16:30,2.6,6:10,7.5,0.1,0.0,3.9,35.4,17:10,NE
2012,3,30,13.8,19.9,15:00,8.4,8:00,4.6,0.1,0.0,6.3,41.8,10:40,NNW
2012,3,31,12.2,19.7,17:20,5.3,6:30,6.2,0.1,0.0,2.6,35.4,18:30,W
2012,4,1,11.8,19.8,15:50,4.9,6:40,6.6,0.1,0.0,4.0,38.6,14:30,W
2012,4,2,10.2,17.5,17:50,5.2,4:50,8.2,0.0,0.0,2.4,24.1,0:10,SSE
2012,4,3,12.6,21.3,16:50,5.9,6:40,6.0,0.3,0.0,1.9,29.0,20:00,SSE
2012,4,4,10.9,12.8,0:10,8.2,7:20,7.4,0.0,14.6,1.0,19.3,10:40,W
2012,4,5,11.9,13.8,16:40,10.4,6:50,6.4,0.0,10.8,0.6,17.7,20:10,SSE
2012,4,6,13.7,19.6,15:30,10.4,6:50,4.8,0.1,0.8,3.2,38.6,14:40,W
2012,4,7,13.7,18.0,14:30,9.0,7:10,4.6,0.0,0.0,1.9,27.4,23:50,SW
2012,4,8,11.7,16.2,13:50,7.2,00:00,6.7,0.0,0.6,5.5,43.5,12:10,W
2012,4,9,6.3,8.3,2:50,2.6,13:40,12.0,0.0,1.2,5.5,32.2,9:10,NNW
2012,4,10,6.3,10.9,18:20,1.8,7:20,12.0,0.0,2.8,2.4,16.1,2:40,SSE
2012,4,11,7.8,14.8,16:30,0.9,7:20,10.5,0.0,0.0,0.6,20.9,17:50,SW
2012,4,12,11.5,18.6,17:50,4.5,7:20,6.8,0.0,0.0,0.8,16.1,17:50,SW
2012,4,13,9.9,12.6,13:50,6.3,7:00,8.4,0.0,0.8,1.3,17.7,18:20,SSE
2012,4,14,11.8,14.3,11:30,10.1,00:00,6.6,0.0,1.8,4.3,35.4,15:20,SSE
2012,4,15,11.7,16.6,16:10,8.1,7:20,6.7,0.0,0.0,4.0,38.6,15:50,W
2012,4,16,10.7,16.0,13:20,5.4,4:50,7.7,0.0,3.4,2.7,49.9,18:50,SSE
2012,4,17,10.1,13.3,12:00,8.4,00:00,8.3,0.0,12.0,3.1,24.1,4:50,SSE
2012,4,18,9.4,12.3,15:20,6.6,8:50,8.9,0.0,12.6,5.3,37.0,22:00,W
2012,4,19,11.4,17.0,17:00,6.4,5:50,6.9,0.0,0.0,4.3,37.0,13:00,SSE
2012,4,20,11.0,16.2,16:40,7.6,9:50,7.3,0.0,9.4,3.1,32.2,15:40,SSE
2012,4,21,11.7,16.1,16:10,7.0,6:50,6.7,0.0,0.0,6.1,40.2,17:40,W
2012,4,22,12.6,19.4,17:00,5.7,7:30,5.8,0.1,0.0,3.1,30.6,15:50,W
2012,4,23,13.2,19.9,16:00,6.0,6:50,5.3,0.1,0.0,0.6,29.0,17:20,SW
2012,4,24,16.4,22.7,16:40,11.2,2:40,2.8,0.9,0.0,1.3,20.9,18:50,SSE
2012,4,25,15.4,21.2,12:30,9.4,7:00,3.4,0.5,0.0,5.0,48.3,16:50,SSW
2012,4,26,14.8,24.5,16:40,4.5,7:00,5.0,1.4,0.0,2.4,29.0,16:00,W
2012,4,27,17.1,25.9,14:50,8.3,6:40,3.3,1.9,0.0,1.4,25.7,22:50,E
2012,4,28,14.2,18.1,0:10,9.6,6:10,4.1,0.0,2.8,2.7,27.4,12:20,ENE
2012,4,29,16.4,24.7,17:00,8.3,6:50,3.6,1.7,0.0,1.9,17.7,0:10,E
2012,4,30,17.7,26.8,17:50,8.8,7:10,2.9,2.3,0.0,0.3,11.3,1:00,E
2012,5,1,18.6,27.1,16:00,10.3,7:10,2.3,2.6,0.0,0.3,17.7,15:50,SSE
2012,5,2,19.3,28.1,15:40,12.2,7:20,1.8,2.8,0.0,0.2,16.1,20:50,SSW
2012,5,3,18.1,25.3,15:40,11.7,6:30,1.9,1.7,0.0,1.8,22.5,15:10,SW
2012,5,4,17.3,25.2,15:40,10.4,6:30,2.6,1.6,0.0,2.4,33.8,16:10,SW
2012,5,5,17.1,25.4,16:10,8.7,7:20,3.0,1.8,0.0,3.9,33.8,22:00,S
2012,5,6,18.1,25.6,16:20,9.6,6:30,2.4,2.2,0.0,3.9,30.6,13:50,W
2012,5,7,18.6,25.6,14:30,11.1,6:00,1.7,2.0,0.0,2.4,38.6,16:00,S
2012,5,8,18.1,25.1,16:50,11.7,6:40,1.8,1.6,0.0,1.4,25.7,17:30,SW
2012,5,9,17.3,23.3,13:40,12.1,7:00,2.1,1.1,0.2,1.6,20.9,17:50,W
2012,5,10,16.9,24.4,15:30,11.1,6:10,2.5,1.2,0.6,1.6,40.2,16:20,SW
2012,5,11,18.3,24.4,16:10,12.3,5:40,1.8,1.8,0.0,1.8,37.0,00:00,NE
2012,5,12,19.7,27.0,15:50,13.7,5:00,1.2,2.5,0.4,2.9,27.4,18:20,WSW
2012,5,13,18.2,25.7,13:20,11.8,7:10,1.9,1.8,0.4,1.4,32.2,15:30,NE
2012,5,14,15.6,19.2,13:50,10.5,00:00,2.8,0.0,28.2,1.9,35.4,23:20,SSE
2012,5,15,11.1,13.7,14:00,7.5,5:00,7.2,0.0,1.0,1.8,22.5,18:30,SW
2012,5,16,14.4,19.6,16:20,10.4,6:30,4.0,0.1,0.0,4.7,35.4,8:50,W
2012,5,17,9.8,12.6,11:50,7.5,14:20,8.5,0.0,11.0,2.6,25.7,12:20,W
2012,5,18,12.7,17.9,17:30,9.1,0:50,5.6,0.0,0.0,8.9,48.3,10:10,NE
2012,5,19,16.1,23.4,16:50,8.1,6:40,3.4,1.2,0.0,1.3,16.1,3:50,E
2012,5,20,18.1,25.6,16:50,10.6,6:30,2.3,2.1,0.0,0.8,16.1,17:00,ESE
2012,5,21,16.5,21.2,16:30,13.3,5:20,2.1,0.2,0.8,1.3,24.1,19:00,SSE
2012,5,22,15.6,19.0,15:00,12.7,23:40,2.8,0.0,3.8,3.4,33.8,15:10,SSE
2012,5,23,14.6,19.9,14:40,10.1,7:10,3.9,0.1,0.2,3.1,33.8,18:00,W
2012,5,24,14.8,19.8,19:30,9.9,6:40,3.6,0.1,0.6,1.8,29.0,21:50,W
2012,5,25,16.4,21.9,13:50,11.4,5:20,2.7,0.8,2.0,0.0,9.7,0:10,NNW
2012,5,26,15.8,19.6,12:00,13.0,00:00,2.6,0.0,4.0,0.0,0.0,---,---
2012,5,27,14.1,18.9,13:50,11.7,6:10,4.2,0.0,1.8,0.5,32.2,14:40,SW
2012,5,28,16.1,21.6,17:20,11.4,5:50,2.7,0.4,0.4,4.3,30.6,23:20,W
2012,5,29,14.9,19.6,13:20,10.9,6:00,3.5,0.1,2.0,1.3,19.3,14:10,W
2012,5,30,15.4,20.4,15:40,10.2,6:40,3.2,0.3,0.0,2.3,22.5,14:50,NE
2012,5,31,17.2,23.9,15:00,10.1,7:10,2.6,1.4,0.4,1.6,29.0,17:00,W
2012,6,1,18.7,26.0,16:40,11.6,6:40,1.9,2.3,0.0,1.6,25.7,14:10,W
2012,6,2,19.3,27.4,17:00,11.4,6:30,1.8,2.8,0.0,1.0,17.7,18:30,E
2012,6,3,21.1,28.5,16:50,13.2,6:30,1.1,3.8,0.0,1.0,19.3,18:50,NNE
2012,6,4,21.3,29.3,16:40,14.5,6:50,0.7,3.7,0.0,1.3,24.1,17:50,SW
2012,6,5,16.3,19.6,0:10,13.7,14:00,2.1,0.1,8.2,2.3,38.6,11:40,W
2012,6,6,18.7,24.3,18:10,13.3,2:20,1.5,1.9,0.0,4.2,25.7,18:20,W
2012,6,7,20.2,28.1,16:40,12.3,6:20,1.6,3.4,0.0,1.0,22.5,18:50,ENE
2012,6,8,21.9,29.5,18:20,13.8,6:20,0.8,4.4,0.0,0.2,12.9,2:10,ESE
2012,6,9,23.3,31.7,16:00,15.6,6:40,0.3,5.3,0.0,0.3,20.9,15:30,W
2012,6,10,22.7,29.2,14:10,16.9,6:30,0.1,4.4,0.0,0.3,17.7,19:00,W
2012,6,11,22.8,31.3,16:10,14.5,6:20,0.6,5.1,0.0,1.8,24.1,18:30,SW
2012,6,12,23.6,31.7,15:50,15.6,6:40,0.3,5.6,0.0,1.4,24.1,16:50,W
2012,6,13,23.8,31.4,15:20,15.7,6:20,0.2,5.8,0.0,4.3,37.0,22:10,NNW
2012,6,14,22.1,29.3,17:20,14.5,7:00,0.7,4.4,0.0,3.5,25.7,16:00,W
2012,6,15,22.4,28.9,16:40,14.6,6:30,0.7,4.8,0.0,1.8,24.1,23:20,NE
2012,6,16,23.2,28.6,14:50,15.2,6:50,0.4,5.3,0.0,1.8,19.3,0:20,W
2012,6,17,22.4,28.3,16:00,15.3,6:40,0.4,4.6,0.0,1.6,24.1,17:00,S
2012,6,18,22.0,29.6,15:30,13.6,5:50,0.9,4.6,0.0,1.6,24.1,19:30,S
2012,6,19,22.4,30.8,16:00,13.1,6:10,1.1,5.2,0.0,0.8,14.5,22:50,SSW
2012,6,20,23.7,31.2,17:10,15.6,6:20,0.4,5.7,0.0,0.5,12.9,5:50,S
2012,6,21,24.3,31.7,16:40,16.0,5:20,0.3,6.2,0.0,0.3,14.5,5:30,SSW
2012,6,22,24.5,32.5,17:00,16.3,6:20,0.2,6.4,0.0,0.3,11.3,3:30,SW
2012,6,23,25.7,33.1,16:10,18.8,6:10,0.0,7.3,0.0,1.0,29.0,19:20,SW
2012,6,24,24.2,32.3,15:20,18.8,6:10,0.0,5.9,0.0,2.1,48.3,17:40,E
2012,6,25,23.9,31.0,17:40,16.7,6:40,0.2,5.8,0.2,1.3,17.7,21:00,NE
2012,6,26,24.5,30.8,16:40,16.3,6:20,0.2,6.3,0.0,1.6,16.1,17:30,NNE
2012,6,27,22.9,26.3,17:50,20.2,6:40,0.0,4.6,0.0,4.5,27.4,9:10,NE
2012,6,28,22.8,28.7,17:40,15.3,7:20,0.3,4.8,0.0,1.1,19.3,1:40,NE
2012,6,29,23.3,30.3,17:00,15.2,6:50,0.4,5.4,0.0,0.6,12.9,19:30,NE
2012,6,30,24.0,30.9,17:30,15.9,6:20,0.2,5.9,0.0,0.6,19.3,20:00,ESE
2012,7,1,24.2,30.2,17:00,17.2,6:50,0.1,5.9,0.0,0.8,16.1,14:30,ENE
2012,7,2,23.3,29.3,16:30,16.8,5:30,0.2,5.2,0.0,0.8,22.5,18:40,SSE
2012,7,3,23.2,29.6,18:10,15.5,6:50,0.4,5.3,0.0,0.0,9.7,0:10,SSE
2012,7,4,24.3,31.8,18:10,15.9,6:10,0.3,6.2,0.0,0.0,0.0,---,---
2012,7,5,24.8,32.7,16:50,16.4,6:50,0.1,6.6,0.0,0.0,8.0,23:40,SSW
2012,7,6,25.1,33.1,17:10,17.1,7:00,0.1,6.8,0.0,1.0,24.1,16:10,W
2012,7,7,25.9,33.4,15:50,18.8,6:50,0.0,7.6,0.0,0.6,20.9,21:20,ESE
2012,7,8,26.4,33.1,17:10,18.8,6:00,0.0,8.1,0.0,0.0,0.0,---,---
2012,7,9,27.2,34.0,16:30,19.6,6:30,0.0,8.9,0.0,0.0,0.0,---,---
2012,7,10,27.8,36.9,17:10,19.3,6:40,0.0,9.5,0.0,1.4,29.0,17:00,W
2012,7,11,27.2,34.8,16:10,18.7,6:00,0.0,8.9,0.0,1.8,25.7,16:10,NE
2012,7,12,27.1,36.4,16:10,17.9,7:40,0.0,8.7,0.0,4.2,59.5,22:20,E
2012,7,13,25.6,32.5,18:00,17.2,5:10,0.1,7.3,0.0,1.4,19.3,7:40,NNE
2012,7,14,26.8,34.8,19:10,18.2,7:00,0.0,8.4,0.0,0.5,11.3,17:40,S
2012,7,15,28.2,36.9,18:50,19.3,6:40,0.0,9.8,0.0,0.8,16.1,22:00,NE
2012,7,16,27.9,36.2,15:00,18.9,6:50,0.0,9.6,0.0,3.5,32.2,00:00,SSE
2012,7,17,24.4,28.4,17:20,20.3,6:50,0.0,6.1,0.0,5.5,38.6,2:00,NE
2012,7,18,24.7,29.1,18:10,20.8,8:10,0.0,6.4,0.0,2.4,29.0,8:20,NE
2012,7,19,24.1,30.8,17:40,15.7,6:20,0.2,6.0,0.0,0.2,12.9,21:00,SSE
2012,7,20,25.2,32.8,18:30,16.8,6:10,0.1,7.0,0.0,0.0,0.0,---,---
2012,7,21,26.2,34.2,19:10,16.9,6:10,0.1,7.9,0.0,0.0,11.3,22:00,SSW
2012,7,22,25.8,33.7,15:40,18.2,7:00,0.0,7.5,4.0,2.6,48.3,21:30,NE
2012,7,23,24.4,30.8,17:30,17.4,7:10,0.1,6.1,0.0,1.3,20.9,17:50,NE
2012,7,24,25.2,30.3,15:20,19.2,7:10,0.0,6.8,0.0,2.3,30.6,17:40,SSE
2012,7,25,25.9,32.0,16:50,20.6,6:30,0.0,7.6,0.0,2.1,25.7,17:40,W
2012,7,26,26.5,32.6,18:50,19.7,7:00,0.0,8.2,0.0,3.9,29.0,20:40,NE
2012,7,27,24.7,31.6,15:30,20.3,7:00,0.0,6.4,2.8,1.3,41.8,16:30,WSW
2012,7,28,25.2,31.3,17:40,18.7,6:30,0.0,6.8,0.0,1.3,17.7,19:50,W
2012,7,29,26.6,34.2,18:40,19.3,6:50,0.0,8.2,0.0,0.5,19.3,0:30,E
2012,7,30,27.8,33.8,14:40,19.9,6:10,0.0,9.4,0.0,1.3,30.6,23:50,NE
2012,7,31,27.1,32.3,15:50,20.6,00:00,0.0,8.8,1.2,3.2,38.6,20:50,NNW
2012,8,1,20.6,26.9,13:00,17.4,4:20,0.1,2.3,14.6,1.1,25.7,13:40,W
2012,8,2,20.8,28.2,16:50,15.8,5:50,0.6,3.0,9.0,0.8,22.5,18:10,WSW
2012,8,3,23.1,31.1,17:00,15.8,5:20,0.6,5.3,0.0,0.5,12.9,15:20,NE
2012,8,4,25.4,32.6,17:40,18.0,6:20,0.0,7.1,0.0,0.2,12.9,4:10,SSW
2012,8,5,26.6,33.8,16:40,19.1,6:20,0.0,8.2,0.0,0.2,11.3,0:30,SSE
2012,8,6,27.3,35.5,18:20,19.2,7:40,0.0,9.0,0.0,0.6,12.9,18:10,ESE
2012,8,7,27.7,35.5,16:40,19.5,7:00,0.0,9.3,0.0,1.4,22.5,15:50,NE
2012,8,8,27.8,34.7,17:50,20.3,7:40,0.0,9.5,0.0,1.1,29.0,20:50,E
2012,8,9,25.9,32.6,16:30,20.4,7:50,0.0,7.6,16.2,1.9,38.6,21:30,W
2012,8,10,22.7,28.4,13:50,18.4,00:00,0.0,4.4,0.4,1.4,17.7,18:10,SW
2012,8,11,19.3,25.7,15:50,15.8,7:00,0.8,1.8,3.4,1.8,35.4,17:50,W
2012,8,12,20.2,27.0,18:20,13.9,6:10,1.4,3.3,0.0,1.6,25.7,21:00,WSW
2012,8,13,20.2,26.4,18:00,12.6,7:00,1.2,3.1,0.0,2.7,35.4,15:00,SW
2012,8,14,21.9,29.8,18:10,14.1,6:50,0.8,4.3,0.0,0.8,22.5,17:30,NE
2012,8,15,23.4,30.6,16:40,15.7,7:10,0.3,5.3,0.0,1.0,17.7,21:00,ENE
2012,8,16,24.3,33.1,16:00,16.6,7:00,0.2,6.2,0.0,1.4,22.5,16:00,SE
2012,8,17,24.1,30.2,16:00,18.2,7:20,0.0,5.7,0.0,1.1,27.4,18:50,W
2012,8,18,23.4,29.8,15:50,16.0,6:40,0.3,5.4,0.0,0.8,16.1,6:50,NE
2012,8,19,23.7,29.4,17:00,17.3,6:40,0.1,5.4,0.0,0.6,17.7,4:50,ESE
2012,8,20,23.0,29.6,17:10,15.3,7:00,0.3,5.0,0.0,0.3,12.9,7:20,NE
2012,8,21,23.7,31.1,16:20,15.5,7:10,0.3,5.7,0.0,0.8,14.5,9:30,SSW
2012,8,22,24.7,33.0,17:40,16.3,7:00,0.2,6.7,0.0,0.3,11.3,20:20,S
2012,8,23,25.6,34.6,16:40,17.4,7:00,0.1,7.3,0.0,0.3,14.5,4:20,S
2012,8,24,25.9,34.6,15:20,18.1,6:50,0.0,7.6,0.0,0.3,12.9,19:30,SE
2012,8,25,26.1,34.6,16:40,18.8,7:30,0.0,7.8,0.0,0.3,11.3,21:30,SSE
2012,8,26,26.1,34.3,16:00,18.6,7:40,0.0,7.8,0.0,1.0,29.0,20:50,S
2012,8,27,24.2,30.8,16:00,18.4,6:00,0.0,5.9,0.0,5.3,40.2,13:10,NNW
2012,8,28,21.8,27.4,16:40,16.0,7:50,0.2,3.6,0.0,4.5,25.7,10:50,NE
2012,8,29,21.0,29.4,17:50,12.3,7:10,1.5,4.2,0.0,0.3,12.9,0:40,ENE
2012,8,30,21.8,29.6,17:30,13.6,6:30,0.9,4.3,0.0,0.3,16.1,19:10,NNE
2012,8,31,22.3,29.8,17:50,14.6,7:20,0.7,4.6,0.0,0.5,14.5,4:00,SSE
2012,9,1,22.3,29.7,17:20,14.7,7:40,0.6,4.6,0.0,0.0,0.0,---,---
2012,9,2,21.8,28.9,17:20,13.9,7:20,0.8,4.2,0.0,0.0,11.3,21:00,S
2012,9,3,21.6,28.3,17:00,12.8,7:30,0.9,4.2,0.0,0.2,12.9,6:20,NE
2012,9,4,22.3,30.6,17:30,14.2,6:40,0.8,4.9,0.0,0.2,19.3,21:00,SSE
2012,9,5,23.2,30.4,17:20,15.6,7:20,0.3,5.2,0.0,0.2,19.3,18:30,SSE
2012,9,6,23.2,30.3,15:30,16.8,7:20,0.1,4.9,0.0,2.4,37.0,19:30,NNW
2012,9,7,22.8,27.4,16:00,17.3,6:30,0.1,4.5,0.0,2.6,24.1,9:40,NE
2012,9,8,21.9,27.4,16:20,16.3,7:30,0.2,3.8,0.0,0.6,17.7,20:40,S
2012,9,9,20.8,28.8,17:00,12.7,7:30,1.3,3.8,0.0,0.5,9.7,0:50,ESE
2012,9,10,20.7,27.1,16:00,14.3,7:00,0.7,3.0,0.0,0.8,25.7,17:50,SSE
2012,9,11,19.1,26.6,15:30,13.3,7:20,1.3,2.1,0.2,1.3,33.8,18:40,WSW
2012,9,12,19.2,27.7,15:20,12.1,6:10,1.8,2.6,0.0,0.8,27.4,15:20,SW
2012,9,13,19.9,27.9,17:10,12.2,7:30,1.5,3.1,0.0,1.1,25.7,15:10,SSE
2012,9,14,16.9,20.7,0:10,15.7,14:50,1.4,0.1,26.6,1.4,20.9,2:50,SSE
2012,9,15,17.7,20.2,14:20,15.8,00:00,0.8,0.2,6.6,1.3,19.3,14:40,SSE
2012,9,16,16.1,18.7,16:20,13.8,5:10,2.3,0.0,2.0,0.0,0.0,---,---
2012,9,17,17.8,21.9,13:40,14.8,3:20,1.4,0.8,0.8,0.0,12.9,0:10,SSW
2012,9,18,18.9,24.2,13:20,14.4,6:40,1.2,1.8,0.0,0.3,14.5,9:30,NE
2012,9,19,19.4,24.8,16:10,15.4,7:10,0.8,1.9,0.0,0.6,14.5,11:40,SW
2012,9,20,17.4,24.4,13:40,13.6,7:30,1.6,0.6,3.6,1.0,33.8,15:10,W
2012,9,21,15.4,21.0,16:30,10.7,7:50,3.3,0.4,0.2,4.0,29.0,19:40,NNW
2012,9,22,15.3,24.8,18:10,6.7,8:10,4.2,1.2,0.0,0.5,16.1,18:00,SSW
2012,9,23,18.2,26.6,17:20,11.0,6:30,2.4,2.3,0.0,0.2,14.5,22:40,SSW
2012,9,24,19.3,28.6,17:10,11.7,6:30,1.9,2.8,0.0,0.0,9.7,18:50,SSW
2012,9,25,20.1,29.6,17:20,13.8,7:30,0.9,2.7,0.0,0.8,20.9,16:50,SW
2012,9,26,21.1,27.4,15:40,16.5,5:40,0.3,3.0,0.0,3.1,37.0,14:30,SW
2012,9,27,20.6,29.4,16:30,13.7,7:50,1.1,3.3,0.0,0.6,17.7,20:10,SW
2012,9,28,20.4,29.6,17:10,13.7,6:50,1.1,3.2,0.0,0.2,14.5,21:50,SSE
2012,9,29,20.9,30.1,15:30,13.9,7:20,1.1,3.6,0.0,0.0,8.0,1:50,S
2012,9,30,20.4,29.6,17:00,13.6,7:00,1.2,3.2,0.0,0.2,11.3,17:50,SW
2012,10,1,20.1,29.4,16:30,12.8,7:50,1.3,3.1,0.0,0.2,14.5,9:10,ESE
2012,10,2,20.1,28.4,16:10,13.1,8:00,1.2,2.9,0.0,1.1,19.3,17:40,NE
2012,10,3,19.2,26.4,14:40,13.6,7:40,1.2,2.0,0.0,2.1,33.8,15:10,W
2012,10,4,18.6,25.5,15:20,13.0,6:10,1.6,1.8,0.0,1.4,20.9,15:30,NNE
2012,10,5,17.8,24.8,16:00,11.5,7:50,2.2,1.7,0.0,0.3,11.3,18:50,SSW
2012,10,6,17.1,24.4,16:30,10.7,7:20,2.6,1.3,0.0,0.2,14.5,1:40,NNE
2012,10,7,17.4,26.5,16:30,9.4,7:10,2.8,1.9,0.0,1.3,22.5,17:00,SE
2012,10,8,18.4,22.9,12:40,14.2,8:00,1.0,1.1,0.0,2.6,22.5,12:40,NE
2012,10,9,15.2,20.3,16:10,9.8,8:10,3.3,0.2,0.0,0.8,19.3,17:30,SSE
2012,10,10,14.6,19.1,15:20,10.7,2:50,3.7,0.0,0.0,0.5,14.5,16:10,SSE
2012,10,11,17.3,22.6,15:00,13.4,8:20,1.8,0.8,0.0,0.2,14.5,21:10,ENE
2012,10,12,16.2,20.8,15:50,12.4,5:50,2.4,0.3,0.0,0.5,14.5,3:00,W
2012,10,13,17.3,22.9,16:20,12.8,8:20,1.9,0.9,0.0,0.3,17.7,17:20,S
2012,10,14,16.6,19.2,16:40,14.2,7:50,1.8,0.1,0.4,0.0,9.7,6:00,SW
2012,10,15,15.3,19.0,16:00,13.2,9:00,3.0,0.0,4.8,0.0,0.0,---,---
2012,10,16,13.7,15.8,13:00,12.0,8:20,4.6,0.0,10.8,0.6,27.4,20:10,S
2012,10,17,15.1,21.9,16:50,11.7,6:30,3.7,0.4,0.2,0.3,14.5,0:10,NE
2012,10,18,14.2,22.4,16:20,8.5,8:00,4.7,0.5,0.0,0.2,16.1,3:00,SW
2012,10,19,14.4,22.3,16:50,8.9,6:20,4.4,0.5,0.0,0.0,6.4,2:20,SW
2012,10,20,14.1,22.2,16:40,8.7,6:40,4.7,0.4,0.0,0.2,9.7,1:10,SSW
2012,10,21,13.2,20.6,16:20,7.3,8:10,5.4,0.2,0.0,0.2,12.9,10:20,S
2012,10,22,12.6,20.6,16:30,6.5,7:50,5.9,0.2,0.0,0.3,16.1,23:20,ESE
2012,10,23,13.8,20.5,15:40,8.6,6:00,4.8,0.2,0.0,0.5,14.5,1:20,W
2012,10,24,13.7,20.1,15:20,8.7,8:00,4.9,0.2,0.0,0.3,14.5,1:40,W
2012,10,25,11.7,18.8,16:50,7.3,5:10,6.6,0.0,0.0,0.3,9.7,6:20,S
2012,10,26,12.7,21.4,16:00,6.6,6:20,5.9,0.3,0.0,0.6,16.1,14:40,S
2012,10,27,10.8,12.9,23:40,7.6,6:00,7.5,0.0,21.8,0.2,9.7,12:00,S
2012,10,28,14.7,15.7,15:10,12.9,0:10,3.6,0.0,8.0,1.4,25.7,19:00,NE
2012,10,29,14.1,19.2,13:00,8.5,23:50,4.3,0.0,2.0,3.4,40.2,12:30,SSE
2012,10,30,9.2,14.3,13:40,5.4,23:30,9.1,0.0,0.0,4.0,38.6,3:30,SW
2012,10,31,9.2,14.2,14:00,3.8,7:00,9.2,0.0,0.2,0.5,14.5,1:00,NE
2012,11,1,10.8,13.6,16:30,9.1,7:00,7.5,0.0,19.4,0.5,20.9,13:20,NNW
2012,11,2,12.4,18.7,16:10,9.5,00:00,5.9,0.0,0.2,0.3,16.1,19:30,SW
2012,11,3,11.4,18.3,15:20,6.3,6:20,6.9,0.0,0.0,0.0,9.7,0:30,WSW
2012,11,4,11.6,18.3,15:30,7.6,3:50,6.7,0.0,0.0,0.2,11.3,23:00,NE
2012,11,5,12.7,17.4,15:50,7.8,6:00,5.7,0.0,5.4,0.2,8.0,23:00,SSW
2012,11,6,16.9,20.6,12:10,11.4,00:00,1.9,0.4,0.8,4.8,38.6,10:20,W
2012,11,7,11.6,15.6,13:40,7.8,23:30,6.8,0.0,1.8,4.7,43.5,23:00,NNW
2012,11,8,8.0,13.3,15:00,3.6,23:30,10.3,0.0,0.0,4.7,46.7,5:10,NNW
2012,11,9,7.3,15.6,15:40,0.6,7:30,11.1,0.0,0.0,1.6,22.5,16:10,SSW
2012,11,10,7.8,14.6,15:20,3.1,7:30,10.5,0.0,0.0,0.3,16.1,5:10,ESE
2012,11,11,6.8,13.4,15:30,1.7,5:30,11.6,0.0,0.0,0.3,9.7,8:40,NNE
2012,11,12,7.0,11.8,15:10,2.9,7:10,11.3,0.0,0.0,0.2,9.7,8:30,SSW
2012,11,13,8.1,15.2,15:30,3.6,5:50,10.3,0.0,0.0,0.0,9.7,9:10,SSW
2012,11,14,8.2,10.4,15:10,5.0,6:20,10.1,0.0,0.0,0.0,8.0,00:00,W
2012,11,15,9.6,10.9,14:40,8.7,8:50,8.8,0.0,0.4,0.0,8.0,0:10,NE
2012,11,16,9.8,11.8,11:50,8.1,7:20,8.5,0.0,0.0,0.0,0.0,---,---
2012,11,17,10.6,13.3,14:00,8.3,7:50,7.7,0.0,0.0,0.0,0.0,---,---
2012,11,18,10.8,12.4,15:00,9.9,7:50,7.5,0.0,0.0,0.0,0.0,---,---
2012,11,19,10.6,12.9,12:10,9.6,7:20,7.8,0.0,5.2,0.2,12.9,16:00,SSE
2012,11,20,11.1,12.3,14:00,9.7,0:10,7.2,0.0,1.4,1.9,19.3,13:20,ENE
2012,11,21,11.0,12.7,13:20,10.2,5:10,7.3,0.0,4.8,1.3,14.5,9:30,ENE
2012,11,22,9.9,13.7,14:10,5.9,00:00,8.4,0.0,0.0,0.3,12.9,10:10,E
2012,11,23,7.4,9.6,14:40,4.9,1:50,10.9,0.0,0.0,0.2,9.7,3:10,SSW
2012,11,24,9.1,14.1,15:10,6.5,7:40,9.3,0.0,0.0,0.0,8.0,22:20,ENE
2012,11,25,8.9,13.0,15:50,5.4,00:00,9.4,0.0,0.0,0.3,9.7,5:40,SW
2012,11,26,7.3,10.7,14:30,4.9,0:40,11.0,0.0,0.0,0.0,9.7,5:20,SW
2012,11,27,6.9,8.4,14:50,5.5,8:20,11.4,0.0,0.0,0.8,12.9,2:30,W
2012,11,28,8.8,11.2,00:00,6.7,0:20,9.5,0.0,0.4,1.6,27.4,18:30,SSE
2012,11,29,10.6,12.9,15:10,7.0,21:30,7.7,0.0,36.6,3.2,37.0,16:40,SSE
2012,11,30,10.3,14.4,14:00,7.2,7:00,8.0,0.0,2.4,1.0,17.7,7:40,NE
2012,12,1,8.8,13.1,14:40,6.3,8:20,9.5,0.0,0.4,0.6,16.1,14:50,WSW
2012,12,2,6.7,8.2,1:30,4.2,20:30,11.7,0.0,19.2,1.0,19.3,11:50,NE
2012,12,3,4.6,7.2,15:50,2.9,4:00,13.7,0.0,4.6,2.3,38.6,21:20,W
2012,12,4,4.0,7.9,14:40,0.7,7:50,14.3,0.0,0.0,4.5,33.8,3:20,NNW
2012,12,5,3.1,5.1,15:00,1.4,9:40,15.3,0.0,7.4,1.0,16.1,23:50,SSW
2012,12,6,4.3,7.9,14:50,2.1,0:40,14.1,0.0,0.2,1.1,24.1,22:40,SSW
2012,12,7,3.3,7.4,14:50,0.3,7:50,15.0,0.0,0.0,1.0,19.3,15:10,SW
2012,12,8,2.2,4.8,23:00,-0.6,3:10,16.1,0.0,19.8,0.3,20.9,23:40,WNW
2012,12,9,2.6,4.1,1:10,0.4,00:00,15.8,0.0,5.2,3.2,37.0,20:00,NNW
2012,12,10,0.5,4.8,13:40,-2.5,8:10,17.8,0.0,0.0,4.2,27.4,0:30,W
2012,12,11,0.3,3.1,13:00,-1.7,1:20,18.0,0.0,14.6,0.5,12.9,20:30,NNE
2012,12,12,-1.1,2.4,14:00,-6.2,00:00,19.4,0.0,0.0,1.1,16.1,9:40,SW
2012,12,13,-4.0,1.9,15:30,-8.2,6:10,22.3,0.0,0.0,0.3,9.7,0:10,SSW
2012,12,14,-2.8,4.1,13:50,-7.6,4:10,20.3,0.0,0.0,0.3,12.9,6:20,SSW
2012,12,15,0.2,3.4,16:00,-3.7,7:10,18.2,0.0,0.0,0.2,11.3,2:00,NNE
2012,12,16,3.7,6.3,15:40,1.7,0:10,14.7,0.0,0.6,0.6,16.1,1:00,NW
2012,12,17,5.3,9.9,15:20,2.8,3:20,13.0,0.0,1.6,0.3,12.9,5:00,W
2012,12,18,4.9,6.1,15:40,4.3,00:00,13.4,0.0,16.0,0.8,17.7,6:20,NE
2012,12,19,4.6,7.0,12:00,2.7,23:40,13.8,0.0,0.0,4.5,33.8,17:00,NNW
2012,12,20,3.1,5.9,14:10,0.1,00:00,15.2,0.0,0.0,8.0,40.2,12:30,NNW
2012,12,21,0.6,2.8,15:50,-2.3,7:30,17.7,0.0,0.0,0.2,12.9,0:40,NE
2012,12,22,2.5,3.8,14:40,1.4,1:50,15.8,0.0,0.0,0.5,11.3,1:30,ENE
2012,12,23,1.8,4.4,14:50,-1.1,00:00,16.6,0.0,0.0,0.6,12.9,8:50,NE
2012,12,24,2.3,8.6,15:40,-1.8,6:20,16.1,0.0,0.0,0.2,12.9,10:00,NW
2012,12,25,4.3,10.8,15:40,0.1,8:00,14.1,0.0,0.0,0.0,4.8,10:30,NW
2012,12,26,4.2,9.1,14:50,0.6,7:30,14.1,0.0,0.0,0.0,4.8,23:10,NW
2012,12,27,5.4,11.1,16:00,1.7,5:20,12.9,0.0,0.0,0.5,12.9,19:30,E
2012,12,28,4.7,8.3,16:30,0.9,8:20,13.7,0.0,8.8,0.5,20.9,23:10,NNW
2012,12,29,6.6,7.8,8:00,5.4,12:50,11.8,0.0,1.8,9.8,48.3,6:10,N
2012,12,30,6.2,8.2,13:30,5.1,23:50,12.1,0.0,0.0,3.2,24.1,14:40,E
2012,12,31,4.4,7.9,15:50,0.7,8:00,13.9,0.0,0.0,0.0,8.0,10:20,ESE
2013,1,1,5.5,9.2,15:40,2.7,8:40,12.8,0.0,0.0,0.0,8.0,3:30,WNW
2013,1,2,5.5,9.4,15:00,2.4,4:50,12.8,0.0,0.0,0.2,8.0,10:10,NNE
2013,1,3,5.7,11.3,14:50,1.9,23:40,12.6,0.0,0.0,0.2,9.7,21:40,WNW
2013,1,4,4.9,11.6,15:30,-0.7,5:50,13.4,0.0,0.0,2.3,22.5,15:10,NW
2013,1,5,5.7,9.2,16:10,1.4,7:50,12.6,0.0,0.0,2.7,37.0,18:00,NW
2013,1,6,3.1,6.2,0:20,-0.3,22:10,15.2,0.0,0.0,7.1,41.8,13:10,NE
2013,1,7,1.9,8.2,12:40,-1.6,00:00,16.4,0.0,0.0,5.5,32.2,13:10,NE
2013,1,8,-2.2,1.1,15:20,-4.4,8:20,20.5,0.0,0.0,6.8,41.8,8:40,NNW
2013,1,9,-1.3,3.8,16:20,-7.1,7:30,19.7,0.0,0.0,0.3,12.9,0:10,NE
2013,1,10,1.2,5.9,15:20,-3.9,8:00,17.1,0.0,0.0,0.2,8.0,5:00,NE
2013,1,11,3.7,5.7,16:00,2.4,6:20,14.7,0.0,0.0,0.3,9.7,12:10,SW
2013,1,12,4.0,8.2,15:20,1.5,2:30,14.3,0.0,2.6,1.3,17.7,00:00,W
2013,1,13,2.4,5.7,16:20,-2.2,8:20,15.9,0.0,0.0,0.5,12.9,23:40,NE
2013,1,14,5.2,6.9,20:10,4.2,11:40,13.1,0.0,0.0,0.3,12.9,23:10,NNE
2013,1,15,8.1,11.4,14:40,6.2,8:00,10.3,0.0,0.0,3.1,32.2,15:10,SSE
2013,1,16,6.2,10.6,13:30,3.9,00:00,12.2,0.0,12.4,4.2,35.4,15:50,SSE
2013,1,17,3.5,5.6,14:10,0.4,8:20,14.8,0.0,12.0,1.1,30.6,0:40,SW
2013,1,18,4.8,6.7,12:10,1.0,00:00,13.5,0.0,3.2,1.8,24.1,19:10,SSE
2013,1,19,3.4,8.5,15:10,-0.2,8:20,14.9,0.0,0.2,3.2,51.5,15:10,SW
2013,1,20,5.8,10.3,22:10,2.4,6:00,12.6,0.0,0.0,0.6,20.9,20:50,NE
2013,1,21,8.8,12.6,15:00,6.4,00:00,9.6,0.0,5.8,1.6,20.9,16:00,SW
2013,1,22,6.2,9.9,15:00,3.4,8:20,12.1,0.0,0.2,0.8,20.9,22:20,W
2013,1,23,7.1,11.5,14:10,2.6,00:00,11.2,0.0,0.0,4.5,41.8,4:00,W
2013,1,24,1.8,3.7,16:30,0.6,22:50,16.6,0.0,22.4,1.0,19.3,7:10,SSW
2013,1,25,2.3,3.7,15:00,1.0,0:10,16.1,0.0,7.6,1.1,12.9,20:20,NE
2013,1,26,3.1,5.7,14:20,1.4,00:00,15.3,0.0,0.4,3.2,22.5,7:20,NNW
2013,1,27,2.2,3.4,16:10,1.3,0:20,16.2,0.0,0.4,0.2,6.4,8:30,W
2013,1,28,3.6,7.8,15:50,0.1,7:40,14.7,0.0,0.0,2.4,25.7,18:10,W
2013,1,29,2.9,7.9,16:10,-0.4,8:00,15.4,0.0,0.0,1.3,14.5,18:20,W
2013,1,30,4.4,12.0,15:00,-1.4,8:10,13.9,0.0,0.0,2.4,25.7,15:40,WSW
2013,1,31,5.4,11.9,13:10,0.7,7:30,12.9,0.0,0.0,3.2,33.8,13:40,WSW
2013,2,1,4.9,14.1,15:20,-1.6,7:50,13.4,0.0,0.0,1.4,27.4,16:40,SW
2013,2,2,7.1,15.7,15:30,1.2,7:50,11.2,0.0,0.0,2.9,38.6,16:10,SSE
2013,2,3,11.5,15.4,13:50,5.9,00:00,6.8,0.0,0.0,9.2,43.5,3:50,SSE
2013,2,4,6.1,12.0,14:20,2.3,8:30,12.2,0.0,0.0,2.3,30.6,17:00,W
2013,2,5,4.4,11.2,15:20,-1.0,7:40,13.9,0.0,0.0,0.5,12.9,0:40,SW
2013,2,6,4.7,9.4,14:50,0.3,8:10,13.7,0.0,0.0,1.3,22.5,20:10,SSE
2013,2,7,4.9,7.1,0:30,2.8,10:40,13.4,0.0,30.6,1.6,20.9,23:50,N
2013,2,8,3.3,6.4,15:40,1.0,2:00,15.1,0.0,16.4,1.6,20.9,0:10,NE
2013,2,9,3.8,6.9,15:30,1.9,22:30,14.6,0.0,5.4,1.3,19.3,19:00,ESE
2013,2,10,3.1,6.8,15:30,0.6,23:20,15.2,0.0,0.0,2.3,22.5,13:00,W
2013,2,11,2.6,6.4,15:00,-0.4,6:40,15.7,0.0,0.0,3.4,29.0,11:30,W
2013,2,12,5.2,10.0,14:00,0.7,0:10,13.2,0.0,0.4,1.9,24.1,23:00,SSE
2013,2,13,5.8,9.3,16:00,3.7,8:40,12.5,0.0,14.0,1.6,30.6,7:50,NE
2013,2,14,5.6,9.1,16:00,2.2,5:00,12.7,0.0,0.2,1.1,24.1,23:50,NE
2013,2,15,7.2,10.2,16:00,3.8,7:30,11.2,0.0,0.0,2.1,22.5,3:00,NNW
2013,2,16,5.6,8.2,14:10,3.9,4:50,12.7,0.0,0.2,3.2,19.3,18:30,ENE
2013,2,17,4.3,6.3,14:10,3.1,20:20,14.1,0.0,3.4,1.1,19.3,16:10,ENE
2013,2,18,3.4,5.1,14:20,2.1,23:10,14.9,0.0,4.0,1.1,20.9,13:00,SSE
2013,2,19,2.7,5.1,14:20,1.7,4:00,15.6,0.0,9.2,0.3,11.3,17:40,ESE
2013,2,20,4.3,9.6,15:40,0.3,7:50,14.1,0.0,0.0,0.8,14.5,0:50,W
2013,2,21,3.3,4.0,9:50,1.1,00:00,15.1,0.0,12.2,0.2,9.7,14:50,NNW
2013,2,22,3.7,7.0,16:40,0.9,0:30,14.7,0.0,3.0,0.5,14.5,12:20,ENE
2013,2,23,6.3,8.4,16:20,4.3,5:30,12.1,0.0,0.2,0.2,9.7,9:30,NNE
2013,2,24,9.1,12.1,15:50,7.6,7:20,9.2,0.0,6.4,1.0,20.9,00:00,SSE
2013,2,25,7.7,9.8,14:20,4.8,20:40,10.6,0.0,26.6,2.4,49.9,18:20,NE
2013,2,26,6.3,10.5,13:20,4.5,00:00,12.0,0.0,1.2,1.6,25.7,14:50,NE
2013,2,27,5.4,9.2,13:50,2.0,5:40,12.9,0.0,0.0,2.7,27.4,15:20,NE
2013,2,28,6.2,10.3,14:00,2.9,4:30,12.1,0.0,0.0,1.0,12.9,15:40,W
2013,3,1,7.7,13.1,16:30,4.6,7:10,10.6,0.0,0.0,1.8,17.7,16:40,SW
2013,3,2,5.2,8.4,15:30,2.4,4:20,13.1,0.0,1.0,3.2,20.9,19:30,NE
2013,3,3,5.9,9.8,15:40,2.4,00:00,12.4,0.0,0.2,1.6,19.3,8:20,ESE
2013,3,4,5.8,13.4,15:40,-0.6,7:10,12.5,0.0,0.0,0.5,9.7,11:40,ESE
2013,3,5,6.2,12.7,15:00,0.1,7:10,12.2,0.0,0.0,2.3,22.5,17:20,SSE
2013,3,6,6.2,8.3,15:10,4.6,7:00,12.1,0.0,0.0,1.9,27.4,0:40,SSE
2013,3,7,5.8,6.8,11:50,5.0,3:30,12.6,0.0,2.6,0.6,20.9,1:20,SSE
2013,3,8,8.3,11.4,17:50,5.5,6:50,10.1,0.0,0.4,0.0,0.0,---,---
2013,3,9,10.1,15.7,16:20,7.4,4:20,8.2,0.0,2.8,2.6,43.5,16:40,W
2013,3,10,10.9,18.1,16:20,5.4,4:40,7.4,0.0,0.0,2.6,37.0,14:20,W
2013,3,11,11.2,17.2,15:10,6.8,2:40,7.2,0.0,0.0,3.7,37.0,14:30,W
2013,3,12,8.3,11.9,11:10,6.1,5:20,10.1,0.0,2.6,1.9,32.2,11:40,W
2013,3,13,9.1,13.7,14:30,5.6,1:50,9.2,0.0,5.6,4.3,37.0,16:10,SSE
2013,3,14,9.0,11.6,7:20,4.9,23:50,9.3,0.0,21.2,4.2,37.0,9:20,SSE
2013,3,15,6.0,10.8,13:40,3.7,5:20,12.3,0.0,4.6,2.7,38.6,16:20,SW
2013,3,16,2.9,5.2,15:10,0.4,8:50,15.4,0.0,0.0,6.9,29.0,22:10,NNW
2013,3,17,4.2,9.8,15:10,-1.6,7:00,14.1,0.0,0.0,3.7,22.5,0:30,W
2013,3,18,4.3,5.3,13:20,2.7,5:10,14.1,0.0,1.8,2.9,20.9,20:20,ESE
2013,3,19,9.9,16.7,15:00,3.9,4:00,8.4,0.0,0.0,5.1,46.7,15:30,W
2013,3,20,9.7,17.3,15:50,2.9,7:10,8.7,0.0,0.0,1.8,20.9,16:00,SE
2013,3,21,9.1,11.6,16:20,5.5,22:00,9.2,0.0,1.6,1.0,30.6,19:30,SW
2013,3,22,7.3,10.9,13:30,4.3,21:50,11.0,0.0,0.0,9.3,48.3,12:10,W
2013,3,23,9.5,16.6,16:00,2.6,6:20,8.8,0.0,0.0,6.8,33.8,1:50,W
2013,3,24,9.7,17.7,15:30,2.7,7:20,8.7,0.0,0.0,2.3,27.4,15:50,SSE
2013,3,25,10.0,14.4,14:50,8.2,4:00,8.3,0.0,1.2,2.9,32.2,14:10,SSE
2013,3,26,10.2,14.7,15:30,7.3,00:00,8.2,0.0,0.0,2.9,48.3,16:20,W
2013,3,27,10.1,15.8,16:10,6.2,6:30,8.3,0.0,0.8,4.0,40.2,14:30,W
2013,3,28,9.8,12.9,16:00,6.6,0:10,8.5,0.0,0.0,0.6,11.3,14:30,S
2013,3,29,10.9,14.3,13:30,9.2,7:10,7.4,0.0,3.6,1.8,19.3,12:00,SSE
2013,3,30,13.5,18.1,16:00,10.3,6:30,4.8,0.0,0.0,4.5,33.8,20:50,SSE
2013,3,31,12.3,16.2,17:10,9.4,23:40,5.7,0.0,6.4,2.9,35.4,17:30,SSE
2013,4,1,11.0,17.2,17:20,5.4,6:10,7.3,0.0,0.0,2.7,25.7,16:30,W
2013,4,2,10.2,12.2,16:00,7.8,23:40,8.1,0.0,16.2,1.1,24.1,22:00,ENE
2013,4,3,10.1,15.3,14:00,6.4,7:10,8.2,0.0,10.8,3.2,37.0,18:00,SW
2013,4,4,11.3,16.5,17:20,6.1,7:40,7.1,0.0,0.0,3.7,33.8,11:20,W
2013,4,5,11.8,19.9,16:40,5.8,5:50,6.6,0.1,0.0,3.9,37.0,14:40,SSE
2013,4,6,13.9,21.2,16:50,7.3,8:00,4.9,0.4,0.0,0.8,19.3,19:50,S
2013,4,7,11.6,13.7,0:10,9.6,22:10,6.8,0.0,4.0,6.8,37.0,12:10,NE
2013,4,8,10.0,13.3,16:00,7.9,8:10,8.3,0.0,0.0,3.1,25.7,11:30,NE
2013,4,9,9.4,14.8,16:00,4.8,8:30,8.9,0.0,0.0,1.8,32.2,16:10,W
2013,4,10,11.3,16.7,18:40,5.9,7:20,7.0,0.0,0.0,1.6,30.6,21:20,WNW
2013,4,11,13.1,19.9,17:10,5.8,7:40,5.5,0.2,0.0,3.1,29.0,16:10,WSW
2013,4,12,13.9,21.8,18:40,6.3,7:40,5.1,0.6,0.0,0.5,16.1,23:20,W
2013,4,13,15.8,23.7,16:00,7.7,7:10,3.7,1.2,0.0,3.2,38.6,23:00,W
2013,4,14,14.8,18.9,16:20,10.2,7:00,3.5,0.0,0.0,7.1,35.4,10:20,NE
2013,4,15,11.9,15.2,15:20,6.7,7:30,6.4,0.0,0.0,7.2,37.0,14:30,NE
2013,4,16,12.0,16.3,16:30,6.8,6:00,6.3,0.0,0.0,7.9,35.4,14:30,NE
2013,4,17,12.8,19.0,16:40,5.3,7:40,5.6,0.1,0.0,1.0,29.0,1:40,NNW
2013,4,18,13.0,18.9,16:10,6.7,7:30,5.3,0.0,0.0,3.4,30.6,16:30,NE
2013,4,19,12.6,17.3,14:50,7.7,7:10,5.8,0.0,0.0,3.9,25.7,10:20,NE
2013,4,20,12.4,19.4,15:20,4.7,7:10,5.9,0.1,0.0,1.9,32.2,12:50,WNW
2013,4,21,14.4,21.7,16:10,6.5,7:10,4.7,0.8,0.0,0.5,14.5,21:30,E
2013,4,22,14.3,20.2,17:30,7.3,7:20,4.3,0.3,0.0,0.6,29.0,21:00,S
2013,4,23,15.0,21.3,14:40,10.7,6:00,3.6,0.2,0.4,1.1,30.6,16:00,NE
2013,4,24,16.2,24.3,17:40,8.4,6:40,3.6,1.5,0.0,0.2,14.5,4:50,SW
2013,4,25,18.0,26.3,17:40,9.7,6:50,2.7,2.4,0.0,0.3,12.9,2:10,ENE
2013,4,26,19.4,27.9,15:30,10.7,7:20,2.2,3.2,0.0,0.5,17.7,19:50,NE
2013,4,27,19.3,27.7,16:30,11.3,7:10,1.9,2.9,0.0,0.8,22.5,18:20,SSE
2013,4,28,19.8,27.6,16:10,12.1,8:00,1.7,3.1,0.0,0.6,16.1,4:50,WSW
2013,4,29,20.3,28.6,17:30,11.7,7:00,1.7,3.7,0.0,0.5,14.5,15:10,ENE
2013,4,30,20.4,28.7,16:30,11.6,7:10,1.6,3.7,0.0,0.0,14.5,17:20,SSW
2013,5,1,20.9,30.2,16:10,12.0,7:00,1.6,4.2,0.0,0.0,8.0,1:40,W
2013,5,2,21.0,29.3,17:30,13.3,7:10,1.1,3.8,0.0,0.0,1.6,4:30,SSW
2013,5,3,20.2,27.8,15:30,13.0,6:40,1.3,3.1,0.0,0.5,20.9,21:50,SW
2013,5,4,21.1,29.6,16:20,13.2,7:10,1.2,3.9,0.0,0.5,19.3,15:30,NW
2013,5,5,19.3,28.6,15:30,12.9,7:10,1.3,2.3,4.6,1.4,33.8,19:40,SW
2013,5,6,17.9,24.5,14:10,13.3,6:40,1.6,1.2,4.0,1.4,20.9,14:20,NE
2013,5,7,18.7,24.9,15:50,14.7,5:00,1.2,1.5,0.0,0.8,20.9,18:30,SSE
2013,5,8,16.0,21.4,13:20,12.2,22:30,2.7,0.3,3.4,2.1,25.7,20:30,WSW
2013,5,9,15.0,19.2,13:40,11.8,2:30,3.3,0.0,0.2,0.2,11.3,0:40,WSW
2013,5,10,18.2,24.4,17:40,12.3,7:00,1.9,1.8,0.0,0.3,25.7,21:00,SSE
2013,5,11,17.4,25.4,14:10,10.7,6:50,2.4,1.5,0.0,1.9,30.6,18:10,SW
2013,5,12,15.8,20.3,12:20,13.3,7:00,2.7,0.2,0.0,2.6,30.6,15:00,WSW
2013,5,13,13.3,14.9,13:10,12.2,23:50,5.0,0.0,0.0,3.5,29.0,19:00,W
2013,5,14,15.6,20.7,16:30,11.1,6:10,3.2,0.4,0.0,5.0,32.2,8:20,NE
2013,5,15,16.7,23.9,16:50,9.6,6:50,3.2,1.5,0.0,0.5,17.7,16:50,W
2013,5,16,16.4,21.6,15:20,11.6,5:10,2.5,0.7,0.0,0.2,16.1,23:00,S
2013,5,17,20.2,28.6,17:30,12.6,7:10,1.3,3.3,0.0,1.0,16.1,17:10,NE
2013,5,18,20.7,28.3,15:20,11.9,6:30,1.4,3.7,0.0,2.3,29.0,14:10,W
2013,5,19,21.4,29.7,16:40,12.9,6:00,1.2,4.3,0.0,0.2,17.7,2:30,W
2013,5,20,22.0,28.8,16:30,15.3,7:00,0.5,4.2,0.0,2.1,25.7,16:40,W
2013,5,21,20.9,28.9,17:30,11.5,6:40,1.3,3.9,0.0,1.0,27.4,2:20,SSW
2013,5,22,21.4,28.3,14:50,15.7,6:30,0.5,3.6,0.0,0.5,27.4,16:10,N
2013,5,23,19.6,22.0,1:00,15.3,00:00,0.3,1.6,0.0,6.9,41.8,10:10,SSE
2013,5,24,16.3,21.9,15:30,10.2,6:10,2.8,0.8,0.2,3.9,40.2,17:20,W
2013,5,25,17.1,22.6,17:40,11.8,6:20,2.1,0.9,0.0,2.6,41.8,17:00,SSE
2013,5,26,16.1,22.3,14:40,11.1,00:00,3.2,0.9,0.0,6.1,48.3,17:30,SSE
2013,5,27,15.2,22.0,15:00,8.1,6:50,4.0,0.9,0.0,4.3,32.2,15:30,W
2013,5,28,16.4,23.6,14:00,7.0,6:40,3.4,1.6,0.0,0.8,19.3,23:20,SSE
2013,5,29,19.7,26.5,17:40,12.6,7:20,1.3,2.7,1.0,0.6,30.6,21:40,ENE
2013,5,30,18.0,24.4,13:10,11.7,6:50,2.0,1.7,0.4,2.3,53.1,16:00,SW
2013,5,31,14.9,20.2,16:20,9.8,6:50,3.6,0.2,0.6,3.5,43.5,16:40,W
2013,6,1,14.4,21.9,16:40,6.6,6:50,4.3,0.4,0.0,2.4,29.0,21:30,SW
2013,6,2,15.8,21.5,16:40,10.6,7:40,3.0,0.5,0.0,2.7,33.8,16:40,W
2013,6,3,17.8,24.6,15:50,10.2,7:00,2.3,1.8,0.0,3.5,29.0,11:10,W
2013,6,4,16.4,22.1,15:00,10.8,6:30,2.6,0.7,0.4,1.1,30.6,16:20,WNW
2013,6,5,16.2,22.7,15:20,10.0,6:10,3.1,0.9,0.4,2.1,32.2,15:30,W
2013,6,6,18.3,25.9,16:50,9.9,6:40,2.5,2.4,0.0,1.3,22.5,17:00,W
2013,6,7,20.2,27.3,17:30,12.4,6:40,1.4,3.3,0.0,0.8,19.3,19:50,ENE
2013,6,8,20.2,26.0,18:00,13.4,6:50,0.9,2.8,0.0,1.1,19.3,19:30,SSE
2013,6,9,21.4,28.8,16:50,13.9,4:10,1.1,4.2,0.0,0.2,12.9,3:40,W
2013,6,10,21.8,30.1,17:10,14.0,6:30,0.8,4.3,0.0,1.8,33.8,18:20,NNW
2013,6,11,18.5,24.7,14:00,13.9,00:00,1.3,1.4,3.2,1.3,25.7,17:40,SW
2013,6,12,16.8,21.6,17:10,12.2,6:30,1.9,0.5,3.4,6.3,49.9,2:30,NE
2013,6,13,19.3,24.6,16:20,15.8,0:10,0.8,1.8,0.0,6.0,27.4,10:30,NE
2013,6,14,22.4,27.6,15:10,16.4,5:20,0.2,4.3,0.0,3.1,22.5,2:00,NE
2013,6,15,23.3,30.2,17:20,15.2,6:20,0.5,5.4,0.0,2.4,27.4,0:30,SSW
2013,6,16,23.8,31.9,16:40,15.7,6:30,0.4,5.9,0.0,1.1,20.9,14:10,NNW
2013,6,17,24.8,32.4,17:10,16.4,6:00,0.2,6.7,0.0,0.5,11.3,2:30,SSE
2013,6,18,24.8,32.8,17:00,17.2,5:40,0.1,6.6,0.0,0.5,16.1,1:10,SSW
2013,6,19,25.8,34.0,17:50,17.4,6:30,0.1,7.6,0.0,0.3,12.9,21:00,S
2013,6,20,26.4,34.1,17:50,18.7,6:00,0.0,8.1,0.0,0.5,24.1,20:10,SSE
2013,6,21,26.5,34.5,16:20,18.8,6:50,0.0,8.2,0.0,0.0,1.6,3:20,NNW
2013,6,22,26.6,35.1,16:40,19.5,6:50,0.0,8.2,0.0,0.5,19.3,18:50,N
2013,6,23,25.2,34.6,14:20,18.8,7:10,0.0,6.8,0.2,1.1,33.8,16:30,SW
2013,6,24,25.2,32.8,16:40,17.5,6:50,0.1,6.9,0.0,1.3,24.1,17:10,NNE
2013,6,25,24.0,31.1,16:30,16.1,7:00,0.2,5.9,0.0,2.6,25.7,11:50,W
2013,6,26,22.5,28.6,15:50,17.1,6:10,0.1,4.3,0.0,2.6,25.7,21:10,NE
2013,6,27,20.6,25.3,16:40,17.5,00:00,0.1,2.3,2.4,1.1,19.3,20:20,NE
2013,6,28,21.0,28.4,18:20,13.4,6:40,1.2,3.9,1.0,1.8,24.1,14:10,NW
2013,6,29,20.8,27.3,16:50,14.7,5:50,0.7,3.2,0.0,2.9,41.8,19:40,W
2013,6,30,18.3,22.3,18:20,14.8,6:30,1.2,1.2,0.0,4.7,35.4,18:20,W
2013,7,1,21.2,27.4,18:20,13.3,6:00,0.8,3.7,0.0,4.0,29.0,4:20,NW
2013,7,2,21.8,29.6,17:30,13.2,6:50,1.1,4.5,0.0,0.2,12.9,0:10,SW
2013,7,3,23.1,29.9,16:40,15.5,6:30,0.3,5.2,0.0,0.5,16.1,20:50,SW
2013,7,4,21.1,30.0,14:20,16.4,5:30,0.3,3.1,1.8,1.8,29.0,18:20,W
2013,7,5,22.3,29.5,17:10,17.3,5:20,0.3,4.2,0.0,2.7,33.8,23:00,NE
2013,7,6,22.6,27.9,15:30,18.1,8:00,0.0,4.2,0.4,4.3,33.8,16:00,NE
2013,7,7,21.8,27.8,14:10,17.2,5:30,0.2,3.6,0.0,2.1,29.0,17:00,W
2013,7,8,21.5,28.8,15:20,16.3,6:50,0.2,3.4,0.0,2.6,29.0,17:10,W
2013,7,9,19.8,27.9,13:30,15.4,5:30,1.0,2.4,44.8,1.8,35.4,18:30,W
2013,7,10,20.3,26.4,17:00,15.1,6:20,0.9,2.9,0.0,0.8,22.5,17:50,W
2013,7,11,21.7,29.4,15:50,14.9,6:50,0.7,4.1,0.0,0.8,29.0,17:30,ENE
2013,7,12,21.8,29.2,15:20,16.1,6:30,0.3,3.8,7.8,1.1,25.7,17:20,SW
2013,7,13,22.3,28.9,16:50,15.2,6:30,0.7,4.7,0.0,0.0,12.9,0:30,W
2013,7,14,23.6,29.1,17:50,17.5,6:50,0.1,5.4,0.4,1.1,24.1,0:30,SW
2013,7,15,22.9,28.3,16:20,16.8,6:40,0.1,4.7,0.0,1.6,20.9,20:20,SSE
2013,7,16,23.2,28.1,15:50,19.2,00:00,0.0,4.8,0.4,6.9,38.6,4:50,NE
2013,7,17,21.5,26.1,18:30,17.6,7:30,0.1,3.2,0.0,0.5,32.2,0:40,NNW
2013,7,18,23.2,29.2,17:30,17.3,2:50,0.2,5.0,0.0,0.0,1.6,1:50,W
2013,7,19,23.1,29.0,18:30,16.1,6:10,0.3,5.1,0.0,0.0,11.3,1:40,SW
2013,7,20,23.2,29.2,13:10,17.4,6:30,0.1,4.9,0.0,2.7,24.1,16:00,NW
2013,7,21,22.8,30.7,17:00,16.6,4:20,0.3,4.8,6.8,1.1,32.2,23:00,W
2013,7,22,21.0,26.3,18:50,16.2,6:10,0.5,3.2,17.2,0.8,22.5,0:50,NW
2013,7,23,22.7,29.4,19:30,15.1,7:10,0.6,4.9,0.0,0.2,12.9,0:10,SW
2013,7,24,23.9,31.4,18:10,15.9,6:50,0.4,6.0,0.0,0.3,16.1,23:00,SW
2013,7,25,25.2,32.2,18:20,17.4,7:30,0.1,6.9,0.0,0.5,12.9,21:50,S
2013,7,26,26.1,32.6,16:20,19.3,6:50,0.0,7.8,0.0,1.4,19.3,19:30,N
2013,7,27,26.4,32.1,18:20,19.3,6:20,0.0,8.1,0.0,1.0,19.3,0:30,W
2013,7,28,25.9,32.9,18:20,18.2,6:50,0.0,7.6,0.0,0.2,12.9,3:00,SSW
2013,7,29,27.1,34.9,17:40,18.5,7:10,0.0,8.7,0.0,0.2,22.5,21:30,SSE
2013,7,30,27.7,37.3,16:30,19.8,7:00,0.0,9.4,0.0,0.3,20.9,17:00,SSW
2013,7,31,26.2,29.8,16:40,23.2,7:00,0.0,7.9,0.0,3.2,40.2,23:40,NE
2013,8,1,25.7,30.8,17:00,19.9,8:00,0.0,7.3,0.0,1.4,35.4,0:20,NNW
2013,8,2,25.2,31.6,17:20,17.3,7:20,0.1,6.9,0.0,0.2,11.3,3:10,W
2013,8,3,25.7,32.8,17:30,17.2,7:20,0.1,7.4,0.0,0.0,9.7,1:00,NNE
2013,8,4,26.0,33.7,15:10,17.1,7:00,0.1,7.7,0.0,0.0,9.7,1:30,SW
2013,8,5,25.7,32.1,16:30,19.1,7:20,0.0,7.4,0.0,0.0,8.0,19:00,NE
2013,8,6,25.4,32.6,17:50,17.9,6:40,0.0,7.1,0.0,0.0,4.8,19:40,SSW
2013,8,7,25.7,32.8,17:20,17.3,7:30,0.1,7.4,0.0,0.5,16.1,21:30,SSW
2013,8,8,25.4,32.6,16:50,17.4,7:10,0.1,7.2,0.0,1.3,16.1,15:00,SSE
2013,8,9,25.6,33.6,18:00,16.6,6:50,0.2,7.4,0.0,0.0,14.5,20:20,SSE
2013,8,10,23.4,31.2,16:00,17.5,7:10,0.1,5.2,0.0,1.0,29.0,19:30,SSW
2013,8,11,24.4,31.4,16:50,16.9,6:00,0.2,6.4,0.0,1.3,17.7,10:50,SSW
2013,8,12,24.9,31.5,16:40,17.6,7:10,0.1,6.6,0.0,0.6,14.5,0:40,S
2013,8,13,25.8,33.4,16:50,18.4,7:20,0.0,7.4,0.0,0.3,17.7,2:50,E
2013,8,14,26.2,33.2,17:00,18.9,7:20,0.0,7.9,0.0,0.2,9.7,15:20,SSE
2013,8,15,24.9,31.4,15:00,17.5,8:00,0.1,6.6,0.0,2.1,20.9,16:00,E
2013,8,16,23.8,30.0,14:20,18.9,5:10,0.0,5.4,1.2,1.8,24.1,21:20,W
2013,8,17,23.1,30.3,15:10,16.7,3:50,0.3,5.0,0.0,0.8,24.1,18:20,ESE
2013,8,18,23.8,31.4,16:30,16.2,7:40,0.3,5.7,0.0,0.2,9.7,8:20,S
2013,8,19,25.3,33.7,16:00,16.9,7:30,0.1,7.1,0.0,0.5,12.9,16:20,SSW
2013,8,20,24.6,31.9,18:00,16.4,7:20,0.2,6.4,0.0,0.3,17.7,19:10,NE
2013,8,21,23.2,31.2,14:40,17.5,6:50,0.1,4.9,0.0,1.1,19.3,16:20,E
2013,8,22,23.3,31.2,15:40,16.2,7:20,0.3,5.3,0.0,1.0,16.1,21:20,W
2013,8,23,23.3,30.7,15:30,15.6,7:30,0.4,5.3,0.0,0.6,16.1,20:40,SSE
2013,8,24,23.6,31.3,17:00,15.5,7:30,0.4,5.7,0.0,1.0,32.2,15:20,SSE
2013,8,25,23.4,31.6,14:30,15.1,7:00,0.5,5.6,0.0,0.6,24.1,13:50,SSE
2013,8,26,24.3,32.8,16:50,16.2,7:10,0.3,6.3,0.0,1.8,25.7,23:10,NE
2013,8,27,23.5,32.1,17:00,16.7,7:30,0.1,5.3,0.0,2.3,41.8,18:30,W
2013,8,28,20.7,28.3,12:40,16.7,6:50,0.1,2.5,11.8,1.0,49.9,13:40,NNW
2013,8,29,22.2,28.8,15:00,15.7,7:30,0.4,4.3,0.0,3.9,30.6,12:30,W
2013,8,30,22.0,27.4,18:10,15.3,6:50,0.4,4.2,0.0,2.1,22.5,21:30,NE
2013,8,31,22.8,26.8,16:20,18.6,8:10,0.0,4.4,0.0,1.3,20.9,3:20,NE
2013,9,18,17.9,22.8,13:30,13.9,6:00,1.7,1.2,1.0,5.0,33.8,14:50,W
2013,9,19,17.1,25.7,15:50,9.1,8:00,3.0,1.7,0.0,3.9,32.2,17:00,S
2013,9,20,18.4,23.1,15:20,14.4,8:30,1.0,1.1,0.0,2.6,25.7,8:20,W
2013,9,21,17.4,22.7,14:40,12.0,6:20,2.0,1.1,0.0,3.5,29.0,23:10,S
2013,9,22,17.0,20.2,15:40,14.5,7:20,1.6,0.2,0.0,6.3,30.6,6:50,NNW
2013,9,23,16.3,22.5,17:20,9.1,7:40,2.9,0.8,0.0,3.9,29.0,20:00,NNW
2013,9,24,17.8,26.1,17:00,10.3,7:50,2.4,1.9,0.0,4.2,24.1,16:30,W
2013,9,25,18.2,28.7,16:40,9.8,8:00,2.6,2.4,0.0,2.3,24.1,16:40,ESE
2013,9,26,17.9,27.6,16:20,9.9,7:00,2.6,2.2,0.0,2.7,25.7,16:30,SSW
2013,9,27,18.7,25.3,15:40,12.3,7:40,1.6,1.9,0.0,2.1,19.3,2:30,W
2013,9,28,19.4,27.6,16:30,12.3,7:00,1.7,2.8,0.0,3.5,33.8,13:40,SSW
2013,9,29,19.6,27.9,17:10,11.8,7:20,1.7,2.9,0.0,1.9,16.1,17:30,SW
2013,9,30,17.8,26.4,14:20,14.1,23:50,1.7,1.2,8.4,2.9,32.2,14:30,S
2013,10,1,16.0,21.6,15:40,12.6,7:40,2.7,0.4,4.6,3.9,32.2,16:10,W
2013,10,2,15.4,20.1,15:50,12.1,23:30,3.0,0.1,0.0,4.8,32.2,21:30,ENE
2013,10,3,12.3,15.9,17:00,9.7,8:10,6.1,0.0,0.0,5.8,29.0,0:50,NE
2013,10,4,10.8,14.9,17:00,7.8,6:50,7.6,0.0,0.0,2.4,16.1,3:40,NE
2013,10,5,10.1,16.3,17:00,3.6,8:00,8.2,0.0,0.0,1.6,11.3,13:40,S
2013,10,6,11.3,14.8,16:40,8.6,3:30,7.1,0.0,0.0,1.8,14.5,15:40,SSE
2013,10,7,12.3,14.7,14:30,10.7,5:50,6.0,0.0,0.2,2.4,16.1,10:00,SSE
2013,10,8,13.1,16.1,18:40,10.0,4:10,5.3,0.0,1.4,1.4,9.7,15:00,NE
2013,10,9,13.1,14.2,15:50,11.9,7:40,5.3,0.0,2.6,1.0,11.3,15:50,SSE
2013,10,10,15.2,20.9,18:00,12.3,8:50,3.4,0.3,7.6,1.6,17.7,18:30,SSW
2013,10,11,13.7,15.4,21:00,12.0,1:20,4.7,0.0,20.4,2.3,22.5,16:20,S
2013,10,12,16.9,23.2,17:00,13.9,7:40,2.0,0.6,0.0,1.4,11.3,10:20,NW
2013,10,13,17.4,25.1,16:30,11.8,7:50,2.3,1.3,0.0,1.4,9.7,5:00,NE
2013,10,14,16.4,20.4,16:50,13.4,5:00,2.2,0.3,0.0,1.6,16.1,19:00,S
2013,10,15,17.6,23.4,16:10,14.9,00:00,1.6,0.8,0.0,2.3,17.7,16:10,W
2013,10,16,14.7,18.2,15:50,11.3,9:10,3.7,0.0,2.6,2.6,29.0,20:30,NE
2013,10,17,13.0,16.0,15:40,9.1,6:10,5.3,0.0,0.2,9.7,48.3,3:40,NW
2013,10,18,14.4,20.2,16:00,9.3,8:10,4.1,0.2,0.0,4.5,29.0,17:10,NW
2013,10,19,11.5,18.5,17:00,5.6,8:10,6.8,0.0,0.0,1.3,9.7,7:20,S
2013,10,20,11.2,18.2,16:50,5.6,7:10,7.2,0.0,0.0,1.6,12.9,1:40,S
2013,10,21,11.8,21.4,17:00,5.3,7:20,6.7,0.2,0.0,1.1,9.7,1:30,S
2013,10,22,13.3,22.1,16:30,7.0,6:30,5.4,0.4,0.0,0.6,9.7,8:50,SSE
2013,10,23,13.9,22.3,16:30,7.8,8:00,4.9,0.4,0.0,1.0,8.0,5:40,S
2013,10,24,13.1,20.4,16:30,7.6,7:50,5.4,0.2,0.0,1.4,9.7,0:20,S
2013,10,25,12.9,21.3,16:40,7.3,8:30,5.7,0.2,0.0,1.3,8.0,1:20,S
2013,10,26,12.2,21.6,16:40,6.2,7:50,6.4,0.3,0.0,1.6,9.7,9:40,S
2013,10,27,12.2,21.8,15:10,5.6,7:20,6.4,0.2,0.0,1.4,11.3,8:20,SSW
2013,10,28,13.7,22.8,15:40,7.5,6:00,5.2,0.5,0.0,1.1,6.4,0:50,SSW
2013,10,29,14.0,23.6,15:00,7.8,6:20,4.8,0.6,0.0,0.8,6.4,3:30,SSW
2013,10,30,13.2,20.5,15:10,7.3,6:50,5.3,0.2,0.0,0.8,6.4,0:30,SSW
2013,10,31,13.1,20.1,15:40,7.7,7:20,5.4,0.1,0.0,1.0,8.0,4:40,SSW
2013,11,1,12.3,18.6,15:10,7.6,6:30,6.1,0.0,0.0,1.3,11.3,21:50,S
2013,11,2,11.4,18.7,15:50,6.1,6:20,6.9,0.0,0.0,1.6,12.9,19:50,S
2013,11,3,13.1,21.9,15:00,6.8,6:00,5.6,0.3,0.0,2.4,22.5,14:40,SSW
2013,11,4,14.4,20.4,16:20,9.4,7:20,4.1,0.2,0.0,1.9,20.9,16:20,SSW
2013,11,5,14.6,17.1,14:50,11.9,6:40,3.8,0.0,1.8,2.7,22.5,18:50,SSE
2013,11,6,13.9,16.4,14:30,11.7,23:40,4.4,0.0,3.0,0.8,20.9,00:00,WNW
2013,11,7,13.9,20.1,15:00,8.8,7:20,4.6,0.2,0.0,3.1,17.7,0:10,W
2013,11,8,11.3,19.3,15:40,5.9,5:40,7.1,0.0,0.0,1.1,11.3,8:20,SSW
2013,11,9,10.8,19.2,15:20,5.1,7:20,7.6,0.0,0.0,1.3,11.3,22:10,SSW
2013,11,10,11.5,17.4,15:20,6.1,3:30,6.8,0.0,2.6,1.3,14.5,19:30,S
2013,11,11,12.5,13.6,16:30,11.2,6:10,5.8,0.0,35.8,1.3,12.9,1:30,NNW
2013,11,12,14.0,16.2,14:30,12.6,20:30,4.3,0.0,9.6,2.3,24.1,17:50,ENE
2013,11,13,12.8,14.3,15:20,11.7,7:30,5.5,0.0,1.8,1.8,11.3,17:20,E
2013,11,14,11.8,13.1,13:40,10.3,23:30,6.5,0.0,0.0,4.7,19.3,3:30,E
2013,11,15,10.5,12.7,11:00,9.4,7:30,7.8,0.0,0.0,2.7,14.5,10:10,E
2013,11,16,10.1,11.9,14:40,8.9,1:00,8.2,0.0,0.0,1.0,12.9,19:50,SSE
2013,11,17,8.3,11.9,14:50,4.6,00:00,10.0,0.0,0.0,1.4,12.9,12:00,S
2013,11,18,7.1,12.3,15:20,3.0,6:00,11.2,0.0,0.0,2.4,16.1,16:30,S
2013,11,19,9.1,10.2,12:10,7.8,6:10,9.3,0.0,6.2,1.9,17.7,15:40,S
2013,11,20,10.7,13.4,15:20,8.8,2:00,7.7,0.0,0.4,3.1,24.1,19:00,SSE
2013,11,21,9.7,11.2,11:20,7.7,00:00,8.7,0.0,8.2,1.6,24.1,17:50,NNW
2013,11,22,8.6,12.7,15:20,6.3,7:10,9.8,0.0,0.0,1.6,12.9,0:40,W
2013,11,23,8.4,10.8,11:10,6.1,1:30,9.9,0.0,4.0,1.6,12.9,15:30,S
2013,11,24,6.6,8.2,16:50,5.3,2:30,11.8,0.0,8.4,2.3,17.7,19:00,S
2013,11,25,6.3,9.3,13:10,3.3,8:00,12.0,0.0,0.2,1.4,12.9,3:10,S
2013,11,26,5.6,6.7,12:30,3.9,23:40,12.7,0.0,6.0,2.3,12.9,0:30,SW
2013,11,27,4.2,9.1,14:10,0.6,7:50,14.2,0.0,0.0,2.7,20.9,18:30,SW
2013,11,28,2.6,7.5,15:20,-0.8,7:00,15.7,0.0,0.0,1.6,12.9,18:30,S
2013,11,29,3.8,10.9,14:40,-1.2,6:40,14.5,0.0,0.2,2.9,22.5,15:10,SSW
2013,11,30,1.6,4.3,13:50,-0.7,6:00,16.7,0.0,10.0,1.3,11.3,10:10,S
2013,12,1,4.2,6.6,20:40,1.7,1:40,14.1,0.0,20.2,2.6,17.7,7:50,WSW
2013,12,2,7.4,8.8,14:10,6.0,1:00,10.9,0.0,0.6,2.4,24.1,23:50,W
2013,12,3,4.6,7.2,0:10,-0.3,00:00,13.8,0.0,0.4,5.8,25.7,9:30,ENE
2013,12,4,1.2,7.1,15:40,-2.7,7:10,17.1,0.0,0.2,1.4,12.9,2:00,E
2013,12,5,2.5,9.7,15:00,-2.3,7:50,15.8,0.0,0.2,1.4,12.9,18:30,SSW
2013,12,6,4.1,12.6,15:40,-2.2,7:10,14.3,0.0,0.0,2.4,37.0,16:30,SSW
2013,12,7,3.6,6.3,14:30,0.3,23:50,14.8,0.0,0.2,6.0,37.0,5:50,NNW
2013,12,8,0.2,6.2,15:20,-4.5,8:30,18.2,0.0,0.0,1.9,14.5,1:10,SSW
2013,12,9,3.3,10.8,15:10,-3.3,7:10,15.0,0.0,0.0,3.1,27.4,13:50,SSW
2013,12,10,6.8,11.5,12:30,2.0,23:50,11.5,0.0,0.0,7.7,33.8,11:50,NE
2013,12,11,1.3,5.7,14:10,-2.3,8:20,17.0,0.0,0.0,3.5,22.5,1:20,S
2013,12,12,3.1,12.4,14:50,-2.7,3:40,15.2,0.0,0.0,2.3,16.1,16:30,SW
2013,12,13,4.5,10.0,14:40,1.3,7:40,13.8,0.0,0.0,1.3,11.3,10:10,SSW
2013,12,14,2.7,9.4,15:00,-1.5,7:30,15.7,0.0,0.0,1.1,8.0,13:10,SW
2013,12,15,3.5,9.8,15:10,-1.8,8:20,14.8,0.0,0.0,1.1,8.0,0:20,SSW
2013,12,16,2.8,7.6,14:00,-0.4,7:10,15.6,0.0,0.0,2.4,20.9,15:40,SSW
2013,12,17,0.4,5.5,14:50,-2.8,8:50,17.9,0.0,0.0,1.8,14.5,10:40,SSW
2013,12,18,-0.3,6.4,15:10,-4.6,8:40,18.7,0.0,0.0,1.6,12.9,1:50,SSW
2013,12,19,-0.5,6.2,15:30,-4.9,6:50,18.8,0.0,0.0,1.6,9.7,3:00,SSW
2013,12,20,0.2,6.8,14:40,-4.6,7:00,18.1,0.0,0.2,1.4,8.0,1:10,SSW
2013,12,21,1.2,7.6,15:40,-3.4,8:20,17.1,0.0,0.0,1.6,14.5,18:50,SSW
2013,12,22,0.7,7.6,15:10,-3.7,7:50,17.7,0.0,0.0,1.4,8.0,0:30,SSW
2013,12,23,0.6,6.9,15:30,-3.3,6:10,17.7,0.0,0.0,1.3,9.7,9:30,SSW
2013,12,24,0.9,4.1,15:40,-2.5,3:20,17.4,0.0,0.4,1.1,14.5,18:30,NE
2013,12,25,2.9,4.1,23:00,1.6,3:40,15.4,0.0,5.2,1.0,11.3,4:20,W
2013,12,26,5.1,6.4,21:10,3.7,4:40,13.3,0.0,2.8,1.0,12.9,17:40,NE
2013,12,27,7.2,8.3,13:30,5.9,23:00,11.1,0.0,18.0,1.3,14.5,1:40,NE
2013,12,28,7.5,10.3,13:10,4.2,23:50,10.8,0.0,1.8,1.4,19.3,7:20,ENE
2013,12,29,3.9,9.3,15:10,0.7,9:00,14.4,0.0,0.2,0.8,9.7,18:40,ESE
2013,12,30,3.6,8.8,16:00,0.9,4:40,14.8,0.0,0.2,0.8,11.3,5:10,ESE
2013,12,31,4.1,5.4,22:30,1.7,4:30,14.3,0.0,0.4,0.3,6.4,4:10,NE
2014,1,1,5.3,6.7,14:30,4.7,8:00,13.1,0.0,0.0,0.0,1.6,13:10,WNW
2014,1,2,4.2,5.8,15:10,1.1,23:50,14.2,0.0,0.0,0.0,0.0,---,---
2014,1,3,2.7,8.7,15:50,-0.3,8:50,15.6,0.0,0.2,0.0,0.0,---,---
2014,1,4,3.5,9.4,15:50,-0.1,7:40,14.8,0.0,0.2,0.2,9.7,21:00,SW
2014,1,5,3.6,6.6,22:50,0.0,5:00,14.8,0.0,0.2,0.8,8.0,0:30,SE
2014,1,6,6.3,7.4,15:30,5.2,6:00,12.1,0.0,1.0,0.3,8.0,20:10,SE
2014,1,7,6.8,12.4,14:50,3.5,00:00,11.6,0.0,0.2,0.2,6.4,22:30,SW
2014,1,8,3.1,8.4,15:50,0.3,7:50,15.2,0.0,0.2,1.4,12.9,19:00,W
2014,1,9,3.2,9.3,15:40,-1.1,8:00,15.2,0.0,0.2,1.1,11.3,1:30,W
2014,1,10,5.9,14.6,18:50,0.1,8:10,12.4,0.0,0.0,1.6,24.1,18:40,W
2014,1,11,5.6,10.6,15:20,1.6,8:20,12.8,0.0,0.0,0.5,8.0,11:20,E
2014,1,12,6.0,14.3,15:20,1.1,5:50,12.3,0.0,0.0,2.4,35.4,14:40,WNW
2014,1,13,5.4,10.6,14:30,1.5,8:10,12.9,0.0,0.0,1.4,16.1,10:20,S
2014,1,14,5.5,9.0,15:10,2.1,3:20,12.8,0.0,0.0,1.4,12.9,6:50,NE
2014,1,15,7.5,8.6,14:40,6.7,6:20,10.8,0.0,4.0,0.6,8.0,2:40,NNE
2014,1,16,7.3,10.2,15:20,3.5,00:00,11.1,0.0,1.6,1.3,9.7,6:20,W
2014,1,17,4.7,11.7,16:00,0.3,7:50,13.6,0.0,0.2,0.8,9.7,22:10,SSW
2014,1,18,3.7,6.9,16:50,0.9,8:30,14.7,0.0,0.0,1.1,12.9,8:40,SSW
2014,1,19,5.3,10.1,19:50,1.5,5:00,13.0,0.0,0.6,1.4,11.3,6:00,SSW
2014,1,20,10.7,15.8,13:50,6.7,8:10,7.7,0.0,0.2,4.0,27.4,17:10,S
2014,1,21,7.7,10.7,0:10,3.8,23:50,10.7,0.0,1.4,3.9,29.0,13:00,SSE
2014,1,22,5.7,11.3,17:20,1.9,6:50,12.6,0.0,0.0,2.1,27.4,17:20,SW
2014,1,23,6.8,11.3,15:40,3.6,8:20,11.6,0.0,0.0,1.9,19.3,14:40,SW
2014,1,24,5.9,9.4,15:20,3.8,8:50,12.4,0.0,8.8,2.3,27.4,15:20,S
2014,1,25,5.8,8.3,15:30,3.6,00:00,12.5,0.0,7.6,2.4,25.7,21:00,NE
2014,1,26,3.3,6.3,15:20,-0.3,00:00,15.1,0.0,0.0,8.0,32.2,20:10,NNW
2014,1,27,0.8,4.4,15:50,-2.2,7:50,17.5,0.0,0.0,3.9,29.0,2:20,ESE
2014,1,28,1.1,2.0,12:00,0.6,15:20,17.3,0.0,2.0,0.8,12.9,7:20,SSE
2014,1,29,2.4,8.6,15:50,-0.9,9:00,15.9,0.0,6.4,3.4,29.0,15:20,W
2014,1,30,3.4,8.3,15:50,-1.4,4:50,14.9,0.0,0.0,1.9,14.5,2:40,SSW
2014,1,31,5.2,6.4,0:20,3.6,23:30,13.2,0.0,1.8,2.1,17.7,11:50,S
2014,2,1,3.6,5.3,12:40,2.7,00:00,14.7,0.0,0.2,4.3,20.9,16:30,SSE
2014,2,2,3.0,4.3,14:40,2.0,6:00,15.3,0.0,0.0,6.6,30.6,18:30,E
2014,2,3,3.9,5.5,14:20,2.7,23:50,14.4,0.0,0.0,9.7,33.8,1:00,ENE
2014,2,4,2.5,3.4,0:20,1.5,9:10,15.8,0.0,0.4,3.1,22.5,4:10,NE
2014,2,5,3.3,4.6,16:20,2.0,5:00,15.0,0.0,0.2,0.8,9.7,20:00,ESE
2014,2,6,4.0,4.6,13:40,3.6,6:30,14.3,0.0,3.8,1.3,14.5,14:20,SSE
2014,2,7,5.0,8.8,15:00,2.1,00:00,13.3,0.0,0.0,1.3,9.7,2:00,ESE
2014,2,8,4.3,9.3,16:50,0.5,7:10,14.1,0.0,0.4,1.0,8.0,5:40,S
2014,2,9,8.0,12.8,15:10,4.6,5:00,10.3,0.0,0.0,3.4,33.8,16:20,S
2014,2,10,9.8,15.1,16:40,5.2,7:50,8.5,0.0,0.0,3.7,33.8,3:30,W
2014,2,11,9.1,17.6,15:50,3.5,7:20,9.3,0.0,0.0,3.7,29.0,17:00,ESE
2014,2,12,7.2,12.1,13:50,4.2,6:40,11.1,0.0,6.4,1.0,20.9,14:10,W
2014,2,13,6.2,13.5,15:20,2.1,8:00,12.2,0.0,0.2,3.2,25.7,19:10,W
2014,2,14,5.6,11.2,16:30,0.9,7:50,12.8,0.0,0.0,3.4,24.1,19:30,W
2014,2,15,7.0,13.2,16:20,2.5,7:50,11.3,0.0,0.0,2.4,20.9,3:00,W
2014,2,16,7.9,17.4,15:40,0.9,7:30,10.4,0.0,0.0,1.1,9.7,9:30,ESE
2014,2,17,9.9,21.2,15:10,2.4,7:30,8.7,0.2,0.0,2.6,38.6,15:20,SSW
2014,2,18,10.2,20.3,15:40,3.4,6:40,8.3,0.1,0.0,1.4,12.9,0:40,ESE
2014,2,19,10.1,20.1,15:20,2.7,6:40,8.3,0.1,0.0,1.8,12.9,17:00,SSW
2014,2,20,8.6,14.4,16:20,3.3,7:10,9.7,0.0,0.0,1.8,20.9,00:00,SSW
2014,2,21,9.1,12.0,16:10,6.2,7:50,9.2,0.0,0.0,2.1,17.7,0:10,NE
2014,2,22,8.6,12.6,13:10,4.9,6:40,9.7,0.0,0.6,1.8,11.3,8:20,N
2014,2,23,8.3,14.3,15:10,3.9,7:20,10.1,0.0,4.8,2.7,24.1,17:10,WSW
2014,2,24,6.3,8.0,17:10,4.5,6:00,12.1,0.0,8.2,3.1,16.1,3:20,WSW
2014,2,25,7.7,11.7,16:00,5.1,7:20,10.7,0.0,0.0,2.3,22.5,21:00,E
2014,2,26,7.9,14.2,15:20,4.0,7:30,10.4,0.0,0.0,5.1,25.7,18:40,WSW
2014,2,27,6.6,12.9,15:20,0.4,7:10,11.7,0.0,0.0,2.1,12.9,20:00,ESE
2014,2,28,6.4,9.9,15:10,3.1,3:10,11.9,0.0,0.8,1.9,11.3,0:20,S
2014,3,1,6.9,8.3,16:30,5.6,5:10,11.4,0.0,6.2,2.1,14.5,14:00,SSE
2014,3,2,6.8,10.7,16:20,3.9,00:00,11.5,0.0,10.4,3.4,32.2,15:50,N
2014,3,3,5.7,8.4,16:20,3.0,1:50,12.6,0.0,0.2,2.7,16.1,1:40,WSW
2014,3,4,6.2,10.8,15:50,1.5,7:00,12.1,0.0,3.6,2.7,24.1,17:30,SE
2014,3,5,6.4,11.9,14:50,2.8,5:20,11.9,0.0,0.0,3.5,22.5,15:10,WSW
2014,3,6,6.4,11.7,14:30,2.3,7:20,11.9,0.0,1.0,2.9,27.4,20:10,ESE
2014,3,7,7.6,9.4,14:10,6.3,5:20,10.7,0.0,1.0,4.0,29.0,14:10,ENE
2014,3,8,8.6,11.7,14:20,6.2,1:00,9.8,0.0,0.2,8.2,38.6,12:50,NNE
2014,3,9,7.4,9.9,16:00,5.4,00:00,10.9,0.0,0.0,9.7,46.7,20:50,NNE
2014,3,10,5.5,8.6,14:50,3.9,23:50,12.8,0.0,0.0,8.0,32.2,20:20,N
2014,3,11,4.4,7.7,16:00,1.7,4:20,13.9,0.0,0.0,4.8,30.6,17:20,SW
2014,3,12,7.9,13.9,17:00,1.8,0:10,10.4,0.0,0.0,4.7,24.1,13:50,WSW
2014,3,13,8.8,15.2,15:40,3.0,6:40,9.5,0.0,0.0,3.2,24.1,2:30,E
2014,3,14,8.8,17.2,15:40,1.4,6:20,9.5,0.0,0.0,2.1,20.9,21:50,ESE
2014,3,15,10.0,19.6,16:30,2.2,6:40,8.4,0.1,0.0,3.7,40.2,19:30,W
2014,3,16,11.9,17.3,15:20,6.3,6:20,6.4,0.0,0.0,5.1,30.6,0:10,ESE
2014,3,17,11.4,17.8,15:10,5.3,6:50,6.9,0.0,0.0,2.7,16.1,9:10,WSW
2014,3,18,12.8,23.2,16:10,4.3,5:40,6.1,0.6,0.0,2.9,17.7,16:10,SSW
2014,3,19,14.3,23.6,15:00,5.7,6:40,5.1,1.0,0.0,5.3,37.0,17:00,W
2014,3,20,12.4,17.9,15:50,7.8,23:50,5.9,0.0,0.0,4.7,33.8,0:20,ESE
2014,3,21,10.8,18.4,16:00,3.3,6:40,7.6,0.0,0.0,3.2,20.9,18:10,S
2014,3,22,11.6,19.2,15:20,3.8,6:30,6.8,0.1,0.0,3.2,17.7,15:00,ESE
2014,3,23,13.4,21.1,14:10,6.2,6:50,5.2,0.3,0.0,3.2,27.4,15:50,SW
2014,3,24,10.9,18.8,12:20,4.8,00:00,7.4,0.0,0.8,5.8,46.7,13:50,SW
2014,3,25,7.8,13.7,14:50,2.0,7:00,10.6,0.0,0.0,5.3,37.0,16:20,W
2014,3,26,8.2,12.1,17:00,4.9,2:30,10.2,0.0,0.8,2.7,20.9,17:30,NE
2014,3,27,8.3,15.2,14:00,4.9,00:00,10.1,0.0,14.4,3.7,51.5,18:10,S
2014,3,28,6.2,9.1,16:00,3.1,3:50,12.1,0.0,8.4,2.9,22.5,1:20,WSW
2014,3,29,10.5,15.9,16:10,6.0,1:40,7.8,0.0,0.2,5.5,25.7,10:10,NE
2014,3,30,10.4,16.9,16:00,4.7,6:00,7.6,0.0,0.0,4.2,19.3,15:40,W
2014,3,31,11.2,19.2,17:20,4.9,6:00,7.2,0.1,0.0,2.4,12.9,0:30,E
2014,4,1,13.2,21.2,16:10,6.5,7:20,5.6,0.4,0.0,3.7,27.4,16:20,SSW
2014,4,2,13.6,21.3,16:40,7.1,7:00,5.1,0.4,0.0,2.7,22.5,19:30,W
2014,4,3,13.0,20.2,16:30,6.3,6:50,5.5,0.2,0.0,2.9,20.9,18:50,ESE
2014,4,4,12.6,17.4,17:40,8.3,7:30,5.7,0.0,0.0,2.4,17.7,20:10,NE
2014,4,5,12.9,19.8,15:00,8.7,8:10,5.5,0.1,2.2,3.7,27.4,18:40,S
2014,4,6,11.4,15.8,16:10,8.5,6:50,6.9,0.0,3.6,4.3,35.4,18:00,WSW
2014,4,7,13.8,17.0,18:30,10.3,0:50,4.6,0.0,0.0,3.4,20.9,10:50,E
2014,4,8,13.8,19.6,16:30,7.7,6:50,4.6,0.1,0.0,2.9,17.7,6:30,E
2014,4,9,13.2,20.6,15:20,7.0,7:10,5.4,0.3,0.0,4.5,35.4,19:50,W
2014,4,10,8.9,11.5,16:50,5.2,23:30,9.4,0.0,1.8,7.9,37.0,6:00,NNW
2014,4,11,5.6,9.8,18:30,1.1,7:10,12.7,0.0,5.0,3.5,46.7,16:00,W
2014,4,12,8.8,15.9,16:20,1.8,7:00,9.5,0.0,0.2,2.9,22.5,15:30,WSW
2014,4,13,10.5,16.8,18:10,2.9,7:10,7.8,0.0,0.0,3.5,24.1,19:30,ENE
2014,4,14,13.3,18.9,15:50,7.9,6:40,5.1,0.0,0.0,2.9,24.1,16:20,S
2014,4,15,12.2,17.9,13:40,6.1,7:10,6.2,0.0,0.0,4.5,29.0,21:30,S
2014,4,16,7.9,12.1,0:10,3.7,00:00,10.4,0.0,21.2,3.7,29.0,13:20,SW
2014,4,17,6.3,12.5,14:50,2.3,6:10,12.0,0.0,0.0,3.9,27.4,17:20,WSW
2014,4,18,7.3,12.2,16:30,3.3,3:40,11.1,0.0,0.4,4.5,30.6,19:30,W
2014,4,19,9.2,14.8,14:20,5.8,6:20,9.1,0.0,2.4,3.1,37.0,16:30,SW
2014,4,20,11.8,16.3,14:30,7.8,3:40,6.5,0.0,0.4,2.1,22.5,13:20,SW
2014,4,21,11.8,17.7,16:30,5.6,7:40,6.6,0.0,0.0,2.1,16.1,19:00,NE
2014,4,22,15.8,21.3,16:50,12.1,3:50,2.9,0.4,0.0,0.0,0.0,---,---
2014,4,23,15.6,19.0,15:10,12.6,7:10,2.7,0.1,0.8,1.4,20.9,19:20,E
2014,4,24,14.2,17.4,17:30,12.1,7:30,4.2,0.0,3.0,1.3,17.7,1:10,W
2014,4,25,15.7,21.1,16:40,13.0,3:10,2.8,0.1,0.0,2.4,25.7,16:50,W
2014,4,26,13.2,17.3,13:00,10.4,23:20,5.1,0.0,11.0,1.6,27.4,13:30,NE
2014,4,27,12.8,17.8,16:40,8.6,6:00,5.5,0.0,0.4,2.7,19.3,21:10,E
2014,4,28,11.4,13.5,11:40,9.9,23:20,6.9,0.0,5.8,2.3,14.5,0:10,S
2014,4,29,10.2,15.0,13:40,7.1,23:40,8.2,0.0,3.6,3.1,27.4,14:00,SW
2014,4,30,12.2,18.7,16:40,7.0,0:10,6.1,0.0,0.0,5.8,37.0,19:20,W
2014,5,1,11.6,17.1,16:10,6.7,6:20,6.7,0.0,0.0,3.5,25.7,18:20,S
2014,5,2,12.9,19.4,17:30,5.9,6:40,5.5,0.1,0.0,2.4,14.5,0:50,ENE
2014,5,3,12.5,17.1,15:30,7.6,6:50,5.8,0.0,0.0,2.4,27.4,17:00,SSE
2014,5,4,12.1,16.4,17:20,8.8,5:30,6.3,0.0,2.6,2.9,29.0,16:50,S
2014,5,5,11.7,15.6,14:00,8.7,5:00,6.7,0.0,0.0,6.8,43.5,18:40,NE
2014,5,6,12.2,16.7,17:30,8.5,7:00,6.2,0.0,0.0,2.6,30.6,1:00,E
2014,5,7,13.4,19.9,16:40,7.9,4:50,5.1,0.2,0.0,2.6,16.1,18:20,S
2014,5,8,14.1,20.8,16:20,7.2,6:40,4.6,0.3,0.0,2.9,27.4,20:40,E
2014,5,9,16.3,21.1,16:00,10.9,7:00,2.6,0.5,0.0,5.6,29.0,11:20,WSW
2014,5,10,16.7,23.2,16:00,9.4,6:30,2.7,1.1,0.0,4.2,24.1,17:10,ENE
2014,5,11,17.4,26.7,16:30,9.3,7:00,3.1,2.2,0.0,1.9,20.9,19:10,W
2014,5,12,16.8,23.7,16:50,11.2,7:00,2.4,0.9,0.0,2.9,22.5,17:40,S
2014,5,13,16.7,23.4,15:20,10.2,7:20,2.8,1.1,0.0,2.9,29.0,19:50,S
2014,5,14,13.8,17.6,15:20,10.6,00:00,4.6,0.0,2.8,6.0,48.3,20:00,W
2014,5,15,11.3,15.1,14:10,8.8,6:30,7.0,0.0,0.0,6.4,41.8,10:50,W
2014,5,16,10.6,15.3,13:50,7.3,2:30,7.7,0.0,4.4,3.1,32.2,14:30,S
2014,5,17,10.8,17.8,14:20,5.6,6:30,7.5,0.0,1.2,3.4,32.2,19:10,S
2014,5,18,13.7,21.6,15:50,5.9,6:40,5.2,0.5,0.0,2.9,24.1,13:20,W
2014,5,19,15.0,21.3,13:30,7.4,5:40,4.0,0.7,0.0,2.9,22.5,14:00,SSE
2014,5,20,16.2,20.2,17:00,13.1,7:20,2.3,0.2,0.0,1.3,12.9,13:20,NNW
2014,5,21,17.2,25.2,15:40,9.1,5:50,3.0,1.9,0.0,2.1,17.7,17:50,S
2014,5,22,19.1,27.3,17:00,10.8,6:10,2.1,2.9,0.0,0.6,11.3,0:20,NE
2014,5,23,18.8,27.1,16:10,12.4,5:50,1.6,2.1,2.6,2.1,22.5,17:00,ENE
2014,5,24,20.1,27.6,15:50,13.2,7:20,1.4,3.2,0.0,3.1,27.4,14:10,W
2014,5,25,20.7,28.3,17:30,13.2,6:40,1.0,3.3,0.0,2.1,24.1,15:40,E
2014,5,26,19.4,24.9,12:40,15.7,2:00,0.7,1.7,0.2,2.4,25.7,17:40,WSW
2014,5,27,19.7,27.3,16:40,12.3,5:50,1.6,2.9,0.0,2.4,27.4,16:10,W
2014,5,28,19.3,27.5,16:10,10.4,6:30,1.8,2.8,0.0,3.5,24.1,17:00,SW
2014,5,29,14.7,18.1,11:00,12.3,23:30,3.6,0.0,15.0,2.3,17.7,12:10,WSW
2014,5,30,14.7,19.8,17:20,11.6,1:50,3.7,0.1,6.0,4.0,22.5,16:20,WSW
2014,5,31,15.9,20.9,15:30,11.9,6:10,2.7,0.3,0.2,4.7,46.7,17:20,W
2014,6,1,14.8,20.4,15:00,10.2,4:00,3.7,0.1,0.0,4.3,37.0,17:20,W
2014,6,2,14.4,20.5,17:40,7.6,6:30,4.1,0.2,0.0,4.0,22.5,21:20,ENE
2014,6,3,13.6,19.4,14:40,8.8,6:30,4.7,0.0,0.8,2.3,20.9,17:50,S
2014,6,4,15.7,20.7,18:10,11.7,7:20,2.8,0.2,1.0,0.3,20.9,22:10,WSW
2014,6,5,18.6,25.7,15:40,11.8,6:40,1.9,2.2,0.0,3.9,30.6,12:50,NNW
2014,6,6,19.6,25.0,14:30,12.0,6:30,1.5,2.7,0.0,0.0,4.8,0:10,SW
2014,6,7,21.2,26.7,15:10,13.4,5:10,0.9,3.8,0.0,4.8,29.0,23:40,ENE
2014,6,8,20.8,27.7,14:30,16.1,00:00,0.3,2.7,6.6,3.9,45.1,16:50,ENE
2014,6,9,18.6,27.3,16:30,12.3,6:10,2.1,2.3,5.2,3.2,59.5,18:00,ENE
2014,6,10,20.7,28.1,15:40,13.4,5:30,1.3,3.7,0.0,1.9,16.1,5:30,E
2014,6,11,21.4,30.4,16:10,14.8,6:10,0.7,3.8,2.0,3.1,35.4,18:50,E
2014,6,12,22.3,28.8,15:10,15.8,6:30,0.5,4.4,0.0,2.3,20.9,19:50,E
2014,6,13,23.1,29.8,17:10,16.2,5:00,0.3,5.1,0.0,1.8,19.3,20:40,E
2014,6,14,22.4,29.9,14:50,16.6,6:20,0.3,4.4,0.0,1.9,22.5,15:30,SSE
2014,6,15,18.4,26.9,14:00,14.2,6:10,1.6,1.6,6.4,1.6,25.7,13:20,NNW
2014,6,16,19.2,27.7,17:00,12.3,3:50,1.9,2.8,0.2,1.6,32.2,19:30,SW
2014,6,17,19.7,23.6,15:50,15.8,6:30,0.6,1.9,1.2,1.8,27.4,6:30,NE
2014,6,18,19.8,27.1,14:00,15.3,6:20,0.9,2.4,4.0,2.9,43.5,20:00,NE
2014,6,19,17.4,21.6,15:30,12.8,6:20,1.8,0.8,0.4,3.4,29.0,15:00,SW
2014,6,20,18.1,23.5,16:10,13.9,5:30,1.4,1.1,0.0,4.7,22.5,10:50,WSW
2014,6,21,18.2,25.4,16:00,10.5,6:40,2.2,2.1,0.0,3.7,32.2,12:10,NNW
2014,6,22,19.8,27.7,17:00,11.3,6:20,1.8,3.3,0.0,2.6,16.1,20:50,E
2014,6,23,21.6,30.3,17:20,13.1,5:30,1.2,4.5,0.0,3.1,27.4,20:00,S
2014,6,24,24.1,33.4,16:20,15.9,6:40,0.3,6.1,0.0,2.9,27.4,15:00,WNW
2014,6,25,23.6,31.3,13:40,15.9,6:00,0.2,5.5,0.0,2.6,30.6,13:10,S
2014,6,26,25.7,32.0,13:20,18.7,6:00,0.0,7.4,0.0,4.3,45.1,13:40,SSE
2014,6,27,23.5,30.6,13:40,15.6,6:40,0.2,5.3,0.0,3.9,33.8,22:10,S
2014,6,28,22.8,29.2,17:10,15.8,6:30,0.2,4.7,0.0,2.4,20.9,2:20,E
2014,6,29,23.6,29.9,16:20,16.6,7:00,0.2,5.4,0.0,0.0,11.3,23:00,SSE
2014,6,30,23.5,31.4,16:30,16.2,6:20,0.2,5.3,0.0,1.9,30.6,14:20,SSE
2014,7,1,22.7,29.3,16:30,15.3,6:30,0.4,4.8,0.0,1.4,35.4,15:50,NNW
2014,7,2,23.1,30.9,16:30,14.4,7:10,0.6,5.3,0.0,0.5,20.9,19:30,SW
2014,7,3,24.1,31.1,15:20,16.2,6:40,0.2,5.9,0.0,4.2,35.4,13:50,NNW
2014,7,4,22.1,26.9,17:00,17.1,6:30,0.1,3.9,0.0,7.2,33.8,3:40,NE
2014,7,5,21.3,30.3,17:30,12.4,6:50,1.4,4.4,0.0,1.1,19.3,19:20,SSE
2014,7,6,23.7,31.7,17:10,14.8,6:20,0.4,5.8,0.0,0.0,1.6,21:40,N
2014,7,7,25.2,33.2,16:10,16.8,6:50,0.1,7.0,0.0,1.9,16.1,19:00,ENE
2014,7,8,25.9,34.6,17:10,17.8,6:10,0.0,7.6,0.0,2.4,32.2,18:50,SW
2014,7,9,23.3,29.6,15:10,15.7,7:00,0.3,5.3,0.0,5.1,37.0,14:00,NNW
2014,7,10,21.4,28.8,17:40,12.9,6:30,1.0,4.1,0.0,4.2,24.1,12:10,S
2014,7,11,19.5,24.4,14:20,15.3,5:50,0.8,1.9,3.2,4.0,41.8,14:30,W
2014,7,12,20.3,26.6,17:20,13.8,6:00,1.1,3.0,0.0,6.3,32.2,18:00,W
2014,7,13,21.5,29.2,14:50,13.8,6:10,0.9,4.1,0.0,3.5,24.1,16:30,S
2014,7,14,21.7,27.6,13:10,14.1,6:40,0.7,4.1,0.0,3.1,25.7,14:20,SW
2014,7,15,18.8,22.7,18:10,15.9,6:20,0.6,1.1,33.4,3.2,27.4,2:10,NE
2014,7,16,21.8,26.7,16:40,15.6,7:10,0.3,3.8,0.0,5.5,25.7,13:00,ENE
2014,7,17,21.1,28.2,16:10,15.5,6:20,0.4,3.2,0.0,2.3,22.5,17:20,SW
2014,7,18,21.0,27.8,15:30,15.3,7:10,0.7,3.4,0.0,3.2,24.1,20:50,W
2014,7,19,23.0,28.2,16:00,17.1,6:50,0.1,4.8,0.0,4.7,22.5,13:10,ENE
2014,7,20,24.7,30.1,16:40,17.9,6:00,0.0,6.3,0.0,3.4,24.1,3:00,NNW
2014,7,21,24.7,33.3,17:20,16.7,6:50,0.2,6.5,0.0,1.4,32.2,17:10,NNW
2014,7,22,23.6,30.1,15:10,19.1,6:50,0.0,5.3,0.4,2.1,30.6,18:50,NNW
2014,7,23,20.8,26.8,15:40,16.2,7:00,0.3,2.8,0.0,2.7,19.3,13:20,WSW
2014,7,24,22.3,29.4,15:30,14.8,7:10,0.7,4.7,0.0,1.0,14.5,22:10,NE
2014,7,25,22.9,28.3,15:10,17.9,8:00,0.0,4.6,0.0,2.1,19.3,19:50,SW
2014,7,26,23.4,31.1,15:50,16.2,5:00,0.3,5.3,0.0,0.6,20.9,18:40,SW
2014,7,27,24.6,31.8,16:50,17.8,7:20,0.0,6.3,0.0,1.3,22.5,17:50,SW
2014,7,28,23.0,30.0,15:30,15.4,6:20,0.3,5.0,0.0,2.3,35.4,19:00,SW
2014,7,29,24.2,31.9,18:00,15.9,6:50,0.2,6.1,0.0,2.7,30.6,13:00,NNW
2014,7,30,24.2,32.4,17:40,16.1,7:00,0.2,6.1,0.2,2.1,19.3,16:40,NE
2014,7,31,24.2,30.9,15:30,18.4,7:40,0.0,5.9,0.0,2.3,30.6,18:00,W
2014,8,1,20.2,26.8,13:00,15.4,7:00,0.4,2.2,0.0,2.4,37.0,14:40,NNW
2014,8,2,22.3,28.8,16:00,15.4,6:50,0.7,4.7,0.0,2.4,17.7,6:00,NE
2014,8,3,25.1,32.9,16:40,16.7,7:00,0.1,6.8,0.0,3.2,29.0,15:10,NNW
2014,8,4,25.0,31.1,14:10,18.1,6:40,0.0,6.7,0.0,2.6,20.9,3:20,ENE
2014,8,5,24.4,31.9,15:40,18.2,6:20,0.0,6.1,2.2,2.4,25.7,17:00,SW
2014,8,6,20.9,28.9,13:40,16.9,5:50,0.1,2.7,2.2,2.1,33.8,14:30,W
2014,8,7,21.7,28.6,15:00,15.8,6:10,0.5,3.9,0.2,3.1,17.7,17:20,E
2014,8,8,22.1,29.1,15:00,17.4,5:50,0.1,3.8,0.0,1.9,27.4,16:30,SSW
2014,8,9,22.8,31.0,16:40,15.1,6:50,0.6,5.0,0.0,2.6,14.5,18:40,ENE
2014,8,10,24.1,31.6,16:50,16.0,7:00,0.2,5.9,0.0,2.4,12.9,23:10,E
2014,8,11,24.6,33.3,16:00,16.9,6:20,0.1,6.4,0.0,2.1,22.5,16:20,S
2014,8,12,25.9,34.3,15:20,17.8,7:20,0.0,7.6,0.0,1.8,11.3,20:10,S
2014,8,13,26.4,34.6,16:50,18.1,6:50,0.0,8.1,0.0,2.4,12.9,14:10,NE
2014,8,14,27.1,35.3,16:20,18.9,7:10,0.0,8.7,0.0,1.9,16.1,20:30,S
2014,8,15,25.9,34.1,14:30,18.1,6:20,0.0,7.6,0.0,4.0,29.0,15:30,S
2014,8,16,23.9,32.7,16:00,16.1,6:50,0.3,5.9,0.0,3.7,35.4,23:10,SW
2014,8,17,21.8,27.2,14:30,16.7,6:40,0.1,3.5,0.0,5.5,38.6,15:30,W
2014,8,18,21.3,27.9,16:40,13.6,7:10,0.6,3.6,0.0,3.1,25.7,2:00,E
2014,8,19,21.8,30.3,17:50,12.2,7:10,1.3,4.8,0.0,1.9,12.9,8:00,S
2014,8,20,23.9,33.3,17:50,15.1,6:50,0.4,6.1,0.0,2.6,19.3,17:50,SW
2014,8,21,25.3,33.6,17:30,17.2,6:50,0.1,7.0,0.0,2.9,25.7,16:30,ENE
2014,8,22,25.9,35.0,16:50,18.6,6:40,0.0,7.6,0.0,2.1,22.5,17:40,WSW
2014,8,23,25.3,34.2,17:40,17.1,7:40,0.1,7.1,0.0,2.1,22.5,18:00,E
2014,8,24,24.4,31.6,16:00,17.1,7:10,0.1,6.1,0.0,4.2,37.0,16:50,WNW
2014,8,25,22.5,30.6,15:30,14.0,7:50,0.8,4.9,0.0,2.1,16.1,1:50,E
2014,8,26,24.0,31.0,17:50,18.3,7:00,0.0,5.7,0.0,2.6,19.3,20:10,S
2014,8,27,24.7,34.2,16:30,15.4,6:40,0.3,6.8,0.0,4.8,32.2,17:40,W
2014,8,28,24.8,32.0,15:20,18.2,7:10,0.0,6.4,0.0,3.5,20.9,20:30,ENE
2014,8,29,23.3,27.1,14:50,20.1,23:20,0.0,5.0,0.0,3.2,22.5,19:20,ENE
2014,8,30,22.5,27.5,15:00,19.6,6:50,0.0,4.2,0.0,1.6,20.9,17:40,SSE
2014,8,31,21.9,30.1,17:00,15.1,7:20,0.6,4.2,0.0,1.3,17.7,18:40,ENE
2014,9,1,21.5,29.9,15:40,14.4,7:30,0.8,3.9,0.0,2.1,32.2,17:00,SSE
2014,9,2,18.1,21.1,1:40,15.3,12:50,0.9,0.6,66.2,2.9,20.9,8:40,ENE
2014,9,3,18.6,24.5,15:30,14.6,7:10,1.2,1.3,10.6,1.6,16.1,0:30,WSW
2014,9,4,18.4,26.0,14:20,14.0,7:20,1.1,1.1,3.0,1.9,24.1,15:10,SW
2014,9,5,18.9,24.6,14:00,14.3,6:40,1.1,1.7,0.6,2.3,17.7,15:40,SW
2014,9,6,19.2,24.2,15:20,16.5,5:10,0.6,1.4,0.4,1.4,20.9,21:10,S
2014,9,7,18.8,23.8,16:40,15.6,7:30,0.8,1.3,0.8,0.8,22.5,18:30,N
2014,9,8,18.7,25.7,14:10,15.0,6:10,1.2,1.6,3.0,1.1,20.9,17:40,SW
2014,9,9,18.4,25.2,17:00,14.1,7:50,1.6,1.7,12.8,1.9,19.3,20:40,NE
2014,9,10,18.8,25.9,17:40,13.9,6:00,1.6,2.1,0.2,1.8,17.7,18:00,SW
2014,9,11,18.8,25.7,13:50,13.4,7:40,1.4,1.8,3.6,2.9,33.8,17:40,S
2014,9,12,19.1,25.9,17:20,13.4,6:50,1.5,2.2,0.0,2.1,17.7,16:20,SSW
2014,9,13,18.6,26.9,14:20,13.3,7:30,1.3,1.6,10.8,2.1,33.8,17:20,NE
2014,9,14,19.0,26.4,16:40,15.4,3:50,0.9,1.6,5.8,2.1,49.9,17:50,SSW
2014,9,15,19.4,25.1,14:20,15.4,8:10,0.8,1.9,0.0,2.6,25.7,14:30,W
2014,9,16,18.1,24.8,15:40,11.6,7:00,2.1,1.8,0.0,2.9,17.7,21:00,E
2014,9,17,18.1,23.6,13:50,13.6,7:20,1.5,1.3,3.0,2.6,20.9,19:30,ENE
2014,9,18,17.4,21.7,15:40,14.8,4:30,1.6,0.6,0.8,1.9,17.7,13:40,NE
2014,9,19,18.3,24.1,16:50,13.7,3:30,1.5,1.4,0.0,1.6,12.9,23:30,SW
2014,9,20,19.5,25.8,15:40,13.4,7:50,1.2,2.4,0.0,1.4,11.3,2:30,S
2014,9,21,21.1,27.8,14:00,16.4,6:40,0.3,3.1,0.0,3.7,30.6,13:40,SW
2014,9,22,21.0,27.9,14:20,16.0,6:40,0.6,3.2,2.8,3.5,43.5,22:20,WSW
2014,9,23,17.9,21.7,14:00,12.7,23:30,1.2,0.8,2.2,7.9,48.3,14:00,NNW
2014,9,24,13.8,20.2,17:20,7.3,7:50,4.7,0.2,0.0,2.3,19.3,0:20,NE
2014,9,25,15.8,20.6,15:20,10.1,7:20,3.1,0.5,0.0,1.4,12.9,8:50,S
2014,9,26,14.1,16.6,0:10,10.1,00:00,4.2,0.0,2.8,4.7,32.2,3:50,NNW
2014,9,27,12.9,17.1,15:20,8.5,4:10,5.4,0.0,0.0,6.6,46.7,14:00,NE
2014,9,28,14.8,18.8,15:40,11.8,6:40,3.6,0.0,0.0,7.9,37.0,0:50,NE
2014,9,29,13.4,20.3,16:10,7.3,7:20,5.2,0.2,0.0,1.9,14.5,2:30,NE
2014,9,30,13.6,22.8,15:40,6.2,8:00,5.3,0.6,0.0,0.0,1.6,1:00,SSW
2014,10,1,14.6,23.8,16:30,7.4,6:20,4.7,0.9,0.0,0.3,9.7,4:10,SSW
2014,10,2,14.9,22.3,16:20,7.8,7:50,4.2,0.8,0.0,0.0,0.0,---,---
2014,10,3,14.6,16.5,16:00,12.7,8:20,3.8,0.0,2.2,1.0,17.7,17:30,NE
2014,10,4,13.4,15.1,12:40,12.3,4:50,4.9,0.0,3.2,1.8,16.1,1:20,NE
2014,10,5,12.1,14.3,12:40,11.4,15:20,6.2,0.0,20.8,1.8,17.7,13:00,S
2014,10,6,12.7,14.0,17:00,11.5,0:10,5.7,0.0,27.0,1.9,20.9,22:10,S
2014,10,7,14.4,16.1,15:00,12.1,00:00,3.9,0.0,2.2,0.8,12.9,14:10,NW
2014,10,8,14.4,19.5,17:20,10.3,3:40,4.0,0.1,0.2,1.6,12.9,2:30,ENE
2014,10,9,15.6,20.7,16:10,11.6,8:00,3.1,0.3,0.0,1.1,14.5,10:30,S
2014,10,10,14.8,21.4,16:10,10.6,8:30,4.0,0.4,0.0,0.0,0.0,---,---
2014,10,11,14.1,22.2,16:50,9.4,5:50,4.6,0.4,0.2,0.0,1.6,5:30,SSW
2014,10,12,14.6,22.3,17:20,8.3,8:00,4.3,0.6,0.0,0.0,1.6,0:30,SSW
2014,10,13,15.7,23.4,15:30,9.8,7:10,3.4,0.8,0.0,0.0,1.6,22:30,S
2014,10,14,16.4,24.4,17:00,10.8,7:30,2.9,1.1,0.0,0.2,9.7,3:10,S
2014,10,15,16.4,22.9,16:50,11.5,8:10,2.7,0.7,0.0,0.0,3.2,9:40,SSW
2014,10,16,16.9,23.4,17:20,12.3,7:30,2.1,0.7,0.0,1.4,17.7,15:50,SSW
2014,10,17,19.4,23.9,14:40,15.6,8:10,0.4,1.4,0.0,3.9,27.4,15:50,S
2014,10,18,18.4,23.4,14:30,15.4,5:20,0.9,1.1,0.0,4.2,33.8,20:00,N
2014,10,19,14.2,18.7,15:40,8.4,8:10,4.2,0.0,0.0,3.4,33.8,3:00,S
2014,10,20,11.5,18.7,16:40,6.9,7:30,6.8,0.0,0.0,1.3,12.9,7:10,S
2014,10,21,13.1,21.9,16:50,5.8,7:30,5.6,0.3,0.0,1.4,12.9,19:20,S
2014,10,22,14.2,21.1,16:30,8.3,7:40,4.3,0.2,4.2,2.3,20.9,16:00,S
2014,10,23,10.9,14.3,0:20,6.4,00:00,7.4,0.0,10.6,4.2,40.2,5:10,SW
2014,10,24,5.4,6.9,00:00,2.8,8:50,12.9,0.0,37.2,4.5,27.4,19:10,WSW
2014,10,25,8.8,11.1,15:40,6.9,0:10,9.5,0.0,0.0,7.9,37.0,1:00,NE
2014,10,26,8.3,10.1,15:30,6.6,7:30,10.1,0.0,0.0,3.4,22.5,0:50,NE
2014,10,27,8.9,10.7,14:10,7.2,7:30,9.4,0.0,0.0,1.3,11.3,1:30,ENE
2014,10,28,8.5,10.2,13:20,7.1,7:20,9.8,0.0,0.0,1.0,11.3,0:20,SSW
2014,10,29,9.5,12.0,14:20,7.7,6:50,8.8,0.0,0.0,0.5,11.3,23:00,SSW
2014,10,30,9.6,14.2,13:40,4.9,7:20,8.7,0.0,0.0,1.3,14.5,19:00,ENE
2014,10,31,9.8,12.9,14:40,6.4,3:40,8.6,0.0,0.0,5.3,27.4,15:50,NE
2014,11,1,8.2,12.8,15:10,4.0,00:00,10.2,0.0,0.0,1.8,16.1,0:30,SSW
2014,11,2,5.9,12.7,15:40,1.8,3:30,12.4,0.0,0.0,1.3,8.0,3:30,S
2014,11,3,6.4,12.3,15:30,2.1,5:20,11.9,0.0,0.0,1.4,16.1,9:10,S
2014,11,4,8.9,13.5,15:40,4.8,0:10,9.4,0.0,0.0,1.3,11.3,3:10,WSW
2014,11,5,8.6,10.3,21:30,5.9,2:20,9.7,0.0,0.0,1.1,14.5,17:00,S
2014,11,6,11.4,13.4,15:20,9.4,1:30,6.9,0.0,0.0,0.5,8.0,3:30,NE
2014,11,7,12.7,14.7,16:00,11.6,7:30,5.7,0.0,6.0,0.6,17.7,20:40,ENE
2014,11,8,11.8,13.1,14:10,11.1,22:50,6.5,0.0,25.0,0.6,8.0,0:20,NE
2014,11,9,11.7,13.7,15:30,9.9,00:00,6.6,0.0,0.8,0.6,11.3,14:10,W
2014,11,10,10.6,14.8,15:30,8.2,6:00,7.8,0.0,0.2,0.5,9.7,8:50,S
2014,11,11,11.4,13.0,16:20,9.1,0:10,6.9,0.0,0.2,0.2,8.0,5:20,NE
2014,11,12,12.3,14.3,12:50,11.2,7:30,6.0,0.0,4.8,1.3,19.3,16:30,SSE
2014,11,13,11.1,13.7,12:20,8.8,00:00,7.3,0.0,18.2,1.0,19.3,14:00,SSW
2014,11,14,10.8,15.3,14:00,7.1,7:00,7.6,0.0,0.0,1.0,14.5,16:40,E
2014,11,15,11.4,15.2,14:00,7.5,7:40,6.9,0.0,0.2,1.6,17.7,21:40,S
2014,11,16,11.2,12.5,13:30,10.5,6:40,7.1,0.0,5.2,1.1,14.5,7:10,SSE
2014,11,17,11.4,15.9,15:10,6.9,00:00,6.9,0.0,20.4,1.8,22.5,15:30,SSE
2014,11,18,8.6,12.6,20:40,5.7,3:20,9.7,0.0,0.0,2.6,22.5,23:20,S
2014,11,19,11.5,14.4,16:00,8.0,22:50,6.8,0.0,35.4,3.5,37.0,19:50,SW
2014,11,20,9.6,13.2,12:20,5.4,00:00,8.7,0.0,0.0,5.5,27.4,14:40,NNW
2014,11,21,6.3,11.8,15:00,1.8,7:20,12.1,0.0,0.0,3.4,24.1,20:20,NNW
2014,11,22,4.8,10.1,15:40,1.2,8:30,13.6,0.0,0.0,1.8,17.7,0:40,SSW
2014,11,23,4.0,10.4,15:10,-0.8,6:40,14.3,0.0,0.0,1.3,8.0,4:20,SSW
2014,11,24,4.4,10.6,15:40,0.1,5:40,13.9,0.0,0.0,1.4,9.7,8:20,SSW
2014,11,25,5.4,8.8,14:50,2.5,0:10,12.9,0.0,0.0,1.6,11.3,1:20,SSW
2014,11,26,3.7,4.6,15:10,2.3,1:20,14.6,0.0,2.6,0.8,11.3,1:00,S
2014,11,27,5.1,6.1,13:30,4.0,1:00,13.3,0.0,1.8,0.2,6.4,6:50,SSW
2014,11,28,7.0,8.8,13:40,5.7,0:10,11.3,0.0,0.2,0.6,12.9,15:50,SW
2014,11,29,7.6,8.6,23:10,6.7,8:10,10.8,0.0,0.2,1.4,14.5,20:40,NE
2014,11,30,10.0,13.8,15:00,8.2,6:50,8.3,0.0,1.4,0.6,11.3,12:20,NNE
2014,12,1,9.6,11.2,16:30,7.8,7:40,8.8,0.0,3.0,0.6,16.1,23:20,NE
2014,12,2,10.6,12.6,11:40,8.9,23:50,7.7,0.0,54.0,2.9,20.9,12:30,S
2014,12,3,9.8,11.6,15:50,8.5,1:00,8.6,0.0,0.6,0.5,11.3,9:30,NE
2014,12,4,10.4,11.9,14:10,9.2,5:30,7.9,0.0,0.0,0.3,6.4,5:00,NE
2014,12,5,10.8,11.3,15:00,10.4,22:50,7.6,0.0,23.0,0.5,14.5,16:10,SSE
2014,12,6,10.6,13.3,14:10,8.4,22:50,7.7,0.0,12.6,0.6,9.7,7:10,NE
2014,12,7,7.1,8.9,15:50,5.2,6:00,11.3,0.0,0.2,1.1,12.9,11:10,W
2014,12,8,7.6,9.6,14:20,6.2,0:30,10.8,0.0,5.0,2.3,22.5,18:40,W
2014,12,9,7.1,9.1,12:20,5.7,23:50,11.2,0.0,0.0,5.1,29.0,21:00,N
2014,12,10,6.7,11.7,12:20,4.8,4:10,10.8,0.0,0.0,1.9,20.9,1:50,SE
2014,12,11,6.7,7.3,12:30,6.0,5:00,11.6,0.0,0.0,0.6,8.0,0:20,SSE
2014,12,12,7.9,12.2,14:00,3.2,23:40,10.4,0.0,0.0,4.5,32.2,17:50,N
2014,12,13,4.0,9.4,15:30,-0.4,7:40,14.3,0.0,0.0,1.1,8.0,2:40,SSW
2014,12,14,3.2,9.1,15:10,-0.1,5:30,15.1,0.0,0.0,1.1,9.7,9:50,SSW
2014,12,15,3.7,8.0,16:00,-1.0,7:00,14.7,0.0,0.0,1.0,11.3,2:20,SSW
2014,12,16,5.5,9.3,15:30,1.7,8:30,12.8,0.0,1.2,1.1,16.1,18:30,SSW
2014,12,17,6.5,8.3,15:20,4.3,23:30,11.8,0.0,9.8,1.1,11.3,8:00,SSW
2014,12,18,5.1,8.9,16:10,3.1,8:10,13.2,0.0,0.0,0.8,9.7,0:30,WSW
2014,12,19,4.0,8.8,15:30,1.1,5:50,14.3,0.0,0.0,1.1,9.7,0:10,SW
2014,12,20,5.3,12.2,17:20,0.6,6:30,13.0,0.0,0.0,1.3,25.7,19:20,W
2014,12,21,5.4,10.8,10:40,3.4,2:30,12.9,0.0,0.0,5.5,56.3,13:00,N
2014,12,22,2.8,7.2,15:20,-0.8,6:50,15.5,0.0,0.0,3.2,25.7,2:40,WSW
2014,12,23,4.1,11.1,14:30,-0.9,7:00,14.2,0.0,0.0,1.0,8.0,8:30,WSW
2014,12,24,4.9,12.3,15:20,0.7,6:00,13.4,0.0,0.0,0.5,8.0,18:50,SW
2014,12,25,5.4,12.3,14:30,0.2,6:10,12.9,0.0,0.0,1.8,19.3,18:20,SSW
2014,12,26,6.2,10.1,15:00,2.7,8:20,12.2,0.0,0.8,2.1,19.3,17:00,SSW
2014,12,27,2.2,5.2,0:10,-2.7,23:30,16.2,0.0,0.0,5.5,32.2,3:20,NNW
2014,12,28,0.5,4.3,15:00,-3.0,0:50,17.8,0.0,22.6,1.9,16.1,12:10,S
2014,12,29,0.8,3.2,10:50,-2.5,00:00,17.6,0.0,12.8,6.8,35.4,21:40,N
2014,12,30,-5.2,-2.4,0:10,-6.5,23:40,23.5,0.0,0.0,7.9,48.3,0:10,NNW
2014,12,31,-5.1,-3.2,13:40,-6.9,4:40,23.4,0.0,0.0,7.2,33.8,22:50,N
2015,1,1,-4.6,-2.2,14:50,-8.7,23:40,22.9,0.0,0.0,6.8,33.8,2:30,N
2015,1,2,-5.8,-0.8,16:00,-10.4,7:30,24.1,0.0,0.0,2.1,11.3,8:50,SSW
2015,1,3,1.7,8.8,12:30,-4.8,1:00,16.7,0.0,0.0,4.0,43.5,13:10,W
2015,1,4,2.7,11.9,14:50,-1.2,3:30,15.6,0.0,0.0,4.8,49.9,21:10,NE
2015,1,5,0.2,2.5,0:10,-2.6,22:10,18.2,0.0,0.0,9.2,43.5,14:20,NE
2015,1,6,-2.7,0.5,13:30,-6.1,6:50,21.0,0.0,0.0,4.3,25.7,14:00,SW
2015,1,7,-2.2,1.0,13:40,-5.8,23:10,20.6,0.0,0.0,8.0,32.2,4:30,NW
2015,1,8,-4.1,0.9,15:20,-9.4,7:50,22.4,0.0,0.0,1.6,9.7,0:30,SW
2015,1,9,0.2,8.8,15:30,-6.6,7:20,18.1,0.0,0.0,3.2,29.0,21:40,SSW
2015,1,10,7.0,11.0,14:50,1.8,23:20,11.3,0.0,0.0,7.1,43.5,13:00,W
2015,1,11,4.8,12.3,14:50,-0.5,6:30,13.5,0.0,0.0,1.9,20.9,19:00,SW
2015,1,12,4.1,8.7,5:40,2.1,20:30,14.2,0.0,0.0,8.7,43.5,8:10,NNE
2015,1,13,3.8,12.1,14:50,-0.6,8:00,14.6,0.0,0.0,5.8,41.8,3:00,W
2015,1,14,0.9,8.8,15:30,-3.4,7:50,17.4,0.0,0.0,0.8,14.5,0:40,ESE
2015,1,15,4.2,11.6,14:10,-1.4,3:50,14.2,0.0,0.0,2.4,24.1,18:50,S
2015,1,16,1.7,9.5,15:50,-2.6,7:40,16.7,0.0,0.0,0.6,8.0,0:30,SW
2015,1,17,1.1,7.6,15:40,-3.4,8:10,17.3,0.0,0.0,1.0,8.0,9:10,ESE
2015,1,18,2.2,5.7,15:30,-0.8,4:10,16.2,0.0,0.0,1.0,14.5,6:20,W
2015,1,19,4.3,8.9,16:00,0.8,5:10,14.1,0.0,0.6,0.8,11.3,7:10,E
2015,1,20,4.7,8.0,15:40,2.3,9:30,13.7,0.0,0.2,0.6,12.9,8:40,ESE
2015,1,21,6.6,10.7,16:10,3.7,0:30,11.7,0.0,0.0,0.8,22.5,20:30,ENE
2015,1,22,6.2,11.7,16:00,3.1,7:20,12.1,0.0,0.0,1.6,17.7,17:10,N
2015,1,23,7.7,10.4,1:50,4.8,00:00,10.7,0.0,19.2,3.2,30.6,1:50,NE
2015,1,24,5.3,7.9,13:00,3.3,6:50,13.1,0.0,2.2,1.0,14.5,3:30,NE
2015,1,25,6.3,9.8,15:40,3.9,22:40,12.1,0.0,0.0,1.4,14.5,10:30,NE
2015,1,26,4.3,5.1,10:00,3.5,13:00,14.0,0.0,3.2,1.3,9.7,0:40,SW
2015,1,27,4.1,5.8,16:00,2.8,5:20,14.2,0.0,0.6,1.0,8.0,0:10,NE
2015,1,28,4.3,5.6,13:30,3.5,8:20,14.1,0.0,0.0,0.8,12.9,19:10,W
2015,1,29,4.6,6.6,15:50,3.0,6:00,13.7,0.0,0.0,1.8,11.3,4:50,SSW
2015,1,30,5.8,7.9,13:00,3.3,7:50,12.5,0.0,4.8,5.3,32.2,11:20,SSE
2015,1,31,3.9,6.6,1:40,0.8,19:20,14.4,0.0,43.4,3.4,38.6,4:40,NE
2015,2,1,5.1,10.7,11:30,1.9,0:10,13.3,0.0,32.6,3.1,27.4,13:20,SSE
2015,2,2,2.7,4.7,16:10,1.1,22:30,15.7,0.0,2.4,2.1,19.3,18:30,WSW
2015,2,3,3.0,7.8,15:10,-0.3,7:50,15.3,0.0,0.0,3.1,20.9,11:10,WNW
2015,2,4,3.0,6.1,17:30,0.2,0:40,15.3,0.0,0.8,1.3,14.5,16:30,SW
2015,2,5,5.5,11.4,15:40,0.2,6:30,12.8,0.0,0.0,1.1,14.5,17:50,S
2015,2,6,7.4,9.3,8:40,4.1,00:00,10.9,0.0,14.0,2.9,27.4,14:40,SW
2015,2,7,5.6,10.8,14:10,1.4,6:30,12.8,0.0,0.0,2.1,16.1,7:40,E
2015,2,8,4.8,9.3,14:00,0.5,23:20,13.6,0.0,0.4,5.1,38.6,19:40,W
2015,2,9,-1.3,1.0,0:10,-2.7,00:00,19.6,0.0,0.0,13.7,49.9,21:50,N
2015,2,10,-1.4,1.2,14:50,-4.9,9:00,19.8,0.0,0.0,14.2,54.7,19:30,N
2015,2,11,0.6,3.2,14:50,-1.3,23:30,17.8,0.0,0.0,10.8,45.1,0:20,NNE
2015,2,12,-0.7,4.7,14:10,-5.9,7:50,19.1,0.0,0.0,3.9,25.7,1:20,WSW
2015,2,13,1.1,9.2,16:30,-4.3,7:20,17.3,0.0,0.0,1.4,9.7,9:10,W
2015,2,14,2.2,9.3,15:20,-3.2,7:10,16.1,0.0,0.0,1.6,12.9,20:50,SSW
2015,2,15,1.9,8.8,16:00,-3.4,7:50,16.4,0.0,0.0,1.6,9.7,9:10,SSW
2015,2,16,2.7,9.1,16:10,-3.2,7:30,15.7,0.0,0.0,1.6,9.7,1:10,S
2015,2,17,2.8,7.2,12:10,-0.1,00:00,15.6,0.0,0.0,5.3,33.8,22:40,ESE
2015,2,18,0.6,4.7,15:40,-3.7,7:40,17.7,0.0,0.0,8.4,41.8,13:30,NNE
2015,2,19,1.5,8.4,15:10,-5.1,7:20,16.8,0.0,0.0,5.3,30.6,1:40,NE
2015,2,20,4.1,12.7,15:50,-2.1,5:50,14.3,0.0,0.0,1.8,17.7,1:50,ENE
2015,2,21,4.9,12.6,15:40,-1.7,7:40,13.4,0.0,0.0,2.4,24.1,20:00,SSW
2015,2,22,4.7,5.5,15:10,3.2,2:50,13.7,0.0,8.8,1.0,8.0,9:00,SSW
2015,2,23,6.4,9.5,17:10,4.6,2:50,11.9,0.0,0.4,0.6,12.9,13:50,NE
2015,2,24,8.6,12.8,15:20,6.0,7:00,9.8,0.0,3.0,2.6,19.3,20:10,SSE
2015,2,25,6.7,10.6,16:00,3.5,23:50,11.7,0.0,5.0,3.7,27.4,20:50,SSE
2015,2,26,4.8,8.6,16:10,1.3,6:30,13.6,0.0,2.4,2.1,24.1,18:50,NE
2015,2,27,6.1,8.9,15:40,3.7,4:10,12.3,0.0,2.0,2.6,22.5,17:10,W
2015,2,28,8.4,12.7,15:10,5.6,6:50,9.9,0.0,4.6,2.3,19.3,15:40,W
2015,3,1,7.1,9.8,17:10,4.4,8:40,11.2,0.0,10.8,1.8,12.9,8:40,ESE
2015,3,2,8.9,14.1,14:50,4.3,7:40,9.4,0.0,0.0,5.3,32.2,15:00,W
2015,3,3,11.0,16.6,14:30,6.3,00:00,7.3,0.0,0.0,5.8,33.8,14:10,W
2015,3,4,7.3,13.5,15:50,1.9,7:00,11.1,0.0,0.0,2.7,17.7,16:50,SSW
2015,3,5,6.4,7.5,18:10,5.2,6:50,11.9,0.0,23.0,2.6,17.7,13:00,SSE
2015,3,6,5.5,9.1,10:30,1.6,23:50,12.8,0.0,5.0,6.3,38.6,17:50,N
2015,3,7,3.8,5.9,13:50,1.1,0:50,14.6,0.0,0.4,5.8,32.2,22:00,N
2015,3,8,3.9,6.0,13:00,2.2,10:00,14.4,0.0,0.0,9.3,35.4,2:40,E
2015,3,9,4.6,6.2,13:00,3.3,7:10,13.8,0.0,0.0,4.0,19.3,13:40,E
2015,3,10,5.5,8.1,14:00,3.4,6:50,12.8,0.0,0.0,1.9,17.7,20:10,E
2015,3,11,5.1,7.1,16:50,3.9,6:10,13.2,0.0,1.6,1.9,22.5,20:20,NE
2015,3,12,4.9,9.5,15:00,0.5,7:10,13.4,0.0,0.0,4.2,27.4,18:50,SW
2015,3,13,4.2,8.6,12:20,-0.4,6:10,14.1,0.0,0.0,3.1,17.7,17:40,SW
2015,3,14,5.1,10.7,15:30,-0.4,6:20,13.2,0.0,0.0,2.9,20.9,13:20,SSW
2015,3,15,7.1,12.7,16:20,1.5,6:50,11.2,0.0,0.0,2.7,16.1,18:20,SW
2015,3,16,5.9,8.9,14:30,1.3,7:20,12.4,0.0,0.0,2.3,16.1,16:10,SSW
2015,3,17,6.3,9.1,16:40,3.2,00:00,12.1,0.0,0.0,1.4,19.3,17:10,SSE
2015,3,18,4.1,9.2,15:10,-0.6,6:20,14.3,0.0,0.0,3.2,22.5,20:50,SSE
2015,3,19,4.4,7.6,13:20,1.6,3:10,13.9,0.0,0.2,4.3,38.6,23:10,SE
2015,3,20,3.7,6.8,14:10,0.8,6:00,14.6,0.0,0.0,7.7,41.8,12:30,NE
2015,3,21,5.5,13.7,16:50,-1.9,6:50,12.8,0.0,0.0,3.4,19.3,2:20,E
2015,3,22,5.1,10.5,13:30,-0.3,6:00,13.2,0.0,0.0,2.6,22.5,14:40,SSW
2015,3,23,6.1,7.8,16:00,4.6,5:10,12.2,0.0,0.2,1.4,12.9,0:30,W
2015,3,24,7.2,9.3,15:30,5.7,1:00,11.2,0.0,0.0,1.4,14.5,16:20,SSE
2015,3,25,6.9,7.4,1:40,6.5,11:40,11.4,0.0,0.0,2.6,22.5,7:10,SSE
2015,3,26,7.7,8.7,16:10,6.4,1:40,10.7,0.0,7.2,0.3,12.9,00:00,NE
2015,3,27,8.8,10.1,12:50,7.9,6:20,9.5,0.0,10.2,0.6,11.3,0:20,NE
2015,3,28,8.7,10.6,12:10,7.4,7:00,9.6,0.0,8.6,6.4,43.5,18:30,NNE
2015,3,29,9.8,13.6,17:00,7.1,7:30,8.2,0.0,0.0,6.4,30.6,4:10,NNE
2015,3,30,9.2,16.3,15:10,3.7,7:40,9.1,0.0,0.0,3.1,33.8,17:40,W
2015,3,31,11.5,18.9,18:00,4.8,6:50,6.8,0.0,0.0,4.2,29.0,10:20,W
2015,4,1,12.6,20.4,15:10,5.4,7:30,5.9,0.2,0.0,5.6,37.0,17:50,W
2015,4,2,10.1,14.8,16:30,4.1,7:40,8.3,0.0,0.0,5.5,45.1,4:10,E
2015,4,3,7.2,11.8,13:40,4.3,8:00,11.1,0.0,0.0,7.9,43.5,15:10,N
2015,4,4,6.2,11.7,18:50,-1.0,7:20,12.2,0.0,0.0,3.4,29.0,1:10,NE
2015,4,5,7.8,10.6,13:00,5.7,7:00,10.6,0.0,9.0,4.7,25.7,16:40,SSE
2015,4,6,7.6,11.5,14:00,5.3,22:50,10.7,0.0,38.4,6.1,43.5,14:30,NNW
2015,4,7,5.5,8.3,16:40,3.1,7:50,12.8,0.0,0.2,7.9,32.2,17:40,N
2015,4,8,5.5,8.2,12:50,3.3,7:00,12.8,0.0,0.0,11.4,54.7,9:00,N
2015,4,9,7.8,11.3,16:10,4.7,2:40,10.5,0.0,0.0,11.3,53.1,14:30,NNE
2015,4,10,10.2,15.8,16:10,4.4,5:20,8.1,0.0,0.0,5.1,27.4,0:50,ESE
2015,4,11,10.8,19.5,18:30,2.2,5:40,7.7,0.1,0.0,2.9,25.7,20:40,ESE
2015,4,12,13.0,21.6,16:20,4.7,7:10,5.7,0.4,0.0,2.1,38.6,19:40,SE
2015,4,13,14.2,19.9,15:20,9.4,7:00,4.2,0.1,0.0,4.5,29.0,2:10,WSW
2015,4,14,12.6,20.1,13:50,6.1,6:50,5.8,0.1,0.0,3.1,27.4,16:50,NNW
2015,4,15,13.5,18.7,16:20,9.2,6:30,4.9,0.0,0.0,6.4,33.8,4:30,NNW
2015,4,16,14.1,23.7,16:50,4.7,6:50,5.3,1.1,0.0,4.3,29.0,20:50,SW
2015,4,17,15.8,23.6,15:50,8.7,7:10,3.6,1.1,0.0,5.3,32.2,14:30,W
2015,4,18,15.8,23.9,15:30,7.2,7:10,3.8,1.3,0.0,4.7,43.5,16:20,W
2015,4,19,13.0,16.6,13:10,10.1,7:10,5.3,0.0,0.0,5.1,27.4,14:10,ENE
2015,4,20,11.9,18.0,18:20,7.7,7:40,6.4,0.0,0.0,5.6,30.6,22:50,E
2015,4,21,11.3,17.3,16:10,4.7,7:20,7.1,0.0,0.0,4.5,29.0,12:10,NE
2015,4,22,13.0,19.3,16:50,5.6,7:30,5.3,0.1,0.0,5.6,37.0,13:30,NNW
2015,4,23,12.4,20.6,16:30,5.3,6:00,6.1,0.2,0.0,4.5,29.0,21:20,SSE
2015,4,24,13.0,19.3,14:30,6.9,7:20,5.3,0.0,0.0,2.7,19.3,13:00,S
2015,4,25,13.7,19.7,17:10,9.1,5:10,4.6,0.1,0.0,2.4,20.9,13:20,NE
2015,4,26,14.4,21.7,16:20,6.2,7:10,4.6,0.7,0.0,2.3,17.7,19:30,E
2015,4,27,15.9,22.8,17:20,8.2,6:50,3.4,0.9,0.0,1.9,17.7,00:00,SSW
2015,4,28,16.1,21.6,14:20,12.0,7:30,2.6,0.3,0.0,5.3,40.2,13:00,S
2015,4,29,14.9,20.6,17:50,10.6,6:50,3.7,0.2,0.8,3.9,37.0,15:10,W
2015,4,30,13.5,20.3,14:00,8.7,5:50,5.0,0.1,1.6,2.7,27.4,17:10,SW
2015,5,1,15.3,23.1,16:10,7.8,6:40,4.1,1.0,0.2,4.3,30.6,12:10,W
2015,5,2,14.3,20.7,15:20,9.2,6:10,4.1,0.1,0.0,3.4,32.2,16:40,W
2015,5,3,17.0,25.4,17:40,9.2,7:10,3.1,1.7,0.0,2.4,19.3,18:10,SSE
2015,5,4,19.7,28.4,17:20,11.6,6:50,1.9,3.2,0.0,1.8,20.9,16:30,W
2015,5,5,22.7,30.9,17:30,15.3,7:10,0.3,4.7,0.0,2.6,22.5,15:40,ENE
2015,5,6,23.0,34.3,16:00,13.6,6:00,0.9,5.6,0.0,2.7,29.0,16:40,W
2015,5,7,21.8,29.3,15:30,16.4,6:50,0.4,3.9,0.0,3.2,49.9,19:30,ENE
2015,5,8,20.9,26.0,17:20,15.1,6:40,0.4,2.9,0.0,2.7,25.7,2:50,E
2015,5,9,16.5,21.8,14:40,11.6,00:00,2.2,0.4,10.6,2.1,35.4,16:20,SSE
2015,5,10,14.5,18.8,15:30,11.2,1:10,3.8,0.0,3.4,2.3,24.1,17:20,W
2015,5,11,15.4,18.1,15:30,13.7,23:10,2.9,0.0,0.0,9.7,41.8,13:20,NE
2015,5,12,15.9,20.6,14:30,12.0,6:30,2.7,0.3,0.0,5.0,30.6,1:30,NE
2015,5,13,16.6,23.7,19:10,8.7,6:30,3.2,1.4,0.0,1.9,16.1,14:20,E
2015,5,14,18.9,26.9,16:00,9.9,7:10,2.2,2.7,0.0,3.1,29.0,15:30,SSW
2015,5,15,19.7,27.3,18:30,11.3,6:40,1.6,2.9,0.0,1.1,12.9,0:40,SSW
2015,5,16,20.9,27.8,16:50,15.0,6:30,0.7,3.3,0.0,1.1,12.9,4:40,NE
2015,5,17,20.6,26.5,15:10,13.7,7:20,1.0,3.3,0.0,3.2,24.1,21:50,S
2015,5,18,21.1,25.6,15:40,14.8,6:50,0.4,3.2,0.0,3.2,17.7,18:20,E
2015,5,19,17.2,24.0,13:10,12.9,7:20,1.9,0.9,28.6,2.6,45.1,14:00,SW
2015,5,20,17.5,25.1,15:50,12.1,2:50,2.2,1.4,4.4,2.1,19.3,7:50,W
2015,5,21,18.8,26.9,15:10,12.3,5:40,1.7,2.1,0.2,1.3,25.7,17:00,ENE
2015,5,22,17.8,22.6,18:40,13.7,6:50,1.4,0.9,0.4,2.3,22.5,15:50,S
2015,5,23,20.1,25.2,17:50,14.8,6:20,0.6,2.3,0.2,1.1,19.3,19:40,SW
2015,5,24,17.9,25.1,15:20,12.6,6:20,1.8,1.4,1.0,3.4,33.8,20:50,SW
2015,5,25,16.5,21.8,14:40,10.8,6:40,2.5,0.7,0.0,5.3,32.2,17:30,W
2015,5,26,16.2,23.2,15:10,8.6,6:20,3.2,1.1,0.0,3.2,25.7,13:50,W
2015,5,27,14.8,18.3,11:50,11.2,6:10,3.6,0.0,2.2,2.7,32.2,00:00,W
2015,5,28,13.5,17.3,15:10,11.2,8:40,4.8,0.0,0.4,10.3,53.1,3:50,NNW
2015,5,29,15.5,20.9,17:30,10.8,7:40,3.2,0.4,0.0,4.7,29.0,1:00,E
2015,5,30,16.3,24.7,17:30,7.6,6:10,3.7,1.7,0.0,0.5,12.9,2:10,N
2015,5,31,17.0,26.2,14:50,9.4,6:10,2.9,1.6,7.4,2.6,35.4,17:20,ESE
2015,6,1,17.2,24.5,13:50,12.2,7:10,2.3,1.1,1.0,1.9,32.2,16:00,SSW
2015,6,2,18.0,25.3,15:10,10.8,6:20,2.3,2.0,0.0,0.5,19.3,18:00,NE
2015,6,3,19.6,26.2,16:40,12.2,6:10,1.6,2.8,0.0,1.6,20.9,17:00,E
2015,6,4,20.6,27.1,16:20,12.7,6:30,1.3,3.5,0.0,3.2,20.9,13:10,NE
2015,6,5,20.9,26.4,16:20,15.2,6:40,0.4,3.0,4.4,4.0,32.2,19:40,NE
2015,6,6,20.7,26.2,13:40,15.0,6:10,0.6,3.0,0.4,1.9,30.6,16:50,NE
2015,6,7,18.1,23.7,16:00,14.1,6:50,1.3,1.1,4.4,2.3,24.1,17:30,E
2015,6,8,17.7,21.8,15:40,14.3,4:00,1.4,0.8,0.0,1.4,16.1,14:30,ENE
2015,6,9,19.3,26.6,15:40,13.8,6:30,1.2,2.1,0.0,1.9,19.3,15:50,SE
2015,6,10,19.2,25.3,17:20,12.6,6:30,1.4,2.3,0.0,1.4,29.0,14:30,E
2015,6,11,21.3,27.4,15:50,14.6,7:10,0.6,3.5,0.0,4.0,24.1,10:20,NE
2015,6,12,21.8,28.8,17:10,14.3,6:30,0.7,4.2,0.0,1.6,16.1,0:20,ESE
2015,6,13,22.1,29.9,14:40,14.9,5:10,0.6,4.3,0.0,1.9,24.1,18:20,ESE
2015,6,14,23.2,31.4,16:30,15.1,6:20,0.5,5.4,0.0,1.8,16.1,6:50,SW
2015,6,15,24.1,31.3,14:50,15.4,6:30,0.2,6.0,0.0,4.2,29.0,19:30,S
2015,6,16,23.1,29.3,15:10,15.9,6:10,0.3,5.1,0.0,4.7,35.4,15:30,W
2015,6,17,20.9,28.4,13:30,15.6,6:40,0.6,3.2,3.0,3.9,53.1,17:40,S
2015,6,18,17.8,21.8,13:30,14.1,6:50,1.4,0.8,0.0,4.8,25.7,23:30,NE
2015,6,19,19.8,25.5,16:20,15.7,2:10,0.7,2.2,0.0,4.2,27.4,0:30,NE
2015,6,20,19.4,26.3,13:40,13.5,6:10,1.3,2.4,3.0,3.7,30.6,13:40,S
2015,6,21,17.9,22.4,13:10,14.7,7:00,1.2,0.8,2.6,5.5,37.0,21:20,NE
2015,6,22,18.6,23.1,15:50,13.9,7:30,1.1,1.4,0.0,5.1,29.0,0:10,NE
2015,6,23,19.3,26.8,17:30,10.9,6:10,2.1,3.1,0.0,1.9,14.5,20:30,SW
2015,6,24,21.0,28.8,15:40,13.2,6:00,1.1,3.7,0.2,3.9,32.2,14:50,NNW
2015,6,25,21.3,26.2,18:00,17.0,4:20,0.2,3.2,0.0,3.7,30.6,00:00,NE
2015,6,26,18.8,24.0,16:40,14.1,7:20,0.9,1.3,0.0,5.8,29.0,0:20,NNW
2015,6,27,19.1,24.3,17:20,14.7,6:10,1.1,1.8,0.0,6.8,29.0,9:10,NE
2015,6,28,18.6,22.2,15:00,13.1,6:30,0.9,1.2,2.0,2.9,20.9,21:20,W
2015,6,29,20.0,26.3,15:00,13.7,6:30,1.1,2.7,0.6,3.1,17.7,6:30,NE
2015,6,30,17.3,21.7,10:40,15.0,13:40,1.3,0.3,13.8,1.6,38.6,11:30,W
2015,7,1,17.5,21.2,14:40,14.9,1:50,1.4,0.6,0.0,1.6,20.9,16:00,SW
2015,7,2,20.0,27.3,16:20,12.3,5:50,1.7,3.4,0.0,2.1,14.5,21:00,SW
2015,7,3,22.4,28.7,15:30,16.0,6:00,0.4,4.4,0.0,2.7,19.3,2:30,NE
2015,7,4,22.3,27.8,15:40,15.3,7:10,0.4,4.3,0.0,3.5,22.5,14:30,NE
2015,7,5,22.6,29.2,16:10,15.2,6:20,0.5,4.7,0.0,1.9,14.5,0:20,NE
2015,7,6,23.7,30.8,16:00,16.6,5:50,0.2,5.6,0.0,1.9,16.1,14:50,NE
2015,7,7,24.6,31.6,17:00,17.2,5:50,0.1,6.3,0.0,2.3,14.5,1:10,NE
2015,7,8,24.7,32.3,16:10,16.6,6:20,0.2,6.5,0.0,1.4,12.9,20:10,S
2015,7,9,24.8,32.4,14:50,17.6,6:40,0.0,6.5,5.2,1.6,19.3,23:40,S
2015,7,10,23.1,28.7,14:50,19.4,7:10,0.0,4.8,2.4,3.7,27.4,16:10,W
2015,7,11,23.1,29.0,18:00,17.2,6:10,0.1,4.8,0.0,2.1,14.5,21:40,ENE
2015,7,12,23.2,30.6,18:30,15.0,6:40,0.4,5.3,0.0,1.6,16.1,0:50,E
2015,7,13,24.1,31.9,16:50,15.8,6:40,0.3,6.1,0.0,1.9,24.1,19:10,S
2015,7,14,24.8,31.8,17:20,17.3,6:10,0.1,6.6,0.0,4.2,33.8,22:50,S
2015,7,15,25.1,29.9,16:10,18.6,6:40,0.0,6.8,0.0,4.8,30.6,0:40,NE
2015,7,16,24.8,31.6,17:00,17.1,6:30,0.1,6.6,0.0,3.4,24.1,11:40,NE
2015,7,17,25.3,32.3,16:00,17.3,6:40,0.1,7.1,0.0,1.9,19.3,21:00,NE
2015,7,18,25.6,32.7,16:00,17.9,6:30,0.0,7.2,0.0,2.1,17.7,20:00,S
2015,7,19,25.9,33.0,17:20,17.9,6:00,0.0,7.6,0.0,1.9,16.1,21:30,S
2015,7,20,26.2,34.8,15:20,17.8,6:40,0.0,7.9,0.0,1.8,19.3,16:10,S
2015,7,21,28.1,33.8,16:10,22.5,6:10,0.0,9.8,0.0,3.2,19.3,7:40,NE
2015,7,22,26.1,31.8,16:50,20.0,6:50,0.0,7.7,0.0,1.4,16.1,20:30,E
2015,7,23,25.2,31.4,16:00,17.8,6:50,0.0,6.9,0.0,0.6,16.1,19:30,ENE
2015,7,24,24.9,32.8,17:10,16.1,7:00,0.3,6.8,0.0,1.8,12.9,7:40,SSW
2015,7,25,24.3,30.6,14:20,18.4,7:10,0.0,5.9,0.0,2.4,33.8,18:30,W
2015,7,26,25.2,31.5,17:20,18.3,6:30,0.0,6.8,0.8,1.9,27.4,21:40,S
2015,7,27,26.8,34.4,16:50,19.6,6:40,0.0,8.5,0.0,2.4,24.1,19:40,SW
2015,7,28,27.0,34.4,16:20,19.1,6:50,0.0,8.7,0.0,1.8,25.7,21:20,SW
2015,7,29,27.6,35.2,17:00,19.1,7:00,0.0,9.2,0.0,1.6,17.7,19:40,SW
2015,7,30,28.4,36.2,17:30,20.7,6:40,0.0,10.1,0.0,1.1,25.7,20:00,NW
2015,7,31,28.7,36.3,16:10,21.4,7:00,0.0,10.3,0.0,3.9,25.7,19:50,NE
2015,8,1,25.3,33.3,16:10,19.4,6:50,0.0,6.9,8.2,0.8,16.1,0:10,WNW
2015,8,2,26.5,32.7,17:20,20.3,7:00,0.0,8.2,0.0,0.5,19.3,19:20,S
2015,8,3,24.3,30.6,13:50,18.9,20:10,0.0,5.9,35.8,1.9,45.1,19:10,S
2015,8,4,21.3,29.2,15:00,16.6,6:10,0.2,3.2,1.8,1.8,17.7,16:30,SW
2015,8,5,22.6,30.4,16:10,17.1,6:40,0.2,4.4,0.0,1.8,22.5,16:30,SW
2015,8,6,22.6,28.4,18:40,17.3,7:40,0.1,4.3,15.4,2.6,29.0,22:50,NE
2015,8,7,23.3,29.3,17:10,17.8,6:30,0.1,5.0,9.2,3.9,32.2,23:30,ENE
2015,8,8,22.1,28.2,16:40,15.9,7:10,0.3,4.1,0.2,2.6,24.1,1:00,E
2015,8,9,22.6,29.0,17:20,15.7,7:10,0.4,4.7,0.0,1.4,11.3,2:40,ESE
2015,8,10,22.4,29.4,16:20,16.4,6:20,0.3,4.3,0.0,3.2,25.7,15:50,SSE
2015,8,11,22.6,29.8,16:20,16.0,6:10,0.3,4.6,0.0,2.1,17.7,17:40,SW
2015,8,12,22.9,29.9,14:10,16.7,6:30,0.1,4.7,0.0,1.9,25.7,17:00,NNE
2015,8,13,23.0,31.2,16:10,17.0,6:50,0.2,4.8,2.0,1.9,29.0,18:00,SW
2015,8,14,22.4,30.3,15:30,17.7,6:50,0.1,4.1,0.6,1.9,27.4,16:20,SW
2015,8,15,22.7,30.1,15:50,16.3,7:10,0.3,4.6,0.6,1.8,14.5,20:00,ESE
2015,8,16,23.5,31.3,16:10,16.3,7:50,0.2,5.3,0.0,2.7,33.8,16:30,SSW
2015,8,17,22.4,28.4,14:40,16.9,7:50,0.1,4.2,4.4,4.7,30.6,13:20,SW
2015,8,18,22.0,29.2,16:50,15.1,6:30,0.6,4.2,0.0,3.5,22.5,15:10,SW
2015,8,19,22.9,29.9,15:30,15.8,6:20,0.4,4.9,0.0,2.3,17.7,18:10,SW
2015,8,20,22.4,29.7,16:50,15.7,7:40,0.4,4.5,0.0,3.5,25.7,18:00,SW
2015,8,21,21.1,27.8,16:10,15.5,7:20,0.3,3.1,7.6,2.3,19.3,16:10,NE
2015,8,22,19.6,24.3,16:00,16.4,00:00,0.2,1.4,14.4,1.6,45.1,16:10,S
2015,8,23,19.5,25.8,18:00,12.8,6:50,1.6,2.7,0.2,1.3,12.9,9:10,ENE
2015,8,24,21.6,27.7,17:00,15.4,6:10,0.5,3.7,0.0,1.8,14.5,5:50,NE
2015,8,25,22.1,28.7,17:20,15.4,6:50,0.5,4.3,0.0,1.1,11.3,2:20,NE
2015,8,26,22.6,28.1,16:20,16.2,7:50,0.3,4.5,0.0,1.6,12.9,8:00,NE
2015,8,27,22.8,29.1,17:10,16.2,7:00,0.3,4.7,0.0,1.4,11.3,8:40,SSE
2015,8,28,22.6,30.1,17:10,15.2,7:10,0.6,4.8,0.0,1.1,12.9,4:10,S
2015,8,29,22.7,30.1,16:30,14.8,6:20,0.6,4.9,0.0,2.1,12.9,0:20,SSW
2015,8,30,22.7,30.3,16:30,14.4,7:20,0.7,5.1,0.0,2.9,19.3,14:50,E
2015,8,31,23.4,30.1,16:00,16.7,7:10,0.2,5.2,0.0,1.9,16.1,20:30,NNE
2015,9,1,23.2,31.7,16:20,15.4,6:10,0.4,5.3,0.0,1.1,11.3,3:00,S
2015,9,2,23.3,31.0,16:50,15.6,7:30,0.3,5.3,0.0,1.0,12.9,1:30,SE
2015,9,3,24.8,31.8,17:20,17.8,6:50,0.0,6.4,0.0,1.8,25.7,19:20,NE
2015,9,4,24.7,32.9,18:00,17.5,7:40,0.1,6.4,0.0,1.8,20.9,17:40,NE
2015,9,5,24.9,34.8,16:40,16.3,7:50,0.2,6.8,0.0,1.9,30.6,16:40,SW
2015,9,6,24.9,31.1,14:50,19.4,6:30,0.0,6.6,0.0,4.5,40.2,16:20,SSW
2015,9,7,22.0,28.8,16:10,16.8,6:50,0.2,3.9,0.0,1.8,17.7,00:00,S
2015,9,8,21.3,25.6,16:20,17.3,6:10,0.1,3.1,0.0,3.5,20.9,18:10,E
2015,9,9,18.2,20.4,0:10,15.4,23:50,0.6,0.5,25.4,2.6,17.7,14:00,S
2015,9,10,17.8,21.6,13:40,15.0,5:30,1.3,0.7,45.6,3.2,30.6,13:30,SSE
2015,9,11,20.8,26.5,17:30,17.4,7:00,0.2,2.6,2.0,1.8,20.9,19:10,WNW
2015,9,12,19.9,25.3,16:10,14.5,7:20,0.8,2.4,0.0,2.9,19.3,3:20,W
2015,9,13,18.6,25.2,16:40,12.5,7:40,1.7,2.0,0.0,0.8,11.3,0:10,NE
2015,9,14,19.5,25.8,17:50,14.0,7:20,1.1,2.2,0.0,1.1,14.5,4:00,NE
2015,9,15,20.2,27.6,17:40,13.4,7:00,1.2,3.1,0.0,1.1,11.3,10:10,S
2015,9,16,21.1,28.5,16:50,14.6,7:10,0.8,3.4,0.0,1.0,11.3,0:30,ESE
2015,9,17,22.4,30.8,17:20,15.8,7:30,0.4,4.4,0.0,0.5,8.0,1:10,SSW
2015,9,18,23.2,31.6,17:00,16.4,7:00,0.2,5.1,0.0,0.8,9.7,21:50,S
2015,9,19,22.8,30.6,16:30,16.5,7:20,0.2,4.7,0.0,0.8,11.3,1:30,SSE
2015,9,20,21.7,29.7,16:10,15.6,7:40,0.4,3.8,0.0,2.6,29.0,14:50,SSW
2015,9,21,18.1,21.5,12:50,15.4,8:10,0.9,0.7,32.8,3.7,33.8,0:40,NE
2015,9,22,17.6,21.2,12:30,14.8,7:10,1.2,0.4,0.2,2.9,20.9,0:50,SW
2015,9,23,18.6,24.8,15:40,13.6,7:10,1.5,1.7,0.0,1.4,17.7,17:20,SW
2015,9,24,18.8,24.9,16:50,15.0,7:10,0.9,1.5,1.2,1.8,30.6,20:10,SW
2015,9,25,16.5,18.2,16:30,15.0,6:30,1.8,0.0,7.2,1.4,22.5,17:20,S
2015,9,26,15.7,16.9,13:00,14.3,6:50,2.7,0.0,6.2,1.4,11.3,0:50,SW
2015,9,27,17.2,21.6,16:00,15.1,1:30,1.5,0.4,0.0,1.8,19.3,20:10,W
2015,9,28,17.2,19.9,15:50,14.3,8:20,1.3,0.2,0.0,4.3,27.4,10:50,NE
2015,9,29,16.9,20.7,15:50,14.4,8:10,1.7,0.3,0.0,2.4,17.7,20:50,NE
2015,9,30,15.1,16.4,12:20,14.1,23:30,3.3,0.0,0.0,1.8,12.9,1:50,SSW
2015,10,1,15.1,18.9,15:10,13.7,5:30,3.2,0.0,0.0,2.1,19.3,15:20,SSE
2015,10,2,14.8,17.6,15:20,11.9,00:00,3.6,0.0,0.0,0.3,14.5,18:00,S
2015,10,3,14.1,20.4,17:10,9.1,7:20,4.4,0.2,0.0,0.8,12.9,6:50,ENE
2015,10,4,17.3,23.7,16:50,12.3,7:50,2.3,1.3,0.0,0.5,14.5,18:10,W
2015,10,5,16.9,23.1,14:20,11.4,6:40,2.3,0.9,0.0,1.9,20.9,14:10,SSW
2015,10,6,17.7,23.2,14:00,12.8,8:00,1.7,1.1,0.0,2.3,20.9,15:40,W
2015,10,7,14.9,17.3,13:20,12.4,5:50,3.4,0.0,18.0,0.8,17.7,13:50,SSW
2015,10,8,15.8,19.6,14:30,13.2,4:30,2.6,0.1,2.0,0.8,11.3,4:20,SW
2015,10,9,15.9,21.5,16:30,11.2,8:00,2.8,0.4,0.2,1.0,14.5,4:40,SW
2015,10,10,15.8,17.3,14:50,14.9,7:40,2.5,0.0,24.2,0.8,19.3,17:10,S
2015,10,11,17.2,22.9,15:40,12.9,6:20,1.9,0.7,31.6,3.1,54.7,5:30,SW
2015,10,12,15.9,19.4,15:30,12.2,00:00,2.5,0.1,0.4,4.3,30.6,14:40,W
2015,10,13,13.3,19.6,16:30,8.4,7:40,5.1,0.1,0.0,1.1,14.5,10:20,NE
2015,10,14,13.9,18.7,17:00,10.4,2:20,4.4,0.0,0.0,1.1,9.7,17:30,S
2015,10,15,15.4,16.8,16:30,14.3,5:10,2.9,0.0,0.0,1.6,14.5,13:40,S
2015,10,16,14.2,14.9,0:10,13.8,9:50,4.2,0.0,8.8,1.8,17.7,9:30,S
2015,10,17,14.5,15.6,16:40,13.5,7:10,3.8,0.0,0.2,1.1,14.5,13:40,S
2015,10,18,15.0,16.6,13:50,13.9,7:20,3.3,0.0,0.2,1.6,16.1,13:30,SSE
2015,10,19,15.1,16.4,14:50,13.9,8:10,3.3,0.0,0.0,1.4,17.7,13:40,SW
2015,10,20,15.9,19.9,16:10,12.8,5:40,2.5,0.1,0.0,0.2,9.7,9:20,SW
2015,10,21,15.3,17.8,15:30,12.9,00:00,3.0,0.0,2.6,0.6,12.9,20:20,E
2015,10,22,11.4,13.1,0:10,10.3,11:40,6.9,0.0,58.4,2.3,19.3,11:40,ENE
2015,10,23,11.1,12.9,14:20,10.2,2:50,7.3,0.0,0.2,7.1,40.2,17:20,NE
2015,10,24,10.5,14.1,15:50,6.4,23:50,7.8,0.0,0.0,6.9,37.0,3:50,NE
2015,10,25,8.1,15.0,15:40,2.9,6:30,10.3,0.0,0.0,0.8,9.7,9:20,SSW
2015,10,26,8.9,17.1,15:30,2.8,6:10,9.4,0.0,0.0,1.0,11.3,4:10,E
2015,10,27,9.7,16.8,15:20,3.8,6:50,8.7,0.0,0.0,1.1,12.9,9:40,NE
2015,10,28,10.8,15.6,15:20,7.7,4:30,7.6,0.0,0.0,1.0,22.5,22:10,SSW
2015,10,29,10.4,12.3,13:20,8.7,7:20,7.9,0.0,0.0,1.9,14.5,19:40,S
2015,10,30,10.9,13.8,13:10,8.2,7:20,7.4,0.0,0.0,3.4,17.7,15:20,ENE
2015,10,31,11.2,12.5,14:30,9.8,20:20,7.2,0.0,0.0,8.0,29.0,1:40,ENE
2015,11,1,8.7,11.5,15:20,3.2,23:30,9.7,0.0,0.0,5.8,29.0,11:50,ENE
2015,11,2,5.7,13.7,15:40,0.2,7:30,12.6,0.0,0.0,1.4,16.1,19:20,S
2015,11,3,7.3,15.7,15:20,1.6,6:50,11.1,0.0,0.0,0.6,9.7,1:10,S
2015,11,4,7.1,16.5,15:00,0.2,7:00,11.3,0.0,0.0,0.8,8.0,8:20,SSW
2015,11,5,7.4,16.8,14:50,1.1,7:20,10.9,0.0,0.0,0.8,9.7,3:20,SSW
2015,11,6,7.7,16.6,15:30,1.3,7:40,10.6,0.0,0.0,0.6,8.0,7:30,S
2015,11,7,7.6,16.0,14:30,1.7,6:50,10.7,0.0,0.0,0.8,11.3,20:10,SSW
2015,11,8,10.1,18.0,15:20,2.7,5:30,8.3,0.0,0.0,3.2,25.7,23:30,W
2015,11,9,13.1,22.7,16:00,7.2,7:30,5.5,0.2,0.0,2.6,29.0,0:10,W
2015,11,10,11.7,18.3,15:20,6.4,7:20,6.6,0.0,0.0,0.5,16.1,3:20,E
2015,11,11,12.9,21.4,14:00,7.2,7:40,5.7,0.2,0.0,0.8,16.1,3:00,NNE
2015,11,12,12.6,20.7,15:20,8.0,7:50,5.9,0.1,0.0,0.2,8.0,0:10,SSW
2015,11,13,11.7,19.9,15:00,6.7,7:50,6.7,0.1,0.0,0.3,8.0,8:50,SSW
2015,11,14,11.1,20.0,16:10,6.1,8:00,7.3,0.1,0.0,1.0,19.3,17:30,SW
2015,11,15,9.8,14.8,15:40,6.2,7:10,8.6,0.0,0.0,0.8,14.5,4:30,NE
2015,11,16,10.2,18.3,15:20,4.6,5:40,8.2,0.0,0.0,0.8,19.3,19:10,SW
2015,11,17,10.3,17.0,15:40,5.8,7:40,8.0,0.0,0.0,1.3,20.9,0:30,NE
2015,11,18,11.2,20.3,14:40,4.8,5:30,7.4,0.2,0.0,1.9,22.5,13:50,SW
2015,11,19,9.6,17.0,15:30,5.1,7:50,8.7,0.0,0.0,0.6,11.3,4:50,S
2015,11,20,9.8,18.1,13:50,3.3,6:40,8.5,0.0,0.0,2.4,38.6,14:50,SSW
2015,11,21,12.5,17.6,12:30,6.1,3:30,5.8,0.0,0.0,6.9,38.6,12:40,S
2015,11,22,15.7,18.0,10:10,11.6,00:00,2.7,0.0,3.4,8.7,57.9,8:50,S
2015,11,23,11.6,15.3,15:00,7.6,7:20,6.8,0.0,0.4,1.6,16.1,3:00,S
2015,11,24,11.1,13.4,13:20,8.9,00:00,7.3,0.0,15.8,1.6,17.7,3:20,SW
2015,11,25,8.3,9.8,13:20,7.2,23:30,10.0,0.0,27.8,1.1,17.7,13:30,W
2015,11,26,7.6,10.0,16:30,4.3,7:40,10.7,0.0,0.8,1.1,16.1,19:00,SSW
2015,11,27,7.6,8.9,0:10,6.5,00:00,10.7,0.0,19.8,1.3,20.9,3:10,S
2015,11,28,7.7,11.3,15:40,5.8,2:10,10.6,0.0,0.2,2.1,38.6,21:00,SW
2015,11,29,7.3,11.4,12:20,2.9,23:40,11.1,0.0,0.2,3.9,30.6,14:10,NNW
2015,11,30,5.6,11.4,17:10,0.9,6:20,12.7,0.0,0.0,1.3,22.5,19:30,W
2015,12,1,7.3,15.4,13:40,1.8,7:40,11.0,0.0,0.0,2.3,33.8,15:20,SSW
2015,12,2,8.0,16.4,14:20,3.2,8:10,10.3,0.0,0.0,2.1,25.7,14:10,WNW
2015,12,3,7.3,13.5,14:40,3.5,8:10,11.0,0.0,0.0,1.3,16.1,3:50,SSW
2015,12,4,5.2,11.8,15:20,0.8,8:00,13.1,0.0,0.0,0.8,9.7,11:00,SSW
2015,12,5,3.0,4.7,14:30,1.4,4:50,15.3,0.0,0.0,1.0,9.7,8:50,SSE
2015,12,6,4.1,10.1,15:10,0.6,5:40,14.3,0.0,0.2,0.6,6.4,0:10,SSW
2015,12,7,4.4,10.8,15:30,0.3,7:20,13.9,0.0,0.2,0.6,9.7,9:40,W
2015,12,8,3.7,10.3,16:20,-0.5,6:10,14.6,0.0,0.2,0.8,6.4,2:20,SSW
2015,12,9,3.0,9.6,15:20,-1.5,8:10,15.3,0.0,0.0,0.8,8.0,8:50,SSW
2015,12,10,2.6,5.6,14:50,-0.7,4:20,15.7,0.0,0.2,2.6,20.9,23:20,SSW
2015,12,11,3.9,5.3,14:10,2.9,22:50,14.4,0.0,0.0,4.3,27.4,20:50,NNW
2015,12,12,2.9,7.3,15:30,-1.7,8:10,15.4,0.0,0.0,1.9,17.7,0:40,ESE
2015,12,13,2.8,9.4,15:10,-1.7,8:10,15.5,0.0,0.0,0.6,11.3,2:20,SW
2015,12,14,2.6,9.2,14:50,-1.1,5:00,15.7,0.0,0.0,0.5,6.4,1:00,SSW
2015,12,15,1.9,7.6,15:00,-2.1,8:10,16.4,0.0,0.0,0.6,6.4,0:40,S
2015,12,16,1.7,6.9,15:50,-2.8,7:00,16.6,0.0,0.0,0.8,8.0,9:50,NE
2015,12,17,4.3,7.3,12:40,0.1,00:00,14.1,0.0,0.0,4.2,22.5,4:40,NNW
2015,12,18,0.9,6.7,15:30,-3.4,7:30,17.4,0.0,0.0,0.8,9.7,9:40,SSW
2015,12,19,4.1,8.8,15:40,-0.6,1:30,14.2,0.0,0.0,0.3,8.0,1:00,SW
2015,12,20,4.3,9.8,15:20,0.8,7:30,14.1,0.0,0.0,0.5,6.4,3:00,SSW
2015,12,21,2.7,9.2,15:40,-1.8,6:40,15.6,0.0,0.0,0.5,6.4,1:30,SSW
2015,12,22,4.3,11.1,15:30,-0.3,8:20,14.0,0.0,0.2,0.5,19.3,22:10,SSW
2015,12,23,4.4,11.3,15:20,0.1,8:00,13.9,0.0,0.0,0.3,11.3,0:20,NE
2015,12,24,5.0,12.3,14:40,0.4,8:10,13.3,0.0,0.0,0.2,6.4,3:20,SSE
2015,12,25,4.9,12.4,15:10,-0.1,7:30,13.4,0.0,0.0,0.8,12.9,20:00,SSW
2015,12,26,3.5,10.2,15:10,-0.9,7:20,14.8,0.0,0.0,0.8,20.9,0:20,ENE
2015,12,27,3.4,11.4,15:30,-1.6,8:30,14.9,0.0,0.0,0.5,6.4,1:30,S
2015,12,28,4.5,12.4,15:10,0.1,7:10,13.8,0.0,0.0,0.3,4.8,4:10,S
2015,12,29,5.3,15.7,14:50,0.2,7:40,13.1,0.0,0.0,0.6,11.3,9:00,WSW
2015,12,30,3.5,6.8,14:10,0.0,4:50,14.8,0.0,0.0,4.7,30.6,21:20,SSW
2015,12,31,-0.6,2.2,0:10,-5.8,00:00,18.9,0.0,0.0,6.1,25.7,2:20,E
2016,1,1,-4.3,0.3,15:30,-9.7,8:20,22.6,0.0,0.0,1.8,9.7,10:00,SE
2016,1,2,0.5,6.6,15:00,-4.8,7:10,17.8,0.0,0.0,1.9,16.1,19:40,SSW
2016,1,3,0.9,2.1,0:10,0.4,10:00,17.4,0.0,1.8,0.8,12.9,22:20,NE
2016,1,4,1.6,4.2,00:00,-0.1,8:50,16.7,0.0,1.6,1.0,9.7,2:50,S
2016,1,5,6.2,9.9,15:30,3.0,2:30,12.1,0.0,0.0,0.5,11.3,1:50,N
2016,1,6,9.9,16.5,12:10,5.5,2:10,8.4,0.0,15.2,2.7,29.0,21:00,S
2016,1,7,6.4,8.1,11:50,4.4,22:30,11.9,0.0,2.8,5.5,35.4,12:30,W
2016,1,8,6.9,11.2,14:50,3.9,8:50,11.4,0.0,0.0,4.8,29.0,11:50,W
2016,1,9,6.3,12.3,15:00,3.0,4:40,12.1,0.0,0.0,0.8,12.9,1:10,ESE
2016,1,10,5.7,9.3,16:40,2.3,8:30,12.6,0.0,0.0,0.5,14.5,21:50,SSW
2016,1,11,8.2,15.7,14:10,2.7,8:10,10.2,0.0,0.0,2.6,30.6,15:50,NW
2016,1,12,10.4,17.7,11:50,5.2,1:30,7.9,0.0,0.0,5.6,61.2,15:10,W
2016,1,13,5.0,11.8,13:00,1.4,7:50,13.3,0.0,2.2,4.3,38.6,13:10,SSW
2016,1,14,4.4,8.8,15:00,0.1,6:50,13.9,0.0,0.0,1.6,25.7,3:10,SW
2016,1,15,7.9,13.0,14:30,3.7,1:10,10.4,0.0,1.2,6.3,30.6,13:30,SSE
2016,1,16,6.1,7.6,0:10,0.8,23:50,12.2,0.0,35.4,2.9,30.6,19:20,SSE
2016,1,17,0.8,2.0,13:00,-1.4,00:00,17.5,0.0,0.8,10.3,49.9,22:00,NNW
2016,1,18,-2.2,-0.3,13:30,-4.5,23:50,20.6,0.0,0.0,11.4,43.5,11:10,NNW
2016,1,19,-3.7,-0.4,15:00,-7.2,8:00,22.1,0.0,0.0,3.2,19.3,1:20,N
2016,1,20,-1.3,1.2,15:40,-4.4,1:30,19.6,0.0,0.0,1.3,11.3,2:40,ESE
2016,1,21,0.8,7.8,15:40,-4.8,7:40,17.5,0.0,0.0,2.1,24.1,15:00,W
2016,1,22,1.7,3.4,0:10,0.1,23:30,16.6,0.0,0.0,4.3,20.9,18:50,NE
2016,1,23,-1.2,2.6,14:10,-4.8,8:20,19.5,0.0,0.0,2.7,16.1,2:00,ESE
2016,1,24,-2.4,2.4,16:50,-7.9,8:00,20.8,0.0,0.0,1.4,12.9,2:40,SW
2016,1,25,1.7,6.2,14:50,-2.4,5:30,16.7,0.0,0.0,1.8,11.3,6:30,WSW
2016,1,26,5.3,13.3,14:50,-0.8,1:40,13.1,0.0,0.0,3.5,25.7,15:10,WSW
2016,1,27,5.2,12.4,16:00,1.0,6:40,13.1,0.0,0.0,0.8,16.1,0:50,ESE
2016,1,28,6.9,15.4,14:00,0.8,8:00,11.4,0.0,0.0,3.7,41.8,13:10,ESE
2016,1,29,6.0,12.4,15:40,0.8,7:50,12.3,0.0,0.0,3.5,33.8,15:50,W
2016,1,30,5.4,13.3,15:30,0.5,8:10,12.9,0.0,0.0,0.8,8.0,0:10,E
2016,1,31,7.2,16.4,14:20,1.2,8:10,11.2,0.0,0.0,2.3,22.5,14:40,SSW
2016,2,1,10.4,16.5,13:10,5.6,8:00,7.9,0.0,0.0,5.1,35.4,14:10,W
2016,2,2,8.3,16.9,16:00,2.6,7:10,10.0,0.0,0.0,1.0,11.3,19:40,ESE
2016,2,3,8.8,18.1,16:10,2.7,7:30,9.5,0.0,0.0,1.0,11.3,21:50,SE
2016,2,4,9.4,14.9,11:10,5.3,4:00,8.9,0.0,0.0,4.8,38.6,23:20,SSW
2016,2,5,3.5,5.3,0:10,2.7,00:00,14.8,0.0,0.0,10.6,35.4,2:30,NNW
2016,2,6,4.2,8.9,16:10,0.1,00:00,14.2,0.0,0.0,6.1,45.1,4:00,NNW
2016,2,7,2.7,9.3,16:30,-3.2,6:30,15.6,0.0,0.0,2.1,20.9,20:20,E
2016,2,8,2.7,8.7,15:30,-1.9,8:10,15.7,0.0,0.0,1.4,11.3,9:00,ESE
2016,2,9,5.1,10.3,15:20,0.8,1:40,13.2,0.0,0.0,0.8,9.7,18:40,ESE
2016,2,10,9.7,14.1,12:30,4.7,2:50,8.7,0.0,0.0,7.6,49.9,14:40,SSE
2016,2,11,8.8,12.4,14:00,5.1,7:30,9.6,0.0,0.0,6.0,46.7,0:10,W
2016,2,12,8.2,13.7,15:40,2.3,7:40,10.2,0.0,8.0,3.2,30.6,0:10,SSE
2016,2,13,8.4,13.3,14:20,5.1,7:30,9.9,0.0,7.2,2.3,22.5,21:10,SSE
2016,2,14,9.3,14.9,16:10,4.1,5:10,9.1,0.0,2.0,2.1,22.5,18:50,SSE
2016,2,15,15.4,23.6,15:10,10.9,2:20,3.7,0.7,0.0,4.0,30.6,17:30,SSE
2016,2,16,12.9,19.6,16:00,7.9,7:40,5.4,0.1,0.0,1.3,16.1,16:30,S
2016,2,17,10.0,13.1,15:50,8.0,9:20,8.3,0.0,0.0,0.3,14.5,12:50,ENE
2016,2,18,9.9,13.8,15:40,7.6,4:10,8.4,0.0,4.4,2.6,20.9,9:10,ENE
2016,2,19,10.5,15.8,13:30,7.1,8:10,7.8,0.0,0.2,3.9,32.2,14:00,W
2016,2,20,6.2,11.0,13:00,2.6,7:00,12.1,0.0,4.6,4.2,33.8,17:10,W
2016,2,21,8.1,13.9,16:30,1.5,7:50,10.3,0.0,0.0,7.6,37.0,12:00,W
2016,2,22,10.3,18.7,17:20,3.3,7:30,8.0,0.0,0.0,2.7,33.8,21:50,W
2016,2,23,13.1,22.2,17:00,5.5,7:20,5.6,0.3,0.0,2.3,22.5,21:20,WNW
2016,2,24,11.2,15.7,12:50,6.0,00:00,7.2,0.0,0.8,2.4,25.7,14:10,W
2016,2,25,8.8,15.9,16:10,2.9,7:50,9.5,0.0,0.4,1.8,24.1,19:30,SE
2016,2,26,8.3,12.6,14:40,5.2,23:00,10.1,0.0,1.6,2.6,32.2,16:30,S
2016,2,27,7.7,15.0,15:50,2.4,8:20,10.6,0.0,0.0,1.4,17.7,8:20,ESE
2016,2,28,9.2,15.7,15:50,3.5,7:40,9.1,0.0,0.0,3.7,25.7,15:00,SSW
2016,2,29,10.6,12.6,12:20,9.5,7:50,7.8,0.0,6.2,4.0,24.1,13:00,SSE
2016,3,1,10.7,16.5,15:00,6.7,6:50,7.6,0.0,5.0,2.9,20.9,16:00,SW
2016,3,2,9.2,14.2,15:20,5.3,8:10,9.2,0.0,0.0,2.4,17.7,0:40,W
2016,3,3,7.2,13.2,13:50,2.4,6:00,11.2,0.0,2.8,3.5,25.7,17:10,S
2016,3,4,5.7,10.4,12:20,2.1,6:30,12.7,0.0,0.0,4.5,32.2,12:00,W
2016,3,5,7.9,14.2,14:20,2.2,7:00,10.4,0.0,0.0,3.5,19.3,3:30,W
2016,3,6,9.2,15.9,17:20,2.6,6:50,9.2,0.0,0.0,3.4,29.0,17:50,NE
2016,3,7,10.7,18.2,12:50,5.9,00:00,7.7,0.0,11.4,6.6,41.8,16:50,S
2016,3,8,7.6,13.1,15:30,2.6,7:20,10.7,0.0,0.2,2.4,11.3,2:00,W
2016,3,9,7.4,10.9,11:30,4.9,0:40,10.9,0.0,3.0,2.4,16.1,13:00,ENE
2016,3,10,8.2,13.3,15:20,4.8,00:00,10.1,0.0,0.0,3.5,33.8,14:20,W
2016,3,11,7.6,14.7,14:00,1.1,7:10,10.7,0.0,0.0,3.4,24.1,15:50,W
2016,3,12,7.0,8.4,12:40,5.8,6:00,11.3,0.0,15.2,3.4,35.4,22:20,W
2016,3,13,6.2,8.1,13:40,5.1,5:50,12.1,0.0,22.6,4.5,20.9,14:30,WSW
2016,3,14,6.9,9.5,15:00,5.4,00:00,11.4,0.0,0.2,7.2,37.0,1:00,N
2016,3,15,4.4,6.4,16:40,2.8,9:30,13.9,0.0,6.8,1.9,14.5,19:00,SSE
2016,3,16,4.8,6.8,15:20,3.5,6:40,13.5,0.0,3.8,2.1,12.9,15:20,SSE
2016,3,17,5.7,7.8,16:40,3.9,7:00,12.7,0.0,0.0,2.4,14.5,10:10,SSE
2016,3,18,6.6,8.7,17:10,4.8,7:00,11.7,0.0,0.0,1.0,12.9,18:10,SW
2016,3,19,9.8,16.3,15:40,3.7,7:20,8.5,0.0,0.0,3.9,35.4,12:40,SW
2016,3,20,9.6,16.9,15:40,2.3,6:30,8.8,0.0,0.0,4.2,25.7,18:40,SSW
2016,3,21,10.7,19.7,15:30,3.4,6:30,7.7,0.1,0.0,2.1,25.7,16:30,SSW
2016,3,22,13.3,21.7,15:30,5.2,6:00,5.7,0.6,0.0,4.8,38.6,11:50,SSW
2016,3,23,10.9,14.1,14:50,8.8,22:40,7.4,0.0,16.8,2.7,38.6,15:30,SSE
2016,3,24,9.8,13.3,14:10,6.5,23:40,8.6,0.0,8.2,4.0,24.1,14:30,W
2016,3,25,5.9,10.1,16:00,2.3,8:50,12.4,0.0,0.6,7.1,29.0,6:50,NNW
2016,3,26,5.9,12.1,16:20,-0.9,6:40,12.4,0.0,0.0,3.2,20.9,2:30,NE
2016,3,27,6.1,10.6,15:40,2.9,8:10,11.7,0.0,2.4,4.3,29.0,16:00,NNW
2016,3,28,7.4,15.7,17:00,-0.3,7:00,10.9,0.0,0.0,3.7,32.2,17:00,SW
2016,3,29,11.3,17.6,17:20,6.4,5:40,7.0,0.0,0.0,2.9,24.1,16:10,W
2016,3,30,13.1,20.5,16:40,6.1,7:30,5.3,0.1,0.0,2.1,17.7,3:10,SSW
2016,3,31,14.2,23.7,17:00,5.8,7:50,5.1,0.9,0.0,2.4,19.3,16:30,SSW
2016,4,1,14.9,24.5,17:10,7.6,7:30,4.3,0.9,0.0,0.8,12.9,0:50,SW
2016,4,2,14.8,22.4,17:20,9.1,7:00,4.1,0.6,0.0,2.4,22.5,19:10,ENE
2016,4,3,14.3,20.2,16:20,9.6,5:40,4.2,0.2,0.0,2.6,17.7,16:10,SSW
2016,4,4,14.8,23.9,17:00,6.8,7:30,4.7,1.1,0.0,1.9,16.1,19:10,SSW
2016,4,5,16.4,24.7,16:20,8.8,7:30,3.3,1.4,0.0,1.1,14.5,19:00,E
2016,4,6,16.6,25.2,17:00,8.7,7:50,3.3,1.6,0.0,1.4,19.3,17:30,SSW
2016,4,7,16.4,24.9,16:00,9.3,6:40,3.2,1.3,0.0,2.3,29.0,16:10,SSE
2016,4,8,14.7,21.1,15:00,11.0,7:20,3.9,0.3,5.0,0.6,40.2,15:50,N
2016,4,9,13.2,18.6,16:40,9.6,00:00,5.2,0.0,0.6,2.9,53.1,17:30,SW
2016,4,10,9.6,15.0,13:40,6.5,6:20,8.7,0.0,11.8,2.1,30.6,14:50,SW
2016,4,11,13.4,19.3,17:10,8.0,5:50,4.9,0.0,0.2,5.6,35.4,16:30,W
2016,4,12,15.3,23.3,16:50,7.7,7:10,4.1,1.1,0.0,3.9,35.4,15:00,W
2016,4,13,16.1,25.9,18:10,7.6,6:40,3.7,1.5,0.0,0.8,17.7,15:50,SW
2016,4,14,18.2,26.2,14:10,12.3,7:40,2.1,2.0,0.0,4.3,48.3,17:30,WSW
2016,4,15,17.0,23.4,17:20,11.0,7:10,2.4,1.1,0.0,3.4,33.8,0:10,E
2016,4,16,16.0,26.6,17:40,6.6,7:10,4.1,1.8,0.0,1.6,16.1,16:40,SW
2016,4,17,18.6,28.7,16:50,10.9,7:30,2.5,2.7,0.0,1.0,14.5,16:00,SW
2016,4,18,19.3,29.3,17:00,10.5,7:00,2.2,3.2,0.0,1.0,16.1,20:10,SSE
2016,4,19,20.1,29.7,14:20,13.2,8:20,1.4,3.2,0.0,3.5,35.4,16:40,S
2016,4,20,16.0,20.3,16:40,10.6,00:00,2.6,0.2,0.0,7.6,49.9,22:10,NE
2016,4,21,13.1,19.6,17:20,6.9,7:00,5.4,0.1,0.0,5.1,49.9,2:30,NNW
2016,4,22,13.2,21.2,17:10,4.6,7:00,5.5,0.4,0.0,2.4,19.3,20:10,S
2016,4,23,16.3,21.8,14:00,12.3,6:10,2.4,0.4,4.6,1.9,22.5,18:00,E
2016,4,24,12.6,17.3,16:00,9.0,00:00,5.8,0.0,6.2,4.3,43.5,16:10,SW
2016,4,25,11.7,17.1,16:00,7.3,5:30,6.7,0.0,2.4,4.0,30.6,16:20,SW
2016,4,26,9.3,13.8,17:10,5.8,6:00,9.1,0.0,3.2,6.0,43.5,16:50,W
2016,4,27,10.8,19.3,16:40,2.2,6:20,7.6,0.1,0.0,2.9,24.1,17:10,S
2016,4,28,13.8,21.0,18:10,5.4,7:20,4.9,0.5,0.0,1.9,14.5,20:00,NE
2016,4,29,14.3,17.3,17:00,11.5,9:20,4.0,0.0,4.4,1.6,22.5,0:50,SSE
2016,4,30,15.9,21.0,17:20,11.6,7:30,2.8,0.4,6.0,1.9,16.1,21:20,E
2016,5,1,15.0,18.8,12:30,11.3,6:40,3.3,0.0,14.0,2.1,22.5,12:30,SSE
2016,5,2,11.1,13.1,14:40,8.8,00:00,7.2,0.0,29.8,1.6,19.3,19:00,S
2016,5,3,10.5,15.4,16:10,6.3,8:00,7.8,0.0,1.4,3.7,33.8,18:10,SW
2016,5,4,11.3,14.1,11:30,8.3,6:20,7.1,0.0,0.0,5.3,33.8,18:30,W
2016,5,5,12.9,17.1,15:10,8.7,5:00,5.4,0.0,0.0,8.2,35.4,11:10,NE
2016,5,6,14.1,20.0,16:40,6.9,6:50,4.4,0.2,0.0,2.6,24.1,0:20,SSE
2016,5,7,13.7,20.3,13:30,7.9,6:50,4.7,0.1,6.2,1.9,27.4,14:50,SW
2016,5,8,13.7,20.3,15:10,7.4,7:00,4.8,0.1,0.0,2.4,29.0,15:30,SW
2016,5,9,15.3,20.8,16:00,10.9,6:00,3.4,0.3,4.2,0.3,25.7,19:00,WSW
2016,5,10,16.2,23.9,16:20,8.8,6:40,3.4,1.2,0.4,1.1,22.5,00:00,SW
2016,5,11,16.1,21.0,14:00,10.4,7:00,2.8,0.4,1.4,0.6,16.1,14:40,SW
2016,5,12,17.1,22.7,18:10,13.5,6:40,2.0,0.7,15.6,1.0,25.7,19:50,SSE
2016,5,13,17.2,21.3,15:20,12.2,00:00,1.9,0.7,1.8,5.0,38.6,12:10,W
2016,5,14,15.3,22.6,15:30,7.8,6:40,4.0,0.9,0.0,3.9,33.8,14:50,SW
2016,5,15,13.4,19.4,12:40,7.9,6:30,4.9,0.1,1.6,1.0,22.5,15:20,SW
2016,5,16,14.1,19.8,12:00,9.4,6:40,4.3,0.1,0.0,3.4,38.6,15:50,SW
2016,5,17,12.8,19.3,13:10,7.6,7:00,5.5,0.1,4.2,0.5,24.1,16:20,W
2016,5,18,14.9,20.3,17:40,10.2,7:30,3.7,0.3,0.2,1.6,17.7,5:30,E
2016,5,19,14.1,21.7,16:50,8.1,6:20,4.6,0.3,0.4,0.2,25.7,17:40,SW
2016,5,20,12.0,14.9,13:30,8.4,6:30,6.3,0.0,25.0,0.3,14.5,8:50,NE
2016,5,21,13.9,16.5,15:40,11.1,7:50,4.4,0.0,35.8,4.2,29.0,22:10,NE
2016,5,22,15.7,20.1,17:00,11.8,23:40,2.8,0.2,0.2,3.7,32.2,6:50,E
2016,5,23,16.5,25.4,16:50,8.0,6:10,3.7,1.8,0.0,2.1,16.1,14:30,SW
2016,5,24,15.7,21.0,12:00,10.5,7:00,3.2,0.5,0.0,4.5,40.2,14:40,SW
2016,5,25,14.8,19.6,17:50,10.8,3:20,3.6,0.1,0.0,6.6,41.8,16:00,W
2016,5,26,17.9,24.9,15:50,10.7,6:40,2.2,1.8,0.0,3.5,25.7,15:40,WNW
2016,5,27,18.7,25.8,17:00,10.9,6:40,2.0,2.4,0.0,0.2,9.7,0:20,SW
2016,5,28,20.2,28.5,17:50,11.6,6:40,1.8,3.6,0.0,0.5,12.9,19:50,ENE
2016,5,29,21.2,28.3,18:00,14.1,6:00,0.8,3.7,0.0,0.0,6.4,3:30,SW
2016,5,30,21.0,27.7,18:10,14.3,7:00,0.7,3.4,0.0,0.8,20.9,20:50,SW
2016,5,31,20.9,28.3,16:00,12.6,7:00,1.2,3.8,0.0,3.7,30.6,14:20,SW
2016,6,1,18.3,25.6,16:40,12.8,6:20,1.5,1.4,0.6,0.3,17.7,18:10,SW
2016,6,2,19.3,26.2,15:10,13.1,5:40,1.5,2.4,0.0,1.8,20.9,13:40,WNW
2016,6,3,19.3,25.8,14:20,13.8,5:50,1.2,2.2,0.0,4.2,29.0,15:50,W
2016,6,4,19.0,27.3,17:00,11.4,6:40,1.8,2.4,0.0,1.9,48.3,16:40,W
2016,6,5,18.7,27.3,16:50,12.7,6:30,1.6,1.9,13.6,1.9,32.2,18:00,SW
2016,6,6,19.2,26.7,16:20,11.9,6:40,1.7,2.6,0.0,3.4,24.1,12:50,SSW
2016,6,7,19.4,24.6,13:50,14.0,6:50,0.7,1.8,0.2,3.4,19.3,16:20,NE
2016,6,8,17.8,22.9,13:10,13.2,6:40,1.7,1.1,1.6,2.3,24.1,17:30,SSE
2016,6,9,18.1,25.3,17:10,12.4,6:00,1.9,1.7,0.8,2.1,30.6,21:30,S
2016,6,10,17.9,24.4,15:20,13.1,7:10,1.8,1.4,0.6,1.8,24.1,18:50,SSE
2016,6,11,19.4,27.8,16:30,11.3,6:30,2.1,3.2,0.0,1.0,16.1,16:50,WNW
2016,6,12,20.0,27.1,13:50,13.2,6:40,1.2,2.8,0.0,1.8,27.4,17:50,SW
2016,6,13,16.8,20.7,17:50,13.9,23:50,1.7,0.2,13.4,0.2,14.5,22:20,SW
2016,6,14,17.3,23.6,16:00,11.5,3:30,2.3,1.2,0.6,2.9,25.7,16:20,SW
2016,6,15,19.2,26.0,15:10,12.3,6:10,1.5,2.4,0.0,3.5,32.2,15:10,WNW
2016,6,16,21.9,30.6,16:00,12.8,6:20,1.2,4.8,0.0,1.1,12.9,1:10,ENE
2016,6,17,24.7,34.7,17:40,15.9,6:40,0.3,6.7,0.0,1.6,22.5,18:00,NE
2016,6,18,25.8,35.8,16:30,16.9,6:10,0.1,7.6,0.0,2.4,30.6,16:50,SE
2016,6,19,21.9,27.5,16:10,17.6,4:20,0.0,3.6,0.0,1.8,19.3,5:00,NE
2016,6,20,24.2,31.9,15:50,17.2,6:40,0.1,5.9,0.0,1.0,17.7,15:20,NE
2016,6,21,25.9,33.8,16:50,18.6,6:30,0.0,7.6,0.0,1.8,22.5,19:40,WSW
2016,6,22,25.6,32.9,15:40,17.4,6:30,0.1,7.2,0.0,1.9,19.3,16:50,S
2016,6,23,26.0,32.3,16:20,18.1,6:50,0.0,7.7,0.0,2.4,22.5,15:10,E
2016,6,24,25.8,31.3,16:20,19.5,4:50,0.0,7.5,0.0,4.5,29.0,14:40,E
2016,6,25,25.2,29.9,16:10,18.4,6:40,0.0,6.9,0.0,3.7,20.9,14:00,E
2016,6,26,22.1,28.4,14:00,17.9,6:20,0.0,3.7,16.0,2.3,24.1,19:30,ENE
2016,6,27,23.6,32.1,16:10,15.9,5:10,0.5,5.7,0.0,3.2,29.0,17:20,SW
2016,6,28,22.3,28.8,14:30,17.8,6:50,0.0,4.1,0.4,3.2,32.2,20:40,ENE
2016,6,29,22.4,26.7,17:10,15.9,5:20,0.1,4.2,0.0,6.8,30.6,1:40,NE
2016,6,30,23.4,30.5,18:00,15.3,6:20,0.5,5.7,0.0,1.6,17.7,20:20,NE
2016,7,1,24.1,31.3,15:30,19.8,7:00,0.0,5.7,0.0,1.3,19.3,15:50,E
2016,7,2,22.4,31.0,15:50,17.3,6:10,0.1,4.2,22.0,1.3,37.0,18:00,NE
2016,7,3,23.6,30.8,16:40,15.9,6:10,0.4,5.6,0.2,1.4,16.1,20:50,SW
2016,7,4,25.2,30.7,15:20,19.1,6:40,0.0,6.8,0.0,3.2,33.8,19:50,NE
2016,7,5,24.8,30.1,16:50,20.7,6:30,0.0,6.4,0.2,2.3,22.5,00:00,NE
2016,7,6,24.5,30.2,16:50,19.3,7:00,0.0,6.2,0.0,2.6,43.5,22:50,NE
2016,7,7,23.0,27.3,15:30,17.1,6:40,0.1,4.8,0.0,6.9,32.2,9:50,NE
2016,7,8,23.3,28.7,17:50,17.2,6:50,0.1,5.1,0.0,4.0,30.6,2:40,NNW
2016,7,9,23.1,30.6,18:10,14.7,6:00,0.7,5.4,0.0,1.1,12.9,7:10,NNW
2016,7,10,25.0,31.3,16:10,17.1,6:30,0.1,6.8,0.0,1.9,17.7,21:30,NE
2016,7,11,26.1,31.6,17:00,20.0,7:00,0.0,7.7,0.0,0.6,17.7,19:30,N
2016,7,12,25.6,32.1,17:10,18.1,6:50,0.0,7.3,0.0,0.0,0.0,---,---
2016,7,13,25.9,33.2,15:40,18.7,7:10,0.0,7.6,0.0,0.3,32.2,17:00,NE
2016,7,14,26.7,35.0,15:30,18.5,6:50,0.0,8.3,0.0,2.7,25.7,20:00,NNW
2016,7,15,26.3,33.7,16:40,18.3,7:10,0.0,8.0,0.0,3.5,37.0,18:00,SSE
2016,7,16,22.8,27.8,15:10,17.9,6:50,0.0,4.5,0.0,4.7,32.2,19:30,SW
2016,7,17,21.1,26.3,16:50,15.3,7:00,0.5,3.3,0.0,6.6,32.2,10:40,WNW
2016,7,18,21.3,25.4,16:20,16.8,6:20,0.2,3.1,0.0,8.4,43.5,23:30,NE
2016,7,19,22.6,26.4,14:50,17.3,6:40,0.0,4.2,0.0,8.4,41.8,1:10,NE
2016,7,20,23.1,27.8,15:10,18.9,5:20,0.0,4.8,0.0,5.1,33.8,1:40,NE
2016,7,21,23.1,30.7,17:50,15.0,6:30,0.6,5.4,0.0,2.6,20.9,21:50,E
2016,7,22,24.4,32.3,17:40,16.0,7:00,0.2,6.3,0.0,1.1,16.1,1:40,SW
2016,7,23,25.7,34.1,17:30,16.9,6:30,0.1,7.4,0.0,1.3,11.3,3:00,E
2016,7,24,26.6,33.3,16:30,19.1,6:30,0.0,8.2,0.0,1.9,12.9,17:20,SW
2016,7,25,24.0,31.5,14:10,18.8,00:00,0.0,5.7,4.0,2.4,41.8,16:50,SW
2016,7,26,21.3,28.3,13:20,16.3,5:10,0.3,3.4,0.0,1.9,25.7,18:50,SW
2016,7,27,22.3,29.9,16:10,14.9,6:40,0.8,4.8,0.0,1.1,14.5,20:30,SE
2016,7,28,23.9,31.7,15:10,17.6,6:50,0.1,5.7,0.0,1.3,20.9,16:30,W
2016,7,29,24.5,31.2,18:10,17.8,7:20,0.0,6.2,0.0,1.4,16.1,14:10,NE
2016,7,30,25.1,31.3,16:40,18.2,7:00,0.0,6.8,0.0,2.4,19.3,20:00,NE
2016,7,31,26.1,32.9,16:20,18.7,7:10,0.0,7.8,0.0,1.9,12.9,1:40,SSW
2016,8,1,26.6,33.8,17:20,18.7,7:10,0.0,8.2,0.0,1.4,20.9,18:10,SSW
2016,8,2,25.8,32.9,16:40,18.4,7:20,0.0,7.4,0.0,2.9,29.0,19:50,NE
2016,8,3,24.9,28.9,15:30,21.3,7:20,0.0,6.6,0.0,4.2,22.5,20:00,NE
2016,8,4,24.7,30.6,19:40,16.8,7:20,0.1,6.4,0.0,1.8,14.5,1:50,NE
2016,8,5,25.4,32.7,16:10,17.8,7:00,0.1,7.2,0.0,1.8,12.9,2:20,NE
2016,8,6,25.9,32.1,14:50,18.7,7:20,0.0,7.6,0.0,2.1,14.5,17:20,NE
2016,8,7,23.6,29.7,14:40,19.2,22:50,0.0,5.2,0.2,3.1,33.8,17:10,SW
2016,8,8,19.4,22.1,19:40,17.2,6:20,0.1,1.2,21.2,3.9,25.7,4:00,SW
2016,8,9,22.2,27.5,16:20,17.6,7:30,0.1,4.0,0.2,2.1,14.5,19:00,E
2016,8,10,23.8,31.1,17:10,16.7,7:20,0.2,5.6,0.0,0.2,11.3,1:50,SW
2016,8,11,24.8,31.9,17:00,17.9,7:10,0.0,6.5,0.0,1.8,25.7,14:40,WNW
2016,8,12,20.9,24.3,15:10,17.9,5:40,0.0,2.6,0.0,8.9,41.8,22:30,NE
2016,8,13,19.6,24.2,17:50,15.8,6:40,0.7,1.9,0.0,6.3,38.6,1:50,NNW
2016,8,14,19.4,26.4,17:10,11.7,7:10,1.7,2.9,0.0,2.1,12.9,0:20,ESE
2016,8,15,21.0,28.9,16:50,12.7,7:20,1.3,4.0,0.0,1.3,9.7,7:00,E
2016,8,16,22.6,30.9,16:30,14.1,7:40,0.9,5.2,0.0,1.1,14.5,0:10,ENE
2016,8,17,23.6,32.2,18:00,15.0,7:00,0.5,5.7,0.0,0.6,17.7,18:30,SW
2016,8,18,23.3,31.5,15:30,16.0,7:10,0.3,5.2,0.0,2.7,25.7,17:30,S
2016,8,19,22.3,28.5,15:40,17.4,7:00,0.2,4.1,15.0,0.3,17.7,3:30,W
2016,8,20,23.0,29.6,16:50,16.3,6:20,0.3,5.0,0.0,1.4,16.1,0:10,NE
2016,8,21,24.4,30.6,15:10,17.6,7:00,0.1,6.2,0.0,0.0,0.0,---,---
2016,8,22,23.8,31.9,14:40,17.9,7:40,0.0,5.5,3.0,1.3,32.2,21:20,NE
2016,8,23,19.8,22.0,1:20,17.7,7:50,0.1,1.5,1.4,2.4,27.4,2:00,NE
2016,8,24,21.2,27.1,16:10,15.7,6:50,0.7,3.4,0.8,3.1,33.8,23:50,NE
2016,8,25,22.8,26.6,17:30,20.5,00:00,0.0,4.4,0.4,6.1,35.4,3:20,NE
2016,8,26,21.7,26.3,17:40,18.0,6:00,0.0,3.3,0.2,1.3,16.1,18:10,E
2016,8,27,20.9,26.9,17:30,14.6,7:10,0.8,3.4,0.0,0.5,11.3,2:30,SW
2016,8,28,21.0,27.8,16:40,13.5,7:20,1.1,3.7,0.0,0.2,9.7,1:50,SSW
2016,8,29,21.6,29.2,17:30,14.3,6:00,0.9,4.2,0.0,0.2,11.3,23:20,SSW
2016,8,30,22.9,30.0,15:00,15.8,7:10,0.4,5.1,0.0,0.5,16.1,20:30,S
2016,8,31,22.5,30.3,16:10,17.3,7:30,0.1,4.2,0.2,1.3,24.1,19:40,SW
2016,9,1,19.6,27.6,14:30,16.4,6:20,0.6,1.8,1.2,1.4,30.6,17:10,NNW
2016,9,2,19.2,24.9,17:30,16.1,5:50,0.7,1.6,0.0,1.4,17.7,18:20,NW
2016,9,3,20.8,26.8,16:10,15.7,4:40,0.8,3.2,0.0,1.8,17.7,4:10,S
2016,9,4,20.5,27.4,16:20,14.3,7:30,1.1,3.2,0.0,1.3,17.7,0:40,NE
2016,9,5,20.8,28.3,16:20,14.2,7:30,1.1,3.6,0.0,1.8,16.1,2:40,S
2016,9,6,17.8,21.0,0:10,16.7,7:50,0.7,0.2,15.0,2.3,20.9,19:00,NE
2016,9,7,17.8,20.2,18:10,15.2,10:40,0.8,0.2,37.4,3.5,27.4,8:50,ENE
2016,9,8,17.3,19.8,18:50,15.6,10:10,1.2,0.2,30.8,2.1,22.5,18:00,ENE
2016,9,9,17.3,20.2,17:40,15.6,7:30,1.3,0.3,41.4,1.8,19.3,13:30,SW
2016,9,10,19.3,24.1,15:40,15.6,7:30,0.8,1.8,14.8,1.4,16.1,18:30,E
2016,9,11,19.9,24.0,13:00,15.2,7:50,0.7,2.2,0.0,1.6,16.1,17:10,NE
2016,9,12,19.7,25.2,16:40,16.1,7:10,0.6,1.9,0.2,1.3,12.9,19:10,SW
2016,9,13,19.5,25.5,15:30,14.2,6:30,1.2,2.4,0.0,1.3,14.5,23:40,SW
2016,9,14,18.4,26.2,15:40,14.0,6:40,1.4,1.6,0.8,1.1,22.5,16:30,SW
2016,9,15,18.8,26.7,16:20,12.4,7:40,1.9,2.3,0.2,0.8,11.3,21:20,SSE
2016,9,16,19.8,27.5,16:30,13.4,6:40,1.3,2.8,0.0,0.8,11.3,20:20,SSE
2016,9,17,20.9,29.7,16:10,14.2,7:40,1.1,3.6,0.0,2.1,25.7,17:00,SW
2016,9,18,20.8,26.8,17:00,16.8,8:10,0.2,2.7,0.0,1.6,20.9,17:00,SW
2016,9,19,16.9,21.1,12:20,13.3,00:00,1.6,0.2,14.4,1.4,19.3,6:20,SW
2016,9,20,16.4,23.0,14:50,10.6,6:10,2.9,1.0,0.2,4.5,29.0,14:00,W
2016,9,21,16.0,21.2,14:00,12.3,7:10,2.7,0.3,0.8,1.6,22.5,1:00,ENE
2016,9,22,15.2,20.0,15:10,13.1,7:50,3.2,0.1,4.6,2.1,17.7,16:40,NE
2016,9,23,14.1,20.3,16:40,7.8,8:00,4.5,0.2,0.0,1.4,11.3,9:10,NE
2016,9,24,13.8,19.9,16:00,8.1,7:30,4.8,0.2,0.0,1.6,11.3,13:40,NE
2016,9,25,13.8,20.5,16:40,7.5,7:40,4.7,0.3,0.0,1.3,14.5,5:00,SW
2016,9,26,14.9,19.8,16:20,9.9,7:50,3.6,0.1,0.0,1.8,11.3,18:10,W
2016,9,27,15.8,20.2,16:20,11.8,8:00,2.7,0.2,0.0,1.4,11.3,2:00,NE
2016,9,28,15.1,20.9,16:50,10.4,6:20,3.6,0.3,0.0,0.3,9.7,23:30,S
2016,9,29,14.4,22.6,16:40,8.1,8:20,4.6,0.6,0.0,1.3,12.9,0:10,SE
2016,9,30,15.1,23.6,16:30,8.1,6:40,4.3,1.0,0.0,1.6,9.7,0:20,S
2016,10,1,15.9,24.6,17:00,9.6,8:00,3.6,1.1,0.0,1.3,14.5,6:30,SW
2016,10,2,16.5,24.8,17:00,10.0,7:50,3.2,1.3,0.0,0.3,9.7,3:00,SSW
2016,10,3,19.4,26.1,14:30,13.6,8:00,1.2,2.2,0.0,2.7,25.7,20:00,WNW
2016,10,4,16.3,22.7,15:10,10.6,7:10,2.9,0.9,0.0,3.1,41.8,16:20,SW
2016,10,5,14.3,20.2,15:40,8.1,8:40,4.3,0.2,0.0,2.1,16.1,1:40,NE
2016,10,6,13.7,20.3,16:30,7.6,7:10,4.8,0.2,0.0,0.6,14.5,21:40,SW
2016,10,7,11.9,16.1,14:20,7.8,6:20,6.4,0.0,9.0,1.9,19.3,17:20,S
2016,10,8,14.8,19.8,15:50,10.7,8:00,3.7,0.1,0.6,4.3,33.8,12:30,SW
2016,10,9,12.2,19.2,16:40,5.1,7:20,6.2,0.0,0.0,1.6,14.5,1:10,SSW
2016,10,10,13.3,15.7,17:00,11.7,8:30,5.0,0.0,17.6,0.8,17.7,17:30,S
2016,10,11,13.3,14.7,17:20,12.7,8:40,5.0,0.0,14.4,1.3,17.7,0:30,S
2016,10,12,13.4,17.4,16:10,9.3,23:10,4.9,0.0,2.0,3.5,32.2,14:40,WSW
2016,10,13,11.4,20.0,16:20,4.8,8:20,7.1,0.2,0.0,2.4,20.9,17:00,W
2016,10,14,13.1,21.8,16:50,6.8,6:00,5.6,0.4,0.0,1.4,11.3,3:50,NE
2016,10,15,13.7,19.2,16:20,7.8,7:50,4.6,0.1,0.0,1.1,14.5,14:00,NE
2016,10,16,14.0,17.4,17:20,11.3,00:00,4.3,0.0,1.4,0.8,19.3,13:10,S
2016,10,17,14.3,19.6,14:50,10.9,1:10,4.1,0.1,0.2,3.7,24.1,18:10,E
2016,10,18,11.9,14.4,14:30,10.2,23:50,6.4,0.0,0.0,3.4,17.7,5:20,S
2016,10,19,10.8,13.8,16:10,8.7,8:30,7.6,0.0,0.6,1.1,22.5,23:20,SSE
2016,10,20,12.4,14.9,16:20,10.8,7:50,5.9,0.0,0.0,1.6,16.1,19:50,SSE
2016,10,21,12.5,13.8,17:20,11.6,8:30,5.8,0.0,2.0,1.3,14.5,2:50,S
2016,10,22,13.8,16.8,16:40,12.1,5:50,4.5,0.0,26.4,0.5,11.3,7:00,NE
2016,10,23,14.2,16.7,14:50,11.7,8:30,4.1,0.0,0.0,0.8,11.3,4:00,WSW
2016,10,24,15.1,19.6,16:20,11.7,00:00,3.3,0.1,0.0,0.5,9.7,1:20,NE
2016,10,25,13.8,17.9,16:00,11.4,00:00,4.6,0.0,0.0,0.6,11.3,4:50,W
2016,10,26,12.0,15.8,00:00,9.8,2:50,6.3,0.0,0.0,0.8,24.1,23:50,SSW
2016,10,27,14.2,16.1,0:20,11.1,00:00,4.2,0.0,3.8,4.2,29.0,2:40,E
2016,10,28,10.1,12.3,14:30,8.8,23:30,8.3,0.0,8.6,3.9,20.9,0:20,NE
2016,10,29,9.2,13.0,16:30,6.2,00:00,9.2,0.0,0.0,1.3,12.9,14:40,SW
2016,10,30,9.3,15.7,15:20,4.4,6:30,9.1,0.0,0.0,1.3,14.5,8:30,SSW
2016,10,31,8.8,11.9,13:50,3.2,00:00,9.5,0.0,0.0,8.2,43.5,18:10,NE
2016,11,1,6.1,14.1,15:20,-0.4,7:20,12.2,0.0,0.0,2.1,14.5,3:50,E
2016,11,2,8.4,18.5,15:40,1.2,7:30,9.9,0.0,0.0,2.3,22.5,15:50,SSW
2016,11,3,10.2,18.4,15:40,4.3,7:40,8.1,0.0,0.0,1.8,19.3,16:00,SSW
2016,11,4,11.4,16.3,14:30,7.3,6:00,6.9,0.0,0.4,0.6,9.7,2:40,NE
2016,11,5,11.7,17.0,16:00,9.2,00:00,6.7,0.0,0.0,1.6,17.7,2:30,S
2016,11,6,12.6,18.9,14:20,6.9,6:00,5.8,0.0,0.0,2.7,30.6,14:40,S
2016,11,7,15.2,18.3,15:00,12.6,4:30,3.2,0.0,5.8,2.9,22.5,0:20,S
2016,11,8,17.4,23.1,13:10,13.3,22:50,1.7,0.8,14.0,8.9,53.1,13:30,S
2016,11,9,10.3,13.5,1:00,6.7,23:50,8.0,0.0,27.6,4.0,30.6,4:40,SSE
2016,11,10,8.3,12.2,15:10,4.1,7:10,10.1,0.0,0.6,1.6,11.3,2:30,SW
2016,11,11,10.6,15.4,14:40,5.8,7:50,7.8,0.0,0.0,2.4,25.7,15:40,SSW
2016,11,12,9.4,13.6,10:10,5.5,22:40,8.9,0.0,17.6,3.1,33.8,15:30,S
2016,11,13,8.6,12.3,13:10,4.1,23:30,9.8,0.0,0.0,5.1,27.4,4:20,W
2016,11,14,6.1,11.5,13:30,1.9,7:30,12.3,0.0,0.0,1.4,11.3,9:30,SSW
2016,11,15,5.2,6.7,13:30,4.3,21:10,13.1,0.0,1.2,0.6,9.7,9:40,SSE
2016,11,16,4.2,9.6,15:20,1.2,8:40,14.1,0.0,0.0,1.4,14.5,9:10,SW
2016,11,17,4.4,11.4,16:00,0.3,3:30,13.9,0.0,0.2,1.6,8.0,1:40,SSW
2016,11,18,5.9,13.3,15:30,0.3,7:40,12.4,0.0,0.0,1.3,8.0,2:10,SSW
2016,11,19,6.3,12.9,15:00,1.1,7:10,12.1,0.0,0.0,1.4,9.7,0:50,SSW
2016,11,20,5.6,11.2,15:40,2.3,4:40,12.7,0.0,0.0,1.4,16.1,9:50,SW
2016,11,21,5.6,11.7,15:20,1.3,6:10,12.7,0.0,0.2,1.4,8.0,4:50,SSW
2016,11,22,7.2,11.3,14:40,4.3,23:00,11.2,0.0,0.0,1.4,11.3,16:00,S
2016,11,23,6.6,10.5,14:20,2.4,23:50,11.8,0.0,0.0,1.3,12.9,3:50,ENE
2016,11,24,3.8,5.3,14:00,1.3,2:40,14.6,0.0,0.0,1.3,8.0,2:20,SSE
2016,11,25,3.9,6.6,16:10,1.3,7:30,14.4,0.0,0.0,1.4,11.3,5:50,W
2016,11,26,5.8,8.2,16:10,3.0,2:40,12.5,0.0,4.4,1.1,14.5,5:40,SSW
2016,11,27,8.4,9.8,14:40,7.5,3:40,9.9,0.0,0.0,1.1,9.7,3:40,W
2016,11,28,7.8,9.1,16:10,6.2,00:00,10.6,0.0,3.8,1.4,20.9,23:20,NE
2016,11,29,2.0,6.2,0:10,-0.6,20:20,16.3,0.0,1.0,8.4,41.8,17:30,NE
2016,11,30,0.2,3.0,14:40,-3.3,00:00,18.2,0.0,0.0,8.7,46.7,4:50,NE
2016,12,1,-0.1,5.5,15:10,-4.9,4:20,18.4,0.0,0.0,2.3,14.5,6:30,SW
2016,12,2,5.1,12.5,15:20,-2.4,7:50,13.3,0.0,0.0,5.0,30.6,12:40,SW
2016,12,3,7.1,10.8,14:30,2.7,8:00,11.2,0.0,0.0,2.1,14.5,9:50,WSW
2016,12,4,6.2,7.1,14:30,5.2,23:30,12.1,0.0,0.0,1.6,11.3,11:10,S
2016,12,5,5.2,5.9,14:50,4.8,5:20,13.1,0.0,0.0,0.5,11.3,17:30,S
2016,12,6,5.3,8.1,15:10,2.4,23:40,13.0,0.0,0.0,0.5,8.0,16:00,SSE
2016,12,7,3.5,9.4,15:30,0.7,7:20,14.8,0.0,0.0,1.6,16.1,15:40,ESE
2016,12,8,1.9,5.7,14:40,-0.8,23:50,16.4,0.0,0.0,1.6,12.9,9:40,S
2016,12,9,3.3,10.0,15:20,-1.7,6:10,15.1,0.0,0.0,1.0,9.7,18:10,S
2016,12,10,5.2,11.9,15:10,-0.2,7:20,13.2,0.0,0.0,1.3,11.3,8:30,NW
2016,12,11,4.6,11.2,15:30,-0.1,7:30,13.7,0.0,0.0,1.1,11.3,20:00,SE
2016,12,12,4.9,10.7,13:50,-0.1,8:10,13.4,0.0,0.0,3.4,27.4,17:50,SW
2016,12,13,3.5,6.1,0:30,-1.1,23:20,14.8,0.0,0.0,8.4,37.0,18:00,NE
2016,12,14,-1.6,3.4,15:00,-6.7,7:20,19.9,0.0,0.0,1.9,12.9,1:10,SW
2016,12,15,2.3,8.1,14:30,-1.8,6:00,16.0,0.0,0.0,3.7,37.0,19:40,SSW
2016,12,16,1.8,3.8,13:40,-0.8,2:10,16.5,0.0,0.0,5.5,30.6,3:20,ENE
2016,12,17,0.9,4.8,15:00,-3.3,00:00,17.4,0.0,0.0,3.4,25.7,5:50,N
2016,12,18,-0.2,7.9,15:10,-4.9,4:50,18.5,0.0,0.0,1.6,8.0,0:10,S
2016,12,19,-0.5,6.3,15:20,-5.1,7:10,18.8,0.0,0.0,1.8,9.7,1:10,SSE
2016,12,20,0.0,6.8,15:10,-4.7,5:30,18.3,0.0,0.0,1.4,11.3,23:10,ESE
2016,12,21,0.0,6.3,15:10,-4.4,8:00,16.7,0.0,0.0,1.9,17.7,16:40,W
2016,12,22,0.6,6.8,14:20,-4.4,7:40,17.8,0.0,0.0,2.9,19.3,14:20,NE
2016,12,23,3.6,9.5,14:40,-1.7,3:40,14.8,0.0,0.0,4.7,41.8,20:30,NE
2016,12,24,2.2,9.5,15:20,-1.9,6:40,16.2,0.0,0.0,2.1,20.9,7:50,ESE
2016,12,25,2.1,9.2,15:00,-3.1,5:40,16.3,0.0,0.0,3.4,35.4,14:20,SSW
2016,12,26,4.6,11.8,14:40,-1.3,5:20,13.7,0.0,0.0,3.9,24.1,16:20,W
2016,12,27,3.5,7.8,13:40,-0.4,7:30,14.8,0.0,6.6,4.2,35.4,23:10,NNW
2016,12,28,1.9,5.4,14:00,-1.3,8:50,16.4,0.0,0.0,10.0,38.6,20:30,NNW
2016,12,29,0.3,2.4,13:10,-1.4,00:00,18.1,0.0,0.0,13.8,56.3,8:50,N
2016,12,30,-1.4,0.2,12:00,-2.6,23:40,19.8,0.0,0.0,11.3,46.7,13:20,NNE
2016,12,31,-0.6,3.6,12:40,-4.9,6:40,18.9,0.0,0.0,6.9,38.6,13:00,WSW
2017,1,1,-0.9,4.8,15:40,-4.6,7:40,19.3,0.0,0.0,1.6,11.3,0:30,SSW
2017,1,2,1.2,10.0,15:30,-4.8,8:20,17.1,0.0,0.0,2.7,30.6,16:30,S
2017,1,3,2.5,10.8,14:40,-3.2,7:30,15.8,0.0,0.0,1.4,17.7,14:50,SW
2017,1,4,3.8,8.1,16:40,1.1,8:10,14.6,0.0,0.0,1.0,14.5,15:50,ESE
2017,1,5,2.6,7.4,17:30,-0.8,7:00,15.7,0.0,7.8,2.4,40.2,21:40,NNW
2017,1,6,-3.0,0.4,0:50,-7.9,00:00,21.3,0.0,1.0,14.0,56.3,20:40,NNW
2017,1,7,-8.2,-6.9,13:10,-9.3,00:00,26.5,0.0,0.0,12.7,49.9,1:00,NNE
2017,1,8,-8.1,-3.6,15:40,-12.1,7:30,26.4,0.0,0.0,5.6,24.1,18:20,W
2017,1,9,-7.6,-4.8,13:40,-9.7,5:40,25.9,0.0,0.0,7.6,30.6,11:10,NNE
2017,1,10,-8.6,-5.2,13:40,-11.1,22:30,26.9,0.0,0.0,2.9,14.5,10:40,W
2017,1,11,-7.1,-1.2,14:10,-12.6,00:00,25.4,0.0,3.6,0.8,12.9,1:20,NE
2017,1,12,-3.6,4.2,14:50,-12.7,0:10,21.9,0.0,0.0,4.5,37.0,12:50,W
2017,1,13,-4.2,1.1,15:20,-10.8,7:40,22.6,0.0,0.0,1.3,9.7,1:40,SE
2017,1,14,4.6,8.7,14:50,-0.1,00:00,13.7,0.0,0.6,4.3,32.2,13:10,SW
2017,1,15,0.5,5.6,15:30,-3.2,6:20,17.8,0.0,0.0,2.3,19.3,19:50,NE
2017,1,16,0.4,1.8,2:30,-0.4,5:40,17.9,0.0,5.0,0.8,19.3,3:20,S
2017,1,17,1.0,3.1,15:50,-0.2,0:40,17.3,0.0,10.2,0.3,9.7,12:50,W
2017,1,18,1.8,3.4,14:40,0.7,1:20,16.5,0.0,6.6,3.7,38.6,19:10,ENE
2017,1,19,1.9,3.8,16:10,0.8,2:10,16.4,0.0,3.8,1.4,14.5,10:20,WSW
2017,1,20,1.6,3.5,15:50,0.7,8:10,16.7,0.0,0.0,0.2,3.2,3:20,WNW
2017,1,21,1.3,2.7,15:30,0.3,00:00,17.1,0.0,0.0,1.1,11.3,12:40,SW
2017,1,22,-0.6,1.4,15:30,-1.6,20:00,18.9,0.0,0.0,2.1,11.3,15:00,W
2017,1,23,0.6,2.3,15:20,-1.2,0:10,17.8,0.0,0.0,0.5,9.7,0:50,S
2017,1,24,1.2,2.4,15:50,0.3,7:00,17.2,0.0,2.4,0.3,8.0,1:10,NE
2017,1,25,1.7,3.9,15:40,0.5,6:00,16.6,0.0,0.0,0.3,9.7,16:30,WSW
2017,1,26,-0.1,1.7,0:40,-2.4,23:30,18.4,0.0,0.0,3.4,22.5,21:30,ESE
2017,1,27,-2.1,1.2,15:40,-4.8,23:40,20.4,0.0,0.0,3.2,16.1,0:30,NE
2017,1,28,-2.4,4.5,15:00,-6.6,7:30,20.7,0.0,0.0,1.4,11.3,15:00,S
2017,1,29,-1.4,0.4,14:30,-3.7,2:00,19.7,0.0,1.8,0.6,8.0,4:10,NE
2017,1,30,1.1,2.5,12:10,-0.3,6:40,17.2,0.0,0.2,0.5,9.7,19:10,ESE
2017,1,31,2.2,4.1,15:20,0.9,3:20,16.2,0.0,0.0,1.4,16.1,18:10,SSE
2017,2,1,1.9,3.3,15:10,0.6,00:00,16.4,0.0,0.0,1.4,9.7,11:10,WSW
2017,2,2,1.8,7.4,17:00,-1.9,8:00,16.5,0.0,0.0,1.0,9.7,13:50,ESE
2017,2,3,4.2,9.8,15:30,0.2,8:00,14.1,0.0,0.0,1.8,17.7,20:30,NNW
2017,2,4,5.9,13.2,15:30,0.9,7:40,12.4,0.0,0.0,2.3,17.7,17:10,SSE
2017,2,5,9.8,14.7,15:40,4.8,23:30,8.5,0.0,0.0,4.5,32.2,8:00,W
2017,2,6,8.4,15.3,14:20,5.4,6:10,9.9,0.0,6.8,3.2,38.6,16:10,SSE
2017,2,7,5.3,10.1,16:10,2.9,8:50,13.1,0.0,0.4,1.6,16.1,3:50,SSW
2017,2,8,4.1,7.9,15:40,0.7,7:40,14.3,0.0,0.0,1.0,16.1,22:30,N
2017,2,9,4.4,7.1,12:40,2.1,7:30,13.9,0.0,0.2,1.0,16.1,13:50,NE
2017,2,10,4.0,5.1,14:00,3.2,20:10,14.3,0.0,0.0,4.0,24.1,11:00,E
2017,2,11,3.3,4.7,13:50,2.4,7:40,15.0,0.0,0.0,1.4,12.9,22:20,SSE
2017,2,12,2.5,3.9,14:20,1.6,7:40,15.8,0.0,0.0,3.4,17.7,2:10,SSE
2017,2,13,1.9,2.7,15:50,1.2,7:20,16.4,0.0,0.0,1.8,14.5,0:50,NE
2017,2,14,1.1,6.6,15:00,-2.9,7:40,17.2,0.0,0.0,1.9,12.9,22:20,SE
2017,2,15,4.7,14.3,15:20,-2.3,7:20,13.7,0.0,0.0,3.1,30.6,19:10,ESE
2017,2,16,5.0,11.3,16:00,-0.8,7:40,13.3,0.0,0.0,2.4,17.7,0:40,NE
2017,2,17,5.1,14.9,15:50,-1.6,7:10,13.2,0.0,0.0,3.1,25.7,16:10,ESE
2017,2,18,6.3,13.1,16:20,0.4,7:50,12.1,0.0,0.0,2.3,22.5,16:20,E
2017,2,19,5.5,7.4,14:40,2.9,00:00,12.8,0.0,3.8,2.3,19.3,20:30,SSE
2017,2,20,5.7,11.9,15:00,1.1,7:30,12.7,0.0,0.0,5.1,37.0,13:10,NNW
2017,2,21,5.0,11.9,17:00,-1.6,7:30,13.3,0.0,0.0,3.7,22.5,17:40,SSW
2017,2,22,8.7,16.6,17:40,1.5,7:30,9.6,0.0,0.0,3.2,22.5,18:10,ESE
2017,2,23,9.9,18.3,14:50,3.1,7:20,8.4,0.0,0.0,5.1,27.4,14:20,WSW
2017,2,24,8.6,16.9,16:20,1.3,7:20,9.8,0.0,0.0,2.3,16.1,21:30,SSW
2017,2,25,8.8,11.8,13:10,6.5,4:30,9.5,0.0,3.0,1.6,16.1,7:20,N
2017,2,26,8.9,10.2,16:00,7.9,5:20,9.4,0.0,3.8,0.5,12.9,2:20,S
2017,2,27,10.0,14.6,15:50,6.7,00:00,8.3,0.0,0.0,1.1,9.7,13:20,ESE
2017,2,28,9.4,18.8,14:40,3.3,6:50,8.9,0.0,0.0,2.9,30.6,16:30,W
2017,3,1,8.4,16.6,12:00,4.4,6:00,9.9,0.0,3.2,5.5,56.3,17:40,SSW
2017,3,2,8.9,15.4,16:10,4.2,6:30,9.4,0.0,0.0,6.3,41.8,0:10,W
2017,3,3,8.7,16.7,16:20,2.0,7:20,9.7,0.0,0.0,1.8,19.3,18:30,ESE
2017,3,4,9.1,16.9,15:30,1.9,7:40,9.2,0.0,0.0,3.7,22.5,16:50,SSW
2017,3,5,10.0,15.9,16:40,3.8,7:20,8.3,0.0,0.0,2.9,25.7,22:30,SSW
2017,3,6,9.7,13.8,16:40,5.7,00:00,8.6,0.0,7.0,5.3,37.0,18:30,W
2017,3,7,8.8,13.9,16:40,4.4,3:10,9.5,0.0,0.0,6.3,38.6,21:20,NE
2017,3,8,6.6,9.8,2:00,4.1,9:10,11.7,0.0,43.0,6.6,37.0,3:40,WSW
2017,3,9,9.2,12.3,14:20,5.8,7:10,9.1,0.0,0.2,6.9,37.0,13:30,NE
2017,3,10,9.0,10.9,0:10,6.7,22:40,9.3,0.0,0.0,7.7,40.2,22:00,NE
2017,3,11,7.0,9.4,14:10,5.7,23:20,11.3,0.0,0.0,11.9,53.1,10:10,NNE
2017,3,12,7.5,11.7,16:20,3.0,6:50,10.8,0.0,0.0,4.5,22.5,5:00,NE
2017,3,13,6.0,10.0,14:00,3.1,4:50,12.3,0.0,0.0,5.6,29.0,15:40,NNW
2017,3,14,8.2,11.7,15:00,4.3,0:10,10.1,0.0,0.0,7.7,35.4,9:10,NNE
2017,3,15,8.7,13.0,16:20,3.9,00:00,9.7,0.0,0.0,5.0,30.6,5:50,NE
2017,3,16,6.2,10.7,15:50,2.4,3:30,12.1,0.0,0.0,5.3,33.8,13:20,W
2017,3,17,7.6,15.8,16:20,0.6,6:40,10.8,0.0,0.0,3.4,20.9,15:50,SSW
2017,3,18,9.5,19.2,14:40,1.4,6:00,8.8,0.1,0.0,4.5,38.6,15:50,S
2017,3,19,13.7,19.4,14:40,8.2,6:50,4.7,0.1,0.0,6.4,35.4,13:20,W
2017,3,20,12.6,20.8,16:10,6.2,7:30,5.9,0.2,0.0,1.4,9.7,5:50,SE
2017,3,21,13.3,22.8,15:50,6.0,5:40,5.7,0.6,0.0,2.6,24.1,16:10,S
2017,3,22,13.2,21.2,16:10,6.3,6:40,5.6,0.4,0.0,1.6,11.3,18:50,SE
2017,3,23,13.3,21.9,15:50,6.5,7:00,5.5,0.5,0.0,1.4,19.3,20:00,E
2017,3,24,13.8,22.8,15:50,5.8,6:40,5.2,0.7,0.0,1.3,11.3,23:10,SE
2017,3,25,13.9,24.7,15:10,7.9,6:50,5.0,0.6,2.0,2.6,45.1,16:00,SSW
2017,3,26,13.0,20.3,14:00,5.8,8:00,5.2,0.1,0.0,5.0,35.4,12:00,NNW
2017,3,27,8.2,10.7,0:10,6.9,8:50,10.1,0.0,0.0,6.8,35.4,3:50,ENE
2017,3,28,9.4,14.9,17:10,4.5,8:00,8.9,0.0,0.0,2.6,19.3,16:30,SSW
2017,3,29,10.1,17.8,16:30,2.1,7:40,8.2,0.0,0.0,4.2,22.5,19:40,E
2017,3,30,12.6,20.4,16:20,4.0,7:00,5.9,0.3,0.0,4.5,33.8,22:40,NE
2017,3,31,14.2,18.6,16:50,9.2,00:00,4.2,0.0,0.0,4.7,41.8,0:30,NE
2017,4,1,11.9,20.2,16:30,4.2,7:40,6.7,0.2,0.0,0.6,17.7,19:50,S
2017,4,2,11.7,20.0,16:00,4.1,7:20,6.8,0.2,0.0,2.1,24.1,15:30,SSE
2017,4,3,9.4,14.7,12:50,6.8,6:40,8.9,0.0,2.2,1.8,24.1,14:20,S
2017,4,4,8.8,12.3,16:50,7.0,0:10,9.5,0.0,0.6,0.0,9.7,23:30,S
2017,4,5,9.6,16.8,16:00,4.8,6:50,8.7,0.0,0.0,2.4,22.5,15:00,SW
2017,4,6,11.4,18.4,14:50,6.4,5:30,6.9,0.0,0.0,3.1,35.4,15:40,W
2017,4,7,8.7,12.5,15:00,6.0,7:00,9.6,0.0,0.0,3.7,22.5,18:00,NNW
2017,4,8,9.5,17.1,16:50,2.3,7:30,8.8,0.0,0.0,5.3,27.4,17:20,NNW
2017,4,9,11.3,18.5,17:00,3.9,6:40,7.0,0.0,0.0,2.7,17.7,4:50,E
2017,4,10,12.3,19.8,16:50,4.6,7:50,6.2,0.2,0.0,0.0,9.7,0:50,SSW
2017,4,11,13.0,21.6,16:20,5.1,7:30,5.8,0.4,0.0,0.0,0.0,---,---
2017,4,12,13.7,21.4,14:50,8.4,5:50,4.9,0.3,0.4,0.8,30.6,17:30,W
2017,4,13,13.8,22.9,16:40,5.5,7:10,5.4,0.8,0.0,2.4,25.7,19:50,WSW
2017,4,14,15.2,23.1,16:10,7.6,7:20,4.1,0.9,0.0,0.3,12.9,0:30,W
2017,4,15,14.3,23.2,16:00,7.2,7:10,4.7,0.7,0.0,1.9,37.0,19:10,SW
2017,4,16,13.8,21.5,14:40,6.7,7:20,4.9,0.4,0.0,1.6,33.8,18:50,W
2017,4,17,10.7,13.2,14:50,7.3,23:20,7.7,0.0,4.2,5.0,27.4,10:00,NE
2017,4,18,10.7,18.3,16:00,3.4,6:50,7.7,0.0,0.0,3.7,20.9,13:40,S
2017,4,19,13.0,19.4,15:30,9.5,5:30,5.3,0.1,0.0,7.1,38.6,15:30,SSE
2017,4,20,8.9,12.0,13:30,5.1,00:00,9.4,0.0,0.0,8.2,40.2,8:10,W
2017,4,21,6.1,11.0,16:30,2.1,7:20,12.2,0.0,0.0,6.8,43.5,23:20,NE
2017,4,22,7.3,12.6,18:10,2.9,7:20,11.0,0.0,0.0,4.7,35.4,0:20,NNW
2017,4,23,10.2,19.3,15:20,1.6,6:10,8.2,0.0,0.0,6.3,43.5,18:30,W
2017,4,24,12.4,19.2,16:20,5.4,6:50,5.9,0.0,0.0,1.9,22.5,22:00,SW
2017,4,25,13.0,20.8,17:00,4.7,7:20,5.6,0.3,0.0,3.5,22.5,20:00,S
2017,4,26,14.3,23.1,17:30,5.6,7:20,5.1,1.0,0.0,2.7,17.7,19:10,NE
2017,4,27,16.4,26.3,17:20,6.9,6:50,3.9,2.0,0.0,2.6,19.3,21:10,SSW
2017,4,28,18.1,27.3,17:30,9.3,6:40,2.8,2.6,0.0,1.8,19.3,20:10,SSW
2017,4,29,16.2,19.2,17:40,12.9,00:00,2.2,0.1,0.0,1.8,17.7,19:30,W
2017,4,30,15.7,19.5,16:10,11.2,2:00,2.9,0.2,0.0,4.2,22.5,16:30,ENE
2017,5,1,17.0,24.1,16:20,10.7,7:20,2.6,1.2,0.0,1.8,17.7,15:30,S
2017,5,2,17.5,25.7,16:50,9.8,6:50,2.6,1.8,0.0,1.9,14.5,17:30,NE
2017,5,3,17.3,25.9,15:40,9.7,7:00,2.8,1.8,0.0,2.3,17.7,14:40,SSW
2017,5,4,17.3,25.0,15:20,9.2,7:00,3.0,1.9,0.0,2.1,19.3,19:50,SW
2017,5,5,17.5,25.4,15:40,9.8,6:50,2.7,1.8,0.0,3.1,29.0,14:20,W
2017,5,6,17.3,23.4,15:50,10.7,7:40,2.2,1.2,0.0,5.3,29.0,9:30,W
2017,5,7,16.4,23.8,14:00,9.9,6:30,3.2,1.2,0.0,5.6,48.3,16:30,W
2017,5,8,15.7,21.8,17:00,9.3,6:50,3.3,0.7,0.2,3.9,30.6,11:10,W
2017,5,9,14.3,18.3,14:50,11.7,10:30,4.0,0.0,5.0,3.7,29.0,13:30,NNW
2017,5,10,14.8,20.8,15:20,10.6,6:30,3.6,0.1,0.2,3.7,32.2,15:50,NNW
2017,5,11,13.8,19.5,13:00,6.7,6:40,4.6,0.1,1.0,2.3,12.9,23:00,SSW
2017,5,12,19.7,28.3,15:30,11.2,5:50,2.1,3.4,0.0,2.9,24.1,14:20,SSE
2017,5,13,20.8,28.8,13:50,13.5,6:20,1.1,3.6,0.0,4.2,40.2,22:10,WNW
2017,5,14,19.7,26.7,16:20,11.5,6:50,1.4,2.8,0.0,3.2,27.4,16:10,W
2017,5,15,18.2,26.2,15:40,11.9,6:20,2.2,2.0,53.6,2.7,29.0,20:00,WNW
2017,5,16,13.8,14.8,19:30,11.7,00:00,4.6,0.0,12.0,0.2,8.0,23:10,W
2017,5,17,14.1,19.2,16:40,11.0,3:10,4.3,0.0,3.0,3.1,35.4,18:10,SW
2017,5,18,14.9,20.6,16:10,10.3,5:30,3.7,0.3,0.0,3.9,24.1,10:20,E
2017,5,19,15.4,23.8,15:50,7.6,6:20,4.1,1.1,0.0,2.3,16.1,18:20,E
2017,5,20,17.7,26.1,16:20,9.4,6:40,2.8,2.2,0.0,3.4,32.2,13:30,SW
2017,5,21,15.2,22.6,14:20,11.2,6:50,3.6,0.5,16.0,2.9,33.8,16:20,SW
2017,5,22,14.2,20.2,14:40,9.5,6:50,4.2,0.1,1.0,1.1,35.4,16:20,WNW
2017,5,23,16.6,23.1,13:50,11.1,6:10,2.5,0.8,0.0,1.4,27.4,14:10,SW
2017,5,24,16.3,23.9,15:30,10.7,6:30,2.9,0.9,0.2,2.3,30.6,17:00,S
2017,5,25,14.5,20.7,13:40,10.4,6:40,3.9,0.1,15.6,1.3,32.2,14:20,NNW
2017,5,26,13.9,18.3,14:40,12.1,9:50,4.4,0.0,19.4,1.9,27.4,17:10,NNW
2017,5,27,16.1,20.8,16:30,12.8,5:50,2.6,0.3,2.0,4.0,35.4,15:00,NE
2017,5,28,15.4,20.2,17:10,12.1,7:10,3.0,0.1,6.0,4.7,29.0,9:20,NE
2017,5,29,15.6,22.2,14:50,10.2,6:10,3.5,0.8,5.2,1.4,27.4,20:10,SW
2017,5,30,17.1,24.7,17:20,10.7,6:30,2.7,1.4,0.0,2.1,16.1,18:40,SW
2017,5,31,19.6,27.2,15:10,11.7,6:20,1.8,3.1,0.0,3.1,24.1,15:00,SW
2017,6,1,21.5,29.2,18:10,14.1,6:10,0.9,4.1,0.0,2.1,19.3,17:50,E
2017,6,2,21.3,28.2,17:30,15.7,6:10,0.4,3.4,0.6,1.8,22.5,16:10,W
2017,6,3,19.4,25.7,14:40,15.2,6:50,0.7,1.8,0.0,2.1,20.9,16:40,SW
2017,6,4,20.3,25.8,18:10,13.9,6:30,1.1,3.0,0.0,1.9,16.1,23:50,NE
2017,6,5,20.8,25.3,16:40,16.8,6:40,0.2,2.7,1.8,0.3,14.5,1:10,W
2017,6,6,20.7,26.8,15:00,14.4,6:10,0.8,3.1,0.0,1.6,22.5,16:10,W
2017,6,7,20.6,26.4,13:10,15.2,6:20,0.6,2.8,0.0,1.9,14.5,5:20,SW
2017,6,8,20.8,27.1,15:40,16.0,6:10,0.4,2.9,0.0,2.9,24.1,18:20,SSE
2017,6,9,20.9,26.7,17:50,15.8,6:10,0.3,2.9,0.0,4.2,25.7,7:20,NNW
2017,6,10,21.2,28.6,16:40,13.4,6:30,1.0,3.8,0.0,0.0,0.0,---,---
2017,6,11,19.3,21.8,15:20,17.7,3:20,0.1,1.0,0.0,3.9,33.8,11:30,NE
2017,6,12,20.3,26.5,16:50,14.9,6:50,0.9,2.9,0.0,2.4,16.1,3:00,WSW
2017,6,13,21.7,29.9,16:20,13.1,6:50,1.3,4.7,0.0,2.9,17.7,15:10,NE
2017,6,14,24.6,33.4,16:30,16.7,6:40,0.2,6.4,0.0,2.6,27.4,18:10,SW
2017,6,15,22.4,28.9,14:50,16.8,6:20,0.2,4.2,0.0,1.9,16.1,18:50,SW
2017,6,16,21.3,25.1,14:30,18.4,5:40,0.0,3.0,0.0,1.4,14.5,18:40,S
2017,6,17,19.6,24.3,15:50,16.9,23:30,0.4,1.6,5.0,5.0,29.0,14:20,NE
2017,6,18,17.2,20.2,16:50,14.7,7:10,1.4,0.3,0.0,9.7,38.6,6:10,NE
2017,6,19,19.4,23.8,15:50,15.3,0:50,0.7,1.8,0.0,7.9,37.0,14:10,NE
2017,6,20,20.4,27.1,18:30,12.9,6:40,1.4,3.6,0.0,2.7,17.7,1:00,NE
2017,6,21,22.6,29.8,16:30,14.9,6:10,0.6,4.9,0.0,2.3,12.9,10:00,ENE
2017,6,22,23.4,30.9,15:40,15.9,6:40,0.3,5.4,0.0,2.7,25.7,19:20,SSW
2017,6,23,24.5,33.2,16:50,16.2,6:40,0.3,6.4,0.0,3.1,27.4,15:30,SW
2017,6,24,23.9,32.1,14:30,17.1,6:30,0.1,5.7,0.0,2.9,27.4,15:20,NE
2017,6,25,23.2,33.0,17:10,16.7,6:30,0.3,6.6,0.0,1.8,16.1,18:50,SW
2017,6,26,24.4,33.7,15:50,17.7,6:30,0.0,6.1,0.0,1.9,27.4,17:40,ENE
2017,6,27,25.3,33.9,17:30,17.2,6:20,0.1,7.1,0.0,3.1,29.0,15:10,SW
2017,6,28,25.7,34.2,15:10,17.8,7:00,0.1,7.4,0.0,2.6,27.4,14:20,SW
2017,6,29,26.7,35.8,17:10,18.0,6:00,0.0,8.4,0.0,4.5,30.6,14:10,S
2017,6,30,27.3,37.2,17:30,18.1,7:10,0.0,9.0,0.0,2.6,19.3,17:40,NE
2017,7,1,27.3,37.9,16:30,17.7,7:10,0.0,9.1,0.0,2.9,33.8,14:40,S
2017,7,2,26.2,36.4,15:10,17.7,6:30,0.1,7.9,0.0,4.0,38.6,16:10,S
2017,7,3,21.8,27.8,15:00,17.1,6:40,0.1,3.6,0.0,8.0,37.0,10:50,NE
2017,7,4,22.4,27.0,16:20,18.6,6:40,0.0,4.1,0.0,7.7,40.2,6:10,NE
2017,7,5,22.1,28.7,17:20,14.1,7:00,0.7,4.4,0.0,2.3,11.3,7:00,S
2017,7,6,23.3,30.8,17:20,14.3,6:50,0.7,5.7,0.0,2.4,14.5,21:00,ENE
2017,7,7,24.7,31.4,17:00,16.3,6:40,0.2,6.6,0.0,3.5,19.3,12:00,NE
2017,7,8,25.3,34.2,16:10,16.5,6:40,0.2,7.2,0.0,2.1,16.1,22:40,ESE
2017,7,9,25.1,34.2,16:10,18.7,6:40,0.0,6.8,4.4,2.3,46.7,19:10,ENE
2017,7,10,25.7,33.8,17:30,18.4,6:00,0.0,7.3,0.0,1.9,24.1,17:50,S
2017,7,11,27.4,36.3,17:30,19.4,6:50,0.0,9.1,0.0,2.7,33.8,20:40,S
2017,7,12,27.3,35.8,16:30,18.3,7:00,0.0,9.0,0.0,3.4,25.7,15:00,S
2017,7,13,27.3,35.1,15:50,19.1,7:00,0.0,9.0,0.0,3.2,27.4,21:10,E
2017,7,14,25.8,30.7,14:50,19.2,23:00,0.0,7.5,12.0,4.3,41.8,20:40,SSE
2017,7,15,23.3,29.3,16:30,18.1,6:40,0.0,5.0,0.2,2.6,17.7,22:20,SW
2017,7,16,19.2,22.9,0:10,14.4,00:00,0.9,1.8,14.2,5.5,33.8,17:30,NNW
2017,7,17,16.5,19.4,21:00,13.5,1:40,2.0,0.2,4.2,7.1,35.4,7:00,NE
2017,7,18,21.4,25.3,15:40,17.9,3:30,0.1,3.1,0.0,4.3,22.5,3:30,NE
2017,7,19,21.8,28.1,16:50,14.3,6:50,0.8,4.3,0.0,2.1,17.7,2:40,E
2017,7,20,22.2,29.7,16:10,15.8,7:00,0.4,4.3,0.0,2.4,24.1,19:00,SSE
2017,7,21,23.1,30.7,17:20,15.6,6:50,0.4,5.2,0.0,1.8,12.9,8:10,ENE
2017,7,22,24.7,32.3,17:00,16.8,6:40,0.2,6.6,0.0,1.4,9.7,2:00,ENE
2017,7,23,26.6,35.5,17:10,18.2,6:50,0.0,8.2,0.0,2.9,16.1,14:50,SSW
2017,7,24,26.6,34.6,16:20,19.2,7:30,0.0,8.2,0.0,2.9,20.9,19:10,S
2017,7,25,25.7,31.0,17:40,19.5,7:20,0.0,7.3,0.0,5.6,43.5,12:00,SSW
2017,7,26,22.5,29.4,17:00,16.2,7:20,0.2,4.4,0.0,3.7,25.7,18:40,S
2017,7,27,21.6,27.8,14:40,17.0,6:10,0.1,3.4,1.4,5.5,35.4,14:10,W
2017,7,28,22.4,28.4,17:20,16.6,5:10,0.3,4.3,0.0,4.8,32.2,14:40,NNW
2017,7,29,23.7,31.1,17:50,15.5,6:50,0.4,5.7,0.0,1.8,12.9,23:40,E
2017,7,30,25.1,32.1,16:40,16.6,7:10,0.2,6.9,0.0,1.6,12.9,22:10,SW
2017,7,31,25.9,32.5,17:00,19.2,7:10,0.0,7.6,0.0,2.6,14.5,14:20,SSW
2017,8,1,25.4,31.9,16:20,17.8,7:20,0.0,7.1,0.0,2.4,16.1,22:00,S
2017,8,2,24.9,32.6,18:00,16.5,6:30,0.2,6.8,0.0,2.7,17.7,18:20,S
2017,8,3,25.2,33.5,18:50,16.2,7:10,0.2,7.0,0.0,1.9,14.5,22:20,S
2017,8,4,25.9,34.2,17:00,17.3,7:10,0.1,7.6,0.0,1.9,12.9,21:20,SSW
2017,8,5,26.2,34.7,16:00,17.4,7:20,0.1,7.9,0.0,2.7,16.1,16:40,NE
2017,8,6,27.3,35.3,16:10,19.3,6:40,0.0,8.9,0.0,2.1,19.3,20:20,E
2017,8,7,27.2,35.3,15:20,20.6,7:00,0.0,8.9,5.4,2.4,20.9,15:40,WSW
2017,8,8,25.9,32.1,15:10,19.7,7:00,0.0,7.6,0.0,1.9,17.7,14:50,S
2017,8,9,26.9,33.0,16:20,20.7,7:20,0.0,8.6,0.0,1.6,12.9,16:50,S
2017,8,10,27.1,33.7,17:40,19.8,7:10,0.0,8.8,0.0,1.8,12.9,15:50,SW
2017,8,11,27.8,36.5,18:00,20.3,7:30,0.0,9.5,0.0,2.9,25.7,19:20,S
2017,8,12,26.3,35.4,16:30,18.9,7:00,0.0,8.0,0.0,4.8,32.2,20:30,S
2017,8,13,21.5,26.5,13:00,17.4,6:40,0.1,3.2,0.0,6.9,35.4,17:10,NE
2017,8,14,22.3,27.9,17:20,17.5,2:30,0.1,4.1,0.0,7.1,30.6,6:00,NNW
2017,8,15,23.3,29.7,16:50,15.9,7:20,0.3,5.2,0.0,2.7,16.1,19:50,SW
2017,8,16,25.2,30.4,16:00,18.4,7:20,0.0,6.9,0.0,3.5,30.6,22:00,NE
2017,8,17,26.1,30.2,18:10,19.4,7:30,0.0,7.7,0.0,5.3,29.0,23:10,NE
2017,8,18,25.0,30.2,16:00,17.9,7:40,0.0,6.7,0.0,2.7,20.9,0:30,E
2017,8,19,24.2,31.6,17:30,16.4,7:00,0.2,6.1,0.0,1.9,12.9,5:10,SW
2017,8,20,24.5,31.7,15:10,17.2,7:20,0.1,6.3,0.0,1.8,14.5,21:50,NE
2017,8,21,20.9,24.8,15:10,18.6,9:20,0.0,2.6,1.8,5.1,37.0,22:40,NNW
2017,8,22,20.1,24.4,16:20,16.9,7:30,0.3,2.1,0.0,7.2,32.2,4:40,NNW
2017,8,23,19.6,27.7,17:20,11.8,6:50,1.9,3.2,0.0,2.3,14.5,20:20,SSW
2017,8,24,21.2,28.1,17:10,13.7,7:20,0.9,3.7,0.0,2.6,22.5,19:10,SSW
2017,8,25,20.9,29.6,16:50,11.7,7:30,1.6,4.2,0.0,2.4,12.9,0:40,E
2017,8,26,21.5,30.3,16:10,12.4,7:10,1.3,4.4,0.0,2.1,12.9,16:40,S
2017,8,27,22.4,31.7,17:30,13.7,7:40,0.9,5.0,0.0,1.3,14.5,5:00,SSW
2017,8,28,23.3,31.5,15:00,14.7,7:30,0.6,5.6,0.0,2.6,19.3,13:00,NE
2017,8,29,20.3,26.6,14:50,15.9,00:00,0.3,2.3,13.0,2.3,33.8,17:20,W
2017,8,30,19.8,25.2,17:00,15.9,0:10,0.6,2.2,0.0,1.9,17.7,21:10,SSW
2017,8,31,20.2,28.2,16:40,12.8,7:10,1.6,3.4,0.0,1.8,12.9,2:10,SSW
2017,9,1,22.2,31.4,17:30,14.2,7:00,0.9,4.8,0.0,2.3,14.5,18:30,S
2017,9,2,23.7,32.4,16:30,15.9,7:10,0.4,5.7,0.0,2.6,19.3,16:10,S
2017,9,3,20.8,27.4,16:30,15.7,10:40,0.3,2.8,7.8,4.5,37.0,15:00,SW
2017,9,4,18.6,24.8,16:30,12.2,7:20,1.6,1.8,0.0,4.3,24.1,11:20,WSW
2017,9,5,17.2,23.9,16:30,11.3,7:40,2.3,1.2,0.0,4.0,38.6,20:40,SW
2017,9,6,17.9,26.3,16:50,9.6,7:30,2.8,2.3,0.0,4.2,33.8,16:50,SSW
2017,9,7,19.2,27.3,17:40,10.9,7:30,2.0,2.9,0.0,2.4,14.5,17:30,SSW
2017,9,8,19.7,26.3,13:50,12.8,7:30,1.3,2.7,0.0,1.8,19.3,19:40,S
2017,9,9,18.1,22.2,10:50,15.1,00:00,0.6,0.4,4.0,1.6,20.9,5:00,SW
2017,9,10,18.7,27.1,17:30,12.8,7:40,2.1,2.4,0.0,1.6,11.3,3:00,NE
2017,9,11,20.5,29.8,16:30,13.4,7:30,1.3,3.5,7.8,3.7,38.6,20:20,S
2017,9,12,21.1,26.6,15:20,16.4,7:40,0.2,2.9,0.0,4.7,27.4,11:40,W
2017,9,13,20.0,26.4,15:00,13.2,7:30,1.1,2.7,0.0,5.3,41.8,14:10,SSW
2017,9,14,19.5,27.6,16:50,12.5,7:10,1.7,2.8,0.0,1.9,16.1,21:00,SW
2017,9,15,19.7,29.8,17:10,11.6,7:50,1.7,3.1,0.0,1.8,11.3,10:00,NE
2017,9,16,20.7,29.9,17:40,12.7,7:40,1.4,3.7,0.0,1.6,11.3,2:00,SSW
2017,9,17,22.3,32.8,17:30,14.1,6:40,0.8,4.8,0.0,1.9,22.5,17:40,ENE
2017,9,18,21.8,31.3,15:50,13.5,6:50,0.9,4.4,0.0,2.7,20.9,18:30,SSW
2017,9,19,20.3,28.0,16:30,12.8,7:30,1.2,3.2,0.0,2.9,20.9,18:30,SW
2017,9,20,18.2,24.2,13:10,13.8,7:00,1.2,1.1,0.0,4.5,46.7,13:50,SSW
2017,9,21,14.6,19.9,14:50,11.0,6:30,3.8,0.1,0.0,5.3,38.6,17:50,W
2017,9,22,14.7,20.2,14:50,9.6,7:40,3.8,0.2,0.0,5.3,37.0,21:00,W
2017,9,23,14.9,22.9,16:30,7.0,8:00,4.3,0.9,0.0,2.6,19.3,17:10,SSW
2017,9,24,16.2,23.7,15:40,8.7,7:20,3.4,1.3,0.2,2.7,20.9,15:40,S
2017,9,25,15.1,16.7,15:20,13.7,8:50,3.3,0.0,0.0,0.3,9.7,2:20,SW
2017,9,26,15.1,21.5,16:10,10.8,8:20,3.6,0.3,0.8,1.1,27.4,17:30,NE
2017,9,27,15.7,22.0,15:20,10.1,7:40,3.1,0.5,0.0,1.0,19.3,21:20,SW
2017,9,28,14.8,16.7,14:40,13.7,23:20,3.6,0.0,6.6,0.0,9.7,0:50,SSW
2017,9,29,14.6,16.3,15:00,12.9,00:00,3.7,0.0,0.0,5.6,19.3,6:00,E
2017,9,30,13.6,16.3,15:20,10.3,00:00,4.8,0.0,0.0,0.6,12.9,12:00,SW
2017,10,1,12.6,19.6,17:00,5.8,8:00,5.8,0.1,0.0,1.0,9.7,21:00,NE
2017,10,2,15.1,20.5,16:50,10.7,5:40,3.5,0.2,0.0,1.4,16.1,5:30,NE
2017,10,3,13.8,17.7,16:10,10.9,00:00,4.5,0.0,0.0,0.2,12.9,2:20,SW
2017,10,4,13.8,22.5,16:20,7.0,7:10,5.1,0.6,0.0,0.0,1.6,5:20,S
2017,10,5,15.8,25.4,15:30,8.4,6:30,4.0,1.4,0.0,2.7,22.5,15:40,SW
2017,10,6,16.9,24.8,16:20,10.2,7:40,2.8,1.4,0.0,2.3,20.9,17:00,WSW
2017,10,7,13.4,17.5,15:30,8.6,20:40,4.9,0.0,5.2,4.3,37.0,17:30,NNW
2017,10,8,11.7,17.0,16:20,7.2,5:20,6.6,0.0,0.0,5.6,33.8,0:10,W
2017,10,9,12.0,19.4,16:10,5.4,8:10,6.4,0.1,0.0,1.6,12.9,1:20,SSW
2017,10,10,12.1,19.4,16:00,5.6,7:40,6.3,0.1,0.0,1.8,11.3,0:50,SSW
2017,10,11,13.5,20.8,15:50,8.3,5:00,5.1,0.3,0.0,1.4,17.7,15:10,SSW
2017,10,12,13.5,21.5,15:30,6.8,7:10,5.3,0.4,0.0,1.0,12.9,19:10,SSW
2017,10,13,14.7,22.5,15:20,8.0,7:10,4.3,0.7,0.0,3.4,22.5,15:20,SSW
2017,10,14,15.3,22.2,15:40,8.9,7:40,3.7,0.7,0.0,4.3,29.0,20:50,NE
2017,10,15,14.8,23.0,16:40,8.2,7:50,4.2,0.6,0.0,1.9,12.9,8:10,SSE
2017,10,16,15.4,25.3,17:00,8.3,7:00,4.0,1.1,0.0,1.0,16.1,3:50,NNE
2017,10,17,15.1,24.2,16:30,8.4,8:40,4.2,0.9,0.0,0.6,6.4,2:30,SSW
2017,10,18,14.5,22.9,16:10,7.6,7:10,4.6,0.7,0.0,0.5,8.0,1:00,SSW
2017,10,19,14.7,24.1,16:40,8.1,8:00,4.4,0.7,0.0,0.0,0.0,---,---
2017,10,20,14.9,23.8,16:20,7.9,7:40,4.3,0.8,0.0,0.2,14.5,19:50,SSW
2017,10,21,15.3,23.9,15:40,8.7,7:50,3.9,0.9,0.0,0.5,16.1,20:00,W
2017,10,22,15.2,24.0,15:20,7.7,8:30,4.1,0.9,0.0,2.1,29.0,15:40,W
2017,10,23,12.4,15.4,13:40,8.9,00:00,5.9,0.0,14.0,2.3,24.1,16:50,S
2017,10,24,9.3,11.9,14:40,8.1,23:00,9.0,0.0,0.2,4.2,37.0,19:30,NNW
2017,10,25,11.1,15.1,13:50,7.9,0:40,7.2,0.0,0.0,8.2,32.2,1:30,NE
2017,10,26,12.2,18.3,16:10,7.2,8:30,6.1,0.0,0.0,2.4,27.4,2:50,NE
2017,10,27,11.9,20.9,16:40,5.2,8:00,6.6,0.2,0.0,1.3,11.3,4:20,SSW
2017,10,28,10.3,13.7,5:40,6.9,23:00,8.0,0.0,0.6,8.5,48.3,8:40,NNW
2017,10,29,9.4,17.1,14:50,2.1,7:30,8.9,0.0,0.0,5.0,40.2,16:40,S
2017,10,30,10.6,14.8,15:10,7.1,22:50,7.7,0.0,0.4,2.1,24.1,4:10,SSW
2017,10,31,8.1,12.7,15:20,3.4,00:00,10.2,0.0,0.0,2.3,14.5,7:30,SSW
2017,11,1,5.2,11.7,15:30,0.3,7:00,13.2,0.0,0.0,1.9,9.7,0:30,S
2017,11,2,5.9,15.3,15:50,-0.6,5:30,12.4,0.0,0.0,1.6,8.0,0:20,SSW
2017,11,3,9.2,16.4,14:20,3.1,6:20,9.1,0.0,0.0,2.6,17.7,12:50,SSW
2017,11,4,9.6,13.7,15:10,6.4,00:00,8.8,0.0,0.2,4.0,24.1,2:50,NE
2017,11,5,7.7,13.9,14:00,3.6,3:40,10.6,0.0,0.0,1.8,11.3,7:30,SSW
2017,11,6,8.6,12.6,14:30,5.1,0:10,9.8,0.0,0.0,1.8,11.3,1:10,W
2017,11,7,10.3,10.8,13:10,9.6,0:30,8.1,0.0,5.0,0.6,17.7,0:20,S
2017,11,8,10.8,13.6,14:10,8.4,00:00,7.6,0.0,5.4,2.4,30.6,9:30,S
2017,11,9,9.4,15.6,16:10,6.4,00:00,8.9,0.0,0.0,0.5,9.7,21:40,SSW
2017,11,10,9.7,17.1,15:20,3.9,7:40,8.6,0.0,0.0,0.6,14.5,20:30,SSW
2017,11,11,9.1,10.6,15:50,7.7,4:00,9.2,0.0,27.4,0.3,11.3,7:20,S
2017,11,12,11.2,14.3,15:20,9.6,23:00,7.2,0.0,0.0,0.3,9.7,6:00,NW
2017,11,13,11.2,14.4,13:50,8.1,6:30,7.1,0.0,0.4,0.2,11.3,0:40,SSW
2017,11,14,11.6,13.1,14:00,9.9,7:40,6.8,0.0,2.4,0.0,0.0,---,---
2017,11,15,11.8,12.8,16:30,11.0,00:00,6.6,0.0,25.2,0.0,0.0,---,---
2017,11,16,10.9,12.8,15:00,8.8,23:30,7.4,0.0,48.4,4.2,38.6,6:50,NE
2017,11,17,10.0,11.3,14:50,8.3,3:20,8.3,0.0,8.8,5.1,29.0,7:20,ENE
2017,11,18,10.3,12.9,12:50,8.7,3:10,8.1,0.0,0.0,0.0,0.0,---,---
2017,11,19,10.3,13.9,13:30,8.4,8:50,8.0,0.0,0.0,0.5,25.7,00:00,SSW
2017,11,20,5.6,9.7,1:00,1.3,23:50,12.7,0.0,3.0,4.7,40.2,14:10,W
2017,11,21,4.2,10.9,15:00,-0.9,6:00,14.1,0.0,0.0,3.2,22.5,14:10,SW
2017,11,22,6.5,14.0,15:20,0.7,7:30,11.8,0.0,0.0,2.3,14.5,17:50,WSW
2017,11,23,7.2,15.1,15:00,1.7,8:00,11.1,0.0,0.0,1.1,8.0,18:30,SSW
2017,11,24,6.6,13.7,15:20,2.1,8:00,11.7,0.0,0.0,1.4,14.5,20:40,SSE
2017,11,25,5.8,11.9,14:30,1.4,7:20,12.5,0.0,0.0,1.1,11.3,22:00,SSW
2017,11,26,7.5,12.4,16:40,1.7,4:10,10.8,0.0,0.6,1.3,24.1,22:20,SSE
2017,11,27,6.8,9.7,0:10,3.1,00:00,11.6,0.0,5.8,4.3,35.4,16:50,NNW
2017,11,28,3.7,8.0,14:30,0.1,23:40,14.7,0.0,0.0,4.7,30.6,10:10,W
2017,11,29,3.6,9.3,15:40,-2.0,6:50,14.8,0.0,0.0,1.8,14.5,00:00,SSW
2017,11,30,10.7,14.8,16:40,6.8,0:10,7.7,0.0,0.0,4.0,29.0,1:10,S
2017,12,1,12.2,13.9,5:30,11.0,10:30,6.1,0.0,62.8,2.4,20.9,7:10,S
2017,12,2,11.2,12.6,12:40,10.4,8:50,7.1,0.0,5.6,3.7,27.4,3:40,SSE
2017,12,3,10.7,13.7,13:00,7.6,23:40,7.7,0.0,0.0,4.8,32.2,8:20,S
2017,12,4,7.3,11.9,14:10,4.4,4:40,11.1,0.0,0.0,3.9,24.1,14:00,W
2017,12,5,4.1,7.8,12:20,0.9,00:00,14.2,0.0,0.0,5.8,29.0,7:40,NNW
2017,12,6,3.3,7.8,15:10,-1.4,5:00,15.1,0.0,0.0,3.5,22.5,1:00,W
2017,12,7,4.2,11.8,15:00,-0.4,7:20,14.2,0.0,0.0,1.4,12.9,20:20,NW
2017,12,8,4.7,13.7,16:00,-0.7,7:00,13.6,0.0,0.0,2.1,14.5,15:50,SW
2017,12,9,5.3,11.8,14:40,-0.5,6:30,13.1,0.0,7.4,5.0,37.0,14:00,S
2017,12,10,4.5,7.3,13:20,0.4,00:00,13.8,0.0,0.4,5.6,41.8,11:40,W
2017,12,11,2.7,8.6,15:50,-1.9,8:20,15.7,0.0,0.0,1.6,9.7,0:30,SSW
2017,12,12,4.8,9.4,15:20,1.0,4:20,13.5,0.0,0.0,0.8,11.3,21:50,E
2017,12,13,5.1,8.8,15:50,2.4,7:40,13.3,0.0,0.0,0.2,8.0,22:10,SSW
2017,12,14,8.6,13.3,14:00,4.5,00:00,9.8,0.0,0.6,4.8,35.4,14:10,W
2017,12,15,6.9,13.7,15:40,1.9,7:50,11.4,0.0,0.0,2.9,27.4,15:30,WSW
2017,12,16,12.1,16.7,11:20,7.1,00:00,6.2,0.0,0.0,6.9,41.8,7:00,S
2017,12,17,6.7,10.2,15:00,2.9,00:00,11.6,0.0,3.6,2.7,25.7,16:40,W
2017,12,18,2.9,4.7,16:00,1.1,23:00,15.4,0.0,0.4,1.8,16.1,23:00,SSW
2017,12,19,0.9,2.4,15:50,-2.1,00:00,17.4,0.0,0.0,4.5,27.4,8:20,NNW
2017,12,20,-1.3,2.0,13:30,-4.3,7:10,19.7,0.0,0.0,1.8,11.3,21:40,SSW
2017,12,21,0.1,1.6,14:50,-0.8,0:10,18.3,0.0,0.0,1.6,9.7,13:40,SSW
2017,12,22,0.9,3.9,13:40,-0.6,3:40,17.4,0.0,0.0,4.7,32.2,19:30,WSW
2017,12,23,2.9,6.2,13:10,-0.2,00:00,15.4,0.0,0.0,7.6,37.0,10:40,NE
2017,12,24,5.1,12.8,14:30,-0.8,2:00,13.2,0.0,0.0,4.0,25.7,14:10,W
2017,12,25,4.3,10.4,15:40,0.3,7:50,14.1,0.0,0.0,0.5,19.3,2:10,S
2017,12,26,3.6,10.2,15:40,-0.9,8:30,14.7,0.0,0.0,0.5,11.3,4:00,SW
2017,12,27,5.4,10.3,15:00,1.6,6:30,12.9,0.0,0.0,1.8,22.5,21:50,S
2017,12,28,6.7,8.3,14:10,5.1,00:00,11.7,0.0,2.2,4.3,25.7,11:40,S
2017,12,29,4.3,7.2,12:10,1.7,23:40,14.1,0.0,0.2,1.1,17.7,0:30,W
2017,12,30,3.2,8.5,14:40,0.0,5:20,15.1,0.0,0.0,3.2,35.4,14:30,W
2017,12,31,2.1,8.0,15:40,-2.3,7:00,16.3,0.0,0.0,0.6,11.3,0:40,S
2018,1,1,4.3,10.6,15:10,-0.7,7:50,14.0,0.0,0.0,0.8,11.3,22:30,WNW
2018,1,2,6.8,11.7,12:50,2.9,7:40,11.5,0.0,1.8,2.4,33.8,4:00,SW
2018,1,3,6.2,9.2,14:00,3.9,23:30,12.1,0.0,0.0,5.8,38.6,6:20,W
2018,1,4,4.1,8.2,13:50,0.7,00:00,14.2,0.0,6.0,4.0,30.6,11:50,W
2018,1,5,3.3,9.1,15:40,-0.8,5:50,15.0,0.0,0.0,1.9,12.9,0:10,W
2018,1,6,4.0,9.8,15:40,-0.3,8:30,14.3,0.0,0.0,0.8,11.3,21:30,E
2018,1,7,3.6,8.4,14:50,0.1,7:10,14.8,0.0,0.0,0.8,14.5,12:00,SSW
2018,1,8,4.1,7.6,16:00,1.3,8:30,14.2,0.0,0.0,0.3,6.4,5:50,ESE
2018,1,9,3.6,6.7,16:10,1.2,8:20,14.7,0.0,0.0,1.0,14.5,22:40,SSW
2018,1,10,5.7,7.1,16:30,4.4,1:00,12.6,0.0,0.0,0.3,9.7,0:40,SSW
2018,1,11,6.9,9.8,14:20,5.6,8:10,11.4,0.0,0.0,0.3,9.7,15:10,SW
2018,1,12,6.6,7.3,14:20,6.2,4:50,11.7,0.0,2.6,3.4,25.7,23:40,ENE
2018,1,13,5.9,6.8,0:20,4.5,21:20,12.4,0.0,0.0,10.9,43.5,4:50,ENE
2018,1,14,3.8,4.8,1:10,3.1,9:10,14.6,0.0,0.2,2.9,16.1,0:50,SSE
2018,1,15,3.7,4.6,20:30,2.4,5:20,14.7,0.0,1.2,1.4,16.1,0:40,SSE
2018,1,16,5.2,8.4,18:10,3.6,7:40,13.1,0.0,0.0,1.8,27.4,18:00,S
2018,1,17,8.2,13.8,13:20,4.4,6:30,10.2,0.0,1.2,5.6,40.2,18:10,SW
2018,1,18,3.9,6.3,14:50,1.8,3:10,14.4,0.0,1.8,10.5,48.3,11:30,NW
2018,1,19,5.8,11.9,13:50,1.0,8:30,12.5,0.0,0.0,4.3,24.1,13:50,SW
2018,1,20,6.2,13.3,15:10,0.7,4:00,12.2,0.0,0.0,3.5,32.2,14:10,SSW
2018,1,21,4.9,7.3,0:10,2.5,7:00,13.4,0.0,1.0,0.8,12.9,2:00,WSW
2018,1,22,3.1,5.3,0:10,0.5,22:30,15.2,0.0,0.4,10.3,43.5,11:40,NNW
2018,1,23,1.6,5.6,15:50,-3.1,7:40,16.8,0.0,0.0,4.0,32.2,18:50,NE
2018,1,24,1.8,4.8,13:50,-1.7,00:00,16.5,0.0,0.0,6.4,32.2,7:50,NE
2018,1,25,-0.8,4.7,16:00,-5.8,8:00,19.2,0.0,0.0,1.9,11.3,0:30,SSW
2018,1,26,0.6,6.7,16:20,-3.9,7:50,17.7,0.0,0.0,1.6,8.0,1:50,SSW
2018,1,27,1.4,8.3,15:50,-3.5,8:00,16.9,0.0,0.0,1.4,8.0,9:40,SSW
2018,1,28,2.5,10.6,16:10,-2.7,7:30,15.8,0.0,0.0,0.3,6.4,3:20,SSW
2018,1,29,4.9,15.1,16:10,-1.3,8:20,13.4,0.0,0.0,1.0,16.1,17:00,W
2018,1,30,6.9,17.2,15:30,0.1,7:30,11.4,0.0,0.0,2.6,29.0,18:50,W
2018,1,31,5.7,12.7,15:20,0.8,8:20,12.7,0.0,0.0,1.4,11.3,22:20,SSE
2018,2,1,5.3,13.4,14:50,-0.6,7:40,13.1,0.0,0.0,2.4,20.9,16:30,SSW
2018,2,2,9.1,13.9,13:10,5.3,4:00,9.2,0.0,0.0,4.0,37.0,13:10,S
2018,2,3,10.5,14.8,12:40,8.3,23:20,7.8,0.0,16.6,6.3,37.0,13:10,S
2018,2,4,7.2,10.2,16:10,3.1,00:00,11.1,0.0,21.4,3.7,37.0,14:40,W
2018,2,5,4.0,10.3,15:30,-0.7,7:30,14.3,0.0,0.0,1.3,8.0,3:00,SSW
2018,2,6,5.4,8.3,16:40,2.0,0:30,12.9,0.0,0.0,1.9,14.5,2:50,SSW
2018,2,7,6.5,6.9,16:00,6.0,11:10,11.8,0.0,9.0,1.4,16.1,1:50,S
2018,2,8,7.2,12.2,15:50,3.5,7:40,11.2,0.0,0.0,2.9,29.0,15:40,W
2018,2,9,6.8,12.4,15:20,2.4,6:40,11.5,0.0,0.0,1.8,14.5,0:10,W
2018,2,10,5.1,6.3,0:10,3.1,22:10,13.2,0.0,8.0,4.7,29.0,16:50,E
2018,2,11,5.2,7.2,11:20,3.3,2:10,13.2,0.0,0.0,3.5,20.9,18:50,SW
2018,2,12,4.9,8.7,12:50,1.6,00:00,13.4,0.0,0.0,3.2,20.9,12:50,W
2018,2,13,3.1,6.7,14:00,-0.6,5:00,15.3,0.0,16.8,2.1,24.1,22:00,SW
2018,2,14,4.8,8.3,14:30,1.8,22:30,13.5,0.0,0.6,3.9,37.0,14:30,W
2018,2,15,3.2,4.9,16:30,1.1,5:10,15.1,0.0,0.0,6.3,33.8,19:30,N
2018,2,16,4.6,9.7,16:00,1.3,7:50,13.7,0.0,0.0,2.1,25.7,0:20,SW
2018,2,17,5.3,12.9,15:50,-0.5,7:20,13.0,0.0,0.0,0.2,11.3,22:00,SSW
2018,2,18,5.1,7.8,15:40,2.9,2:40,13.2,0.0,0.0,0.5,12.9,4:00,SW
2018,2,19,6.3,9.0,12:20,4.8,4:00,12.1,0.0,2.6,1.1,14.5,15:40,NE
2018,2,20,5.1,5.9,13:30,4.3,23:00,13.3,0.0,5.8,1.0,17.7,15:10,E
2018,2,21,4.7,6.0,17:00,3.3,00:00,13.6,0.0,6.6,0.2,12.9,23:40,SSE
2018,2,22,5.2,8.2,16:00,2.1,1:30,13.1,0.0,3.4,0.0,8.0,0:10,W
2018,2,23,7.2,9.2,16:20,6.1,8:00,11.2,0.0,0.2,0.5,16.1,15:40,SSE
2018,2,24,6.7,8.7,15:40,5.3,9:40,11.6,0.0,2.4,3.5,22.5,6:00,E
2018,2,25,3.9,6.5,0:10,0.7,00:00,14.4,0.0,11.6,4.8,24.1,13:10,NE
2018,2,26,0.7,2.8,16:10,-0.1,7:20,17.6,0.0,8.8,3.9,20.9,11:30,ENE
2018,2,27,2.1,6.7,15:40,-0.9,7:30,16.2,0.0,3.4,2.9,29.0,17:10,S
2018,2,28,1.0,3.7,11:50,-0.9,6:30,17.3,0.0,0.0,6.1,32.2,21:40,W
2018,3,1,-0.6,1.8,16:30,-4.1,4:40,18.9,0.0,0.0,2.1,19.3,0:20,SSW
2018,3,2,3.6,6.7,16:20,-0.2,6:10,14.8,0.0,5.6,1.4,17.7,21:00,NE
2018,3,3,9.1,15.6,15:40,3.3,6:20,9.2,0.0,0.0,3.7,33.8,8:00,SW
2018,3,4,10.9,16.8,14:40,6.4,6:40,7.4,0.0,5.4,4.2,33.8,11:50,W
2018,3,5,8.1,9.8,13:10,6.6,7:40,10.3,0.0,12.0,1.3,16.1,17:20,SW
2018,3,6,10.1,15.4,13:30,7.5,0:50,8.2,0.0,0.8,2.1,24.1,17:20,S
2018,3,7,9.9,16.3,15:20,4.2,7:30,8.4,0.0,0.0,2.6,24.1,15:20,SW
2018,3,8,8.1,12.1,13:30,5.4,7:30,10.2,0.0,6.4,5.5,45.1,13:50,W
2018,3,9,8.3,15.3,14:40,2.4,7:20,10.1,0.0,0.0,3.4,30.6,14:10,WSW
2018,3,10,9.3,18.9,16:50,1.7,7:00,9.1,0.0,0.0,1.3,19.3,18:50,SSW
2018,3,11,12.0,20.8,15:00,4.4,7:20,6.7,0.3,0.0,2.3,27.4,15:30,W
2018,3,12,12.7,21.3,14:30,6.5,7:20,5.8,0.2,3.4,2.6,25.7,17:10,SSW
2018,3,13,9.9,13.5,11:00,6.6,4:00,8.4,0.0,0.2,4.7,38.6,15:50,W
2018,3,14,8.8,14.1,15:30,4.9,7:20,9.5,0.0,0.0,4.0,30.6,13:10,W
2018,3,15,8.9,15.2,14:50,3.1,7:00,9.4,0.0,0.0,1.3,27.4,11:10,W
2018,3,16,10.8,16.7,16:30,6.2,1:40,7.6,0.0,0.0,0.8,20.9,19:00,NW
2018,3,17,15.4,24.1,13:50,9.4,5:00,3.8,0.9,0.0,3.5,66.0,13:20,SSE
2018,3,18,13.6,16.8,16:20,9.9,9:40,4.7,0.0,11.2,1.3,35.4,14:30,W
2018,3,19,9.1,11.7,0:50,5.6,22:50,9.2,0.0,12.8,0.8,24.1,1:00,SSE
2018,3,20,8.8,14.2,15:50,3.2,6:30,9.6,0.0,0.0,3.5,49.9,11:30,W
2018,3,21,7.9,9.3,14:20,6.3,00:00,10.4,0.0,7.2,0.6,16.1,17:40,SSE
2018,3,22,6.2,7.2,7:40,3.4,22:10,12.2,0.0,17.4,7.9,35.4,17:10,ENE
2018,3,23,6.7,10.6,14:30,3.9,0:10,11.7,0.0,1.0,3.5,27.4,14:50,SSE
2018,3,24,6.1,10.4,13:20,3.9,1:50,12.2,0.0,4.6,1.8,22.5,16:40,SW
2018,3,25,5.9,8.9,13:20,4.5,0:10,11.8,0.0,11.2,2.3,22.5,12:10,SSE
2018,3,26,7.7,10.8,18:00,5.1,0:10,10.6,0.0,2.8,0.8,20.9,13:30,S
2018,3,27,8.8,13.9,15:20,4.8,4:00,9.6,0.0,0.0,2.4,29.0,15:00,W
2018,3,28,7.7,13.6,15:00,1.9,7:10,10.7,0.0,0.0,0.6,19.3,13:40,SSW
2018,3,29,9.2,17.8,17:00,1.1,7:10,9.2,0.0,0.0,0.5,27.4,15:30,W
2018,3,30,11.7,20.1,17:20,3.7,7:50,6.8,0.2,0.0,0.0,16.1,23:10,SSE
2018,3,31,14.8,23.3,15:30,9.2,7:50,4.2,0.7,0.0,2.3,46.7,17:40,SSE
2018,4,1,10.8,15.1,3:10,7.4,00:00,7.6,0.0,2.0,5.6,48.3,16:00,SSE
2018,4,2,9.9,15.7,16:00,3.9,7:40,8.4,0.0,0.0,5.5,33.8,16:40,W
2018,4,3,11.6,19.2,17:10,3.6,7:50,6.8,0.1,0.0,0.6,12.9,1:20,S
2018,4,4,13.9,23.3,17:00,6.3,7:20,5.2,0.8,0.0,0.3,11.3,9:00,SSW
2018,4,5,16.2,23.3,17:40,10.6,7:10,3.1,0.9,0.0,0.5,20.9,20:40,SSE
2018,4,6,12.4,16.0,0:10,10.8,4:40,5.9,0.0,1.0,4.0,37.0,22:50,N
2018,4,7,13.3,18.8,16:40,9.1,6:30,5.0,0.0,0.0,3.5,32.2,9:30,N
2018,4,8,14.1,22.4,16:40,6.8,7:40,5.0,0.8,0.0,0.8,19.3,18:00,W
2018,4,9,14.0,21.8,16:00,6.4,7:00,4.9,0.6,0.0,0.2,19.3,13:50,SSE
2018,4,10,14.2,22.1,17:00,6.7,7:40,4.7,0.7,0.0,0.0,0.0,---,---
2018,4,11,13.9,20.8,16:50,8.7,7:30,4.7,0.3,0.0,0.0,0.0,---,---
2018,4,12,15.3,24.2,16:20,7.2,7:30,4.3,1.3,0.0,0.6,24.1,17:20,SSE
2018,4,13,16.8,25.3,16:20,9.2,7:20,3.1,1.6,0.0,0.0,12.9,19:10,SW
2018,4,14,17.3,26.3,16:10,9.3,7:00,2.9,1.8,0.0,0.3,17.7,18:20,ENE
2018,4,15,17.3,23.1,15:20,13.2,5:30,2.0,0.9,0.0,0.6,25.7,16:50,SSE
2018,4,16,14.7,17.3,17:50,11.9,00:00,3.6,0.0,0.0,0.0,0.0,---,---
2018,4,17,15.2,22.0,16:00,8.4,7:20,3.7,0.6,0.0,0.2,22.5,14:10,NE
2018,4,18,16.6,21.4,16:20,13.0,7:50,2.3,0.6,0.6,0.0,0.0,---,---
2018,4,19,15.3,21.7,15:10,11.3,3:00,3.4,0.4,0.0,0.0,0.0,---,---
2018,4,20,16.5,22.1,15:10,10.9,2:50,2.8,0.9,0.0,4.8,35.4,12:20,NE
2018,4,21,15.1,21.1,16:30,9.5,6:40,3.8,0.5,0.0,0.0,20.9,0:30,SSE
2018,4,22,15.5,25.0,16:50,6.7,7:20,4.3,1.4,0.0,0.0,1.6,0:30,S
2018,4,23,18.0,27.1,16:20,9.2,7:00,2.8,2.5,0.0,0.0,1.6,3:00,SSW
2018,4,24,18.6,28.1,15:30,10.3,7:00,2.4,2.7,0.0,0.5,32.2,16:30,SSE
2018,4,25,17.7,26.1,16:50,9.3,6:50,2.7,2.1,0.0,0.0,14.5,2:50,SSW
2018,4,26,17.8,26.3,14:30,9.8,6:30,2.6,2.0,0.0,0.0,19.3,14:50,SW
2018,4,27,18.7,27.4,16:20,10.3,7:00,2.3,2.7,0.0,0.0,0.0,---,---
2018,4,28,17.9,26.3,14:30,10.9,7:20,2.2,1.7,0.2,0.2,25.7,17:40,E
2018,4,29,17.4,23.9,17:10,10.6,6:30,2.4,1.4,0.0,0.0,1.6,4:30,SSW
2018,4,30,16.3,20.7,17:50,12.2,7:00,2.4,0.3,1.2,0.0,0.0,---,---
2018,5,1,17.8,26.5,15:30,10.7,6:50,2.4,1.8,0.0,0.0,14.5,19:40,SSW
2018,5,2,18.3,26.0,14:20,11.3,5:40,2.3,2.2,0.0,0.0,20.9,17:10,SSE
2018,5,3,17.7,21.9,16:40,14.1,6:20,1.3,0.6,0.0,0.6,20.9,21:10,S
2018,5,4,18.1,24.2,15:50,13.0,6:50,1.6,1.4,0.0,0.3,22.5,18:50,NE
2018,5,5,15.6,20.1,12:50,13.2,23:00,2.8,0.1,9.0,0.0,0.0,---,---
2018,5,6,15.6,23.5,16:20,12.4,5:30,3.4,0.7,3.2,1.3,51.5,17:30,SW
2018,5,7,17.6,23.1,17:10,13.7,6:20,1.9,1.2,0.8,2.4,32.2,19:40,NE
2018,5,8,15.9,19.6,14:50,13.0,6:30,2.5,0.1,5.8,0.5,14.5,16:20,SW
2018,5,9,15.6,22.6,14:10,11.7,6:40,3.3,0.6,2.8,1.3,29.0,19:20,SW
2018,5,10,14.5,18.9,16:20,12.3,6:10,3.9,0.0,13.6,0.6,27.4,18:40,SW
2018,5,11,15.8,20.8,17:50,12.3,3:30,2.8,0.3,0.0,0.6,25.7,16:00,SW
2018,5,12,16.7,23.3,15:30,10.5,5:20,2.8,1.2,1.2,0.3,14.5,15:50,SW
2018,5,13,16.5,23.3,14:00,10.9,6:50,2.7,0.8,1.0,0.5,17.7,14:20,SW
2018,5,14,16.5,23.5,13:30,9.8,6:50,2.9,1.1,0.2,0.5,22.5,14:30,ENE
2018,5,15,17.0,20.8,17:50,12.9,5:40,1.9,0.6,9.4,0.6,19.3,17:00,SSE
2018,5,16,17.7,23.9,16:20,11.1,6:20,2.3,1.6,0.2,2.7,33.8,14:40,S
2018,5,17,17.9,24.6,17:00,10.4,6:40,2.2,1.8,0.2,0.2,11.3,16:40,SW
2018,5,18,15.6,21.4,12:20,10.2,6:40,3.1,0.3,2.4,1.1,25.7,18:30,SW
2018,5,19,17.5,22.8,17:20,12.6,6:20,2.0,1.2,0.0,0.2,9.7,3:50,ENE
2018,5,20,18.0,25.1,16:20,13.7,00:00,1.8,1.4,14.4,0.8,24.1,19:10,SW
2018,5,21,15.9,19.6,18:20,12.6,6:40,2.5,0.1,0.4,0.3,12.9,14:30,SW
2018,5,22,18.7,23.7,14:10,13.1,6:40,1.3,1.7,0.0,0.2,16.1,13:00,W
2018,5,23,17.4,21.9,14:30,14.1,6:40,1.4,0.5,2.6,0.3,17.7,15:10,S
2018,5,24,17.7,23.5,15:20,12.5,6:50,1.7,1.1,4.6,0.8,20.9,7:10,NE
2018,5,25,18.7,25.6,16:00,12.3,6:30,1.7,2.1,0.0,0.0,0.0,---,---
2018,5,26,19.5,25.9,15:30,12.2,6:40,1.6,2.7,0.0,0.0,0.0,---,---
2018,5,27,20.6,27.0,15:20,13.4,6:40,1.3,3.4,0.0,0.0,0.0,---,---
2018,5,28,20.2,26.7,17:10,13.4,6:40,1.1,3.0,0.0,0.0,0.0,---,---
2018,5,29,20.1,26.3,17:10,13.9,6:00,0.9,2.7,0.0,0.0,0.0,---,---
2018,5,30,20.0,27.7,15:30,12.7,6:40,1.4,3.1,0.8,0.5,22.5,22:00,WSW
2018,5,31,19.8,27.7,17:00,12.7,6:40,1.5,2.9,0.0,0.3,20.9,20:10,SW
2018,6,1,20.8,28.8,16:30,12.8,6:40,1.3,3.6,0.0,0.5,16.1,23:40,E
2018,6,2,20.7,28.8,14:10,13.3,6:50,0.9,3.3,0.0,1.9,24.1,15:50,SW
2018,6,3,21.3,29.2,17:50,13.6,6:30,1.1,4.1,0.0,1.9,27.4,18:20,SW
2018,6,4,22.2,29.8,16:10,14.2,6:10,0.6,4.5,0.0,2.6,25.7,15:50,SW
2018,6,5,22.3,29.9,17:00,15.1,5:50,0.4,4.3,0.0,1.8,22.5,17:10,SW
2018,6,6,20.9,27.9,15:00,15.1,6:20,0.6,3.1,0.0,1.8,24.1,18:10,W
2018,6,7,22.3,29.3,17:50,14.7,4:40,0.7,4.7,0.0,0.6,17.7,0:40,E
2018,6,8,23.4,29.3,15:50,16.4,6:20,0.2,5.2,0.0,1.4,29.0,16:00,SSE
2018,6,9,22.6,27.3,13:10,17.8,23:50,0.0,4.3,0.0,3.1,33.8,15:30,W
2018,6,10,20.5,26.1,15:30,15.8,5:50,0.4,2.6,0.2,4.0,25.7,16:10,W
2018,6,11,21.8,29.2,16:40,14.7,5:30,0.8,4.3,0.0,1.3,16.1,17:50,NE
2018,6,12,23.1,31.2,16:50,16.1,6:20,0.3,5.1,0.0,0.8,16.1,16:40,S
2018,6,13,21.1,29.4,13:10,17.2,6:40,0.1,2.8,3.4,1.0,37.0,15:30,SW
2018,6,14,19.6,26.4,15:40,13.7,5:40,0.9,2.2,1.6,2.3,24.1,16:10,SW
2018,6,15,17.6,22.5,15:30,13.7,7:10,1.3,0.6,1.0,2.3,14.5,7:00,SW
2018,6,16,19.1,23.6,14:40,16.4,6:00,0.6,1.3,1.2,2.7,20.9,22:40,W
2018,6,17,19.0,25.7,16:50,13.9,6:40,1.2,1.8,3.6,2.6,22.5,17:00,SW
2018,6,18,19.4,26.6,15:50,14.9,5:40,0.9,1.9,2.0,2.6,24.1,16:10,SW
2018,6,19,19.5,23.5,14:10,16.2,3:50,0.5,1.7,0.4,3.2,24.1,15:40,SW
2018,6,20,21.4,26.1,15:30,16.8,6:00,0.3,3.4,1.2,0.3,17.7,23:20,SSW
2018,6,21,19.8,26.9,16:50,15.8,4:40,0.7,2.2,2.4,2.3,30.6,17:30,W
2018,6,22,20.4,28.6,14:20,14.6,6:10,0.8,2.9,0.2,3.4,45.1,15:10,SW
2018,6,23,18.5,22.1,17:30,14.5,6:00,0.8,0.9,0.2,5.0,30.6,21:40,NE
2018,6,24,17.4,19.8,16:20,15.2,5:30,1.1,0.2,0.0,1.9,16.1,14:30,SSE
2018,6,25,16.0,18.3,13:50,14.3,00:00,2.3,0.0,1.2,0.6,20.9,16:40,SSW
2018,6,26,14.8,17.3,11:40,13.6,4:10,3.5,0.0,0.0,1.8,20.9,12:10,SW
2018,6,27,16.0,18.8,16:10,14.0,23:20,2.4,0.0,0.0,3.2,24.1,4:50,NE
2018,6,28,16.2,21.7,16:20,13.7,5:30,2.4,0.3,0.0,2.7,20.9,12:50,SW
2018,6,29,18.4,23.6,15:00,12.9,6:10,1.3,1.4,2.0,4.8,35.4,15:20,W
2018,6,30,21.1,26.3,18:00,16.3,6:40,0.3,3.1,0.0,5.0,29.0,12:10,SW
2018,7,1,22.2,28.3,16:50,15.7,6:30,0.4,4.3,0.0,1.4,16.1,0:10,W
2018,7,2,23.0,31.2,16:50,15.7,6:30,0.4,4.7,0.2,1.3,12.9,16:30,SW
2018,7,3,24.0,30.8,17:00,16.8,6:00,0.2,5.8,0.0,1.6,14.5,0:50,E
2018,7,4,24.9,32.2,16:10,17.7,6:10,0.1,6.6,0.0,1.9,29.0,20:10,NNW
2018,7,5,24.2,31.5,15:50,16.6,7:10,0.2,6.0,0.0,2.3,25.7,16:30,W
2018,7,6,24.2,31.8,16:00,16.0,6:20,0.3,6.1,0.0,0.8,17.7,21:10,SW
2018,7,7,24.1,30.3,14:30,18.1,7:10,0.0,5.7,0.0,4.7,33.8,15:10,NW
2018,7,8,20.8,26.1,14:20,16.4,6:30,0.2,2.6,10.0,2.6,30.6,16:10,NNW
2018,7,9,19.2,24.7,13:20,15.2,00:00,0.7,1.6,0.0,2.9,49.9,18:00,W
2018,7,10,19.1,25.7,17:20,11.9,7:00,1.9,2.7,0.0,0.2,9.7,1:50,SSW
2018,7,11,21.7,28.3,16:00,14.7,6:40,0.7,4.1,0.0,0.0,1.6,2:30,SSW
2018,7,12,23.4,31.2,16:20,16.2,6:40,0.3,5.4,0.0,1.8,24.1,16:50,NW
2018,7,13,23.7,30.8,15:40,16.1,7:00,0.3,5.6,0.0,3.4,25.7,14:00,SSW
2018,7,14,23.4,28.8,16:00,16.9,7:00,0.1,5.2,0.0,4.0,22.5,19:40,NE
2018,7,15,24.1,30.1,17:30,16.6,7:10,0.1,5.9,0.0,2.7,20.9,2:40,NNW
2018,7,16,24.4,31.4,15:00,16.8,6:20,0.1,6.2,0.0,3.4,33.8,14:30,W
2018,7,17,23.2,31.1,16:20,16.5,6:00,0.2,5.0,0.0,3.7,43.5,19:30,W
2018,7,18,23.1,28.4,18:00,18.1,6:50,0.0,4.8,0.0,4.2,27.4,9:10,NE
2018,7,19,22.6,28.2,15:20,15.8,6:40,0.2,4.6,0.0,4.7,35.4,12:00,NNW
2018,7,20,23.2,28.2,16:30,17.8,6:20,0.0,4.9,0.0,2.6,20.9,21:40,NE
2018,7,21,24.2,31.6,17:00,16.6,6:00,0.2,6.0,0.0,3.1,16.1,0:20,SW
2018,7,22,24.7,33.8,15:40,16.4,6:40,0.2,6.6,0.0,3.5,29.0,16:50,S
2018,7,23,21.6,31.6,15:20,16.1,23:40,0.3,3.6,9.2,3.4,43.5,16:20,S
2018,7,24,20.5,25.7,16:50,15.2,6:40,0.8,3.0,0.0,4.2,22.5,11:20,NE
2018,7,25,21.1,26.8,14:40,16.1,5:30,0.3,3.0,0.0,3.2,27.4,00:00,NNW
2018,7,26,20.9,26.1,13:50,17.3,6:40,0.1,2.6,9.8,3.9,25.7,0:10,NE
2018,7,27,21.1,26.3,15:10,17.1,6:20,0.3,3.0,1.4,1.4,17.7,19:10,W
2018,7,28,22.5,28.8,15:30,16.3,6:20,0.2,4.4,0.0,3.7,29.0,15:30,WNW
2018,7,29,22.0,28.2,17:30,16.2,6:40,0.3,3.9,0.0,3.7,30.6,19:20,NE
2018,7,30,22.3,29.6,15:30,17.3,6:40,0.1,4.1,3.0,2.7,24.1,12:10,SW
2018,7,31,23.2,29.7,17:10,17.6,6:20,0.1,4.9,0.0,2.7,30.6,20:40,NE
2018,8,1,23.2,30.1,17:30,17.2,7:00,0.1,4.9,0.0,2.3,33.8,19:20,NE
2018,8,2,23.1,29.4,14:40,17.5,6:40,0.1,4.8,0.0,2.1,25.7,15:40,NE
2018,8,3,20.9,24.5,13:40,19.5,23:00,0.0,2.6,8.0,1.4,17.7,14:40,WNW
2018,8,4,21.8,28.0,16:00,15.8,7:30,0.5,4.0,0.2,1.3,19.3,20:30,ENE
2018,8,5,21.9,28.3,15:10,15.7,6:50,0.4,3.9,0.0,1.4,11.3,15:40,S
2018,8,6,22.1,28.6,16:50,15.7,6:30,0.5,4.3,0.0,0.0,11.3,22:20,SW
2018,8,7,23.3,30.7,16:30,16.2,6:20,0.3,5.3,0.0,1.8,14.5,3:50,E
2018,8,8,23.3,30.6,17:00,16.8,6:30,0.1,5.1,0.0,1.0,19.3,17:10,NE
2018,8,9,23.1,30.3,16:00,17.4,6:50,0.1,4.8,0.0,0.8,22.5,16:30,SSE
2018,8,10,23.2,29.6,16:30,16.7,6:40,0.2,5.0,0.0,1.1,16.1,20:20,S
2018,8,11,23.1,29.3,17:00,16.7,6:40,0.2,5.0,0.0,1.6,12.9,20:30,SW
2018,8,12,23.2,29.4,17:00,16.3,7:00,0.3,5.1,0.0,1.9,12.9,0:20,ENE
2018,8,13,23.5,31.0,17:00,16.3,7:00,0.2,5.4,0.0,0.8,12.9,3:50,S
2018,8,14,22.6,29.7,17:00,15.6,6:20,0.4,4.6,0.0,2.3,32.2,17:40,SW
2018,8,15,20.6,29.3,14:50,16.6,7:50,0.2,2.4,6.2,1.3,32.2,15:20,SSW
2018,8,16,19.5,24.8,16:40,15.8,5:10,0.7,1.9,0.0,2.7,25.7,15:30,SW
2018,8,17,21.3,28.8,15:30,15.0,7:10,0.9,3.9,0.0,2.1,20.9,16:20,SW
2018,8,18,22.2,30.2,17:00,15.4,5:30,0.6,4.4,0.0,1.8,17.7,19:50,NE
2018,8,19,23.2,29.2,15:50,17.4,2:30,0.1,4.9,0.0,3.5,20.9,13:30,E
2018,8,20,20.8,28.4,14:00,16.5,5:10,0.3,2.7,1.2,2.3,20.9,13:30,SW
2018,8,21,22.1,28.7,16:10,15.9,7:00,0.3,4.1,0.0,1.8,17.7,18:50,E
2018,8,22,21.6,28.6,16:10,14.4,7:40,0.8,4.1,0.0,2.6,20.9,19:00,NE
2018,8,23,21.2,28.4,16:20,14.4,6:10,0.9,3.8,0.0,3.1,19.3,15:30,E
2018,8,24,20.8,27.9,16:40,13.3,6:20,1.3,3.8,0.0,0.5,11.3,2:30,S
2018,8,25,22.4,29.6,16:20,17.2,7:00,0.1,4.2,0.8,0.0,1.6,19:10,SSW
2018,8,26,21.9,28.1,16:50,16.1,7:20,0.3,3.9,0.2,0.0,0.0,---,---
2018,8,27,20.7,23.2,14:30,18.3,8:40,0.0,2.3,0.0,1.8,32.2,00:00,E
2018,8,28,21.9,25.4,16:00,17.8,7:40,0.0,3.6,0.0,7.9,35.4,2:00,NE
2018,8,29,22.4,28.2,16:10,16.6,7:10,0.2,4.3,0.0,1.3,14.5,3:50,SSW
2018,8,30,22.7,30.2,17:00,15.8,7:20,0.4,4.8,0.0,1.0,12.9,21:40,S
2018,8,31,23.1,30.8,16:10,15.8,7:00,0.3,5.1,0.0,2.1,22.5,18:30,NE
2018,9,1,23.4,29.9,16:50,16.6,7:50,0.2,5.2,0.0,1.6,12.9,19:30,ENE
2018,9,2,23.2,30.7,16:50,16.1,7:00,0.3,5.2,0.0,1.3,16.1,19:50,S
2018,9,3,23.1,31.2,15:50,15.8,6:30,0.3,5.1,0.0,3.1,24.1,16:20,S
2018,9,4,21.7,28.3,16:10,14.2,7:00,0.6,3.9,0.0,4.2,33.8,12:40,SW
2018,9,5,21.1,27.4,16:20,15.9,6:50,0.4,3.2,0.0,5.5,37.0,15:20,W
2018,9,6,21.0,27.3,16:30,14.6,7:30,0.6,3.2,0.0,2.1,16.1,0:50,NE
2018,9,7,21.2,28.9,16:00,14.0,7:30,0.8,3.7,0.0,2.9,30.6,15:40,W
2018,9,8,21.1,27.0,15:40,16.9,7:10,0.1,2.8,0.2,3.1,30.6,17:10,NE
2018,9,9,21.3,26.6,16:10,15.4,7:40,0.5,3.5,0.0,4.0,20.9,12:40,NE
2018,9,10,21.0,27.9,16:50,13.9,7:20,0.8,3.4,0.0,2.9,25.7,9:00,S
2018,9,11,19.6,24.3,15:10,13.9,7:50,1.1,2.3,0.0,4.7,29.0,22:20,NE
2018,9,12,20.3,25.5,15:20,13.3,7:40,0.6,2.6,0.0,5.0,24.1,17:10,NE
2018,9,13,18.7,25.8,15:30,11.9,7:20,1.7,2.1,0.0,1.6,16.1,1:50,SSW
2018,9,14,19.2,27.7,15:20,11.6,6:30,2.0,2.8,0.0,0.5,12.9,2:00,SSW
2018,9,15,20.5,28.5,15:40,13.6,7:20,1.2,3.3,0.0,0.8,9.7,23:20,NE
2018,9,16,21.8,27.6,16:10,16.1,8:00,0.3,3.7,0.0,4.5,24.1,20:50,NE
2018,9,17,20.1,27.2,16:10,12.5,7:20,1.3,3.1,0.0,2.1,12.9,5:20,ENE
2018,9,18,19.6,26.5,15:50,13.1,7:30,1.4,2.7,0.0,1.1,12.9,2:20,S
2018,9,19,19.4,26.6,16:40,12.8,6:50,1.6,2.6,0.0,1.6,11.3,19:30,S
2018,9,20,19.4,26.9,16:40,12.4,6:30,1.7,2.8,0.0,1.6,16.1,20:10,S
2018,9,21,18.8,27.1,16:40,11.2,7:20,1.9,2.4,0.0,1.1,12.9,16:50,S
2018,9,22,18.9,28.5,16:30,10.7,7:30,2.2,2.7,0.0,0.3,9.7,22:40,SW
2018,9,23,19.8,29.3,16:00,12.6,6:40,1.7,3.2,0.0,0.2,9.7,2:20,S
2018,9,24,20.5,30.7,16:10,12.0,7:20,1.6,3.8,0.0,2.6,35.4,19:40,NNW
2018,9,25,14.4,19.3,0:20,11.1,00:00,3.9,0.0,0.0,10.5,43.5,22:30,NNW
2018,9,26,11.1,14.5,17:20,9.4,11:00,7.2,0.0,0.0,5.6,37.0,0:10,NNW
2018,9,27,12.0,17.4,16:10,7.2,7:10,6.3,0.0,0.0,6.8,32.2,9:30,NE
2018,9,28,12.8,18.3,15:30,7.3,6:30,5.6,0.0,0.0,2.7,17.7,19:30,E
2018,9,29,15.1,19.4,14:20,10.8,5:10,3.3,0.0,0.2,2.4,38.6,00:00,NE
2018,9,30,14.2,16.9,0:10,12.6,20:40,4.1,0.0,1.8,2.9,30.6,0:30,NE
2018,10,1,15.9,23.0,15:50,11.3,7:40,3.2,0.7,0.8,1.8,27.4,15:50,WNW
2018,10,2,15.1,22.3,17:50,8.2,7:10,4.0,0.8,0.6,1.6,19.3,18:00,NE
2018,10,3,15.7,22.3,15:10,9.2,6:50,3.3,0.7,0.4,1.4,14.5,14:40,SSW
2018,10,4,16.9,19.8,17:00,13.7,6:30,1.7,0.2,0.2,0.6,9.7,18:40,S
2018,10,5,16.7,21.1,15:10,14.3,0:40,1.9,0.3,0.0,1.8,25.7,16:10,SSE
2018,10,6,16.1,20.2,15:10,13.3,00:00,2.3,0.1,0.0,2.1,16.1,7:20,S
2018,10,7,14.7,21.8,15:30,8.7,7:10,4.1,0.4,0.0,1.8,20.9,14:30,S
2018,10,8,14.7,22.7,16:10,9.8,8:20,4.2,0.6,0.0,1.6,19.3,18:50,SSW
2018,10,9,15.1,22.1,16:00,10.3,4:10,3.8,0.6,0.0,0.5,12.9,22:40,SW
2018,10,10,13.9,20.9,16:20,7.8,8:00,4.8,0.3,0.0,0.3,11.3,2:00,S
2018,10,11,13.3,21.5,15:50,6.4,7:00,5.4,0.4,0.0,1.3,12.9,20:20,S
2018,10,12,13.8,21.6,16:30,7.2,8:10,4.9,0.4,0.0,1.4,19.3,19:00,S
2018,10,13,15.1,21.3,15:40,10.7,8:10,3.7,0.5,0.0,2.1,17.7,14:20,E
2018,10,14,13.1,19.8,15:10,7.5,7:00,5.3,0.1,0.0,1.4,19.3,15:40,SSE
2018,10,15,15.5,19.9,15:40,12.2,23:50,2.9,0.2,0.0,0.8,14.5,18:10,S
2018,10,16,13.8,21.1,16:00,8.3,7:30,4.9,0.4,0.0,1.1,11.3,4:10,S
2018,10,17,14.2,22.2,15:00,7.5,7:30,4.7,0.6,0.0,0.8,11.3,23:20,S
2018,10,18,14.1,21.7,16:40,7.2,8:00,4.8,0.5,0.0,0.3,8.0,4:10,S
2018,10,19,14.1,21.8,16:10,8.2,7:10,4.7,0.4,0.0,1.1,17.7,9:30,NE
2018,10,20,14.4,22.0,15:10,8.7,8:20,4.3,0.3,0.0,2.4,20.9,16:20,NE
2018,10,21,13.6,16.3,15:30,11.4,22:50,4.8,0.0,0.4,1.1,17.7,18:00,ENE
2018,10,22,11.7,12.8,14:00,10.9,23:40,6.6,0.0,0.2,0.5,9.7,13:20,ENE
2018,10,23,12.3,14.8,15:50,9.9,00:00,6.0,0.0,0.2,2.4,22.5,9:40,E
2018,10,24,12.5,20.8,16:30,5.9,6:10,6.1,0.2,0.0,4.0,35.4,21:10,NW
2018,10,25,10.4,15.0,15:50,6.1,23:30,7.9,0.0,0.0,4.0,43.5,3:20,ENE
2018,10,26,10.6,22.4,16:40,1.8,7:30,8.2,0.4,0.0,1.8,20.9,18:20,S
2018,10,27,13.1,22.3,17:30,5.8,8:30,5.8,0.6,0.0,1.3,16.1,17:40,SSW
2018,10,28,15.2,21.9,15:10,9.3,3:10,3.7,0.5,0.0,2.1,29.0,16:40,SSW
2018,10,29,16.0,19.9,15:20,13.7,22:30,2.4,0.1,0.0,1.3,14.5,7:10,S
2018,10,30,16.1,19.6,16:50,13.3,00:00,2.4,0.2,0.0,1.8,33.8,19:50,SSE
2018,10,31,15.7,21.0,16:00,12.7,5:20,2.9,0.3,0.0,0.0,8.0,3:10,S
2018,11,1,15.5,19.5,15:10,12.9,6:00,2.8,0.1,0.0,0.3,9.7,10:30,NE
2018,11,2,16.0,21.4,14:00,12.8,6:50,2.8,0.4,0.0,0.3,9.7,4:00,NE
2018,11,3,12.9,19.4,14:50,8.4,6:30,5.4,0.1,0.2,0.5,9.7,22:30,SSW
2018,11,4,12.4,17.6,15:30,8.9,7:10,5.9,0.0,0.0,0.8,12.9,16:40,SSW
2018,11,5,9.9,15.4,14:50,6.1,5:50,8.4,0.0,0.0,1.0,9.7,5:20,S
2018,11,6,9.6,17.9,15:40,3.5,6:50,8.7,0.0,0.0,0.6,9.7,21:40,SSW
2018,11,7,10.1,15.7,15:40,4.6,4:50,8.2,0.0,0.0,1.1,12.9,21:30,S
2018,11,8,11.6,15.4,14:40,9.1,23:50,6.7,0.0,0.0,1.0,16.1,13:40,S
2018,11,9,10.7,15.5,14:40,6.2,00:00,7.6,0.0,0.0,1.1,11.3,11:40,S
2018,11,10,8.6,14.0,15:10,5.3,7:30,9.8,0.0,0.0,1.3,11.3,8:50,SSW
2018,11,11,7.4,14.4,15:10,3.2,6:00,10.9,0.0,0.0,1.0,9.7,7:30,SSW
2018,11,12,7.1,15.2,15:10,2.0,5:20,11.3,0.0,0.2,1.0,11.3,20:30,S
2018,11,13,7.0,14.5,14:10,1.2,6:10,11.3,0.0,0.0,1.3,9.7,23:00,S
2018,11,14,8.4,15.9,15:30,2.3,4:40,9.9,0.0,0.0,3.2,33.8,20:10,S
2018,11,15,9.2,12.6,14:00,4.8,5:40,9.2,0.0,0.0,7.1,30.6,1:50,NNW
2018,11,16,3.8,6.4,12:50,2.3,23:10,14.5,0.0,0.0,1.8,14.5,1:30,W
2018,11,17,4.4,5.6,15:30,2.4,2:20,13.9,0.0,0.0,7.7,24.1,6:50,E
2018,11,18,2.4,4.6,3:50,1.2,18:30,15.9,0.0,22.4,2.1,17.7,0:40,W
2018,11,19,3.7,5.8,14:40,1.4,6:30,14.7,0.0,0.4,1.3,12.9,12:10,S
2018,11,20,7.8,10.3,21:00,4.4,1:40,10.6,0.0,3.0,0.6,16.1,1:30,S
2018,11,21,10.9,15.0,15:30,7.9,8:00,7.4,0.0,12.0,2.3,16.1,12:50,SW
2018,11,22,10.4,16.9,14:50,6.2,23:10,7.9,0.0,0.0,1.9,24.1,14:30,W
2018,11,23,8.4,12.4,15:00,6.1,3:40,9.9,0.0,0.0,0.6,11.3,8:10,SSW
2018,11,24,8.9,10.8,14:20,7.5,1:20,9.4,0.0,0.0,0.6,11.3,13:00,S
2018,11,25,8.2,8.7,0:10,7.3,7:30,10.1,0.0,7.2,0.3,8.0,10:20,S
2018,11,26,9.7,12.7,15:40,8.3,0:10,8.7,0.0,26.0,1.3,22.5,18:10,NE
2018,11,27,9.7,11.8,15:40,7.9,7:30,8.6,0.0,5.4,1.0,14.5,18:20,NE
2018,11,28,7.7,10.3,12:20,3.9,23:50,10.6,0.0,0.2,4.8,30.6,15:20,NE
2018,11,29,4.2,5.1,15:00,2.8,7:00,14.2,0.0,0.0,5.1,20.9,0:20,NE
2018,11,30,3.9,7.0,13:50,2.5,8:00,14.4,0.0,0.0,2.4,17.7,14:30,SSE
2018,12,1,3.7,7.1,15:30,0.8,4:50,14.7,0.0,0.0,1.0,11.3,9:50,SW
2018,12,2,4.7,8.6,14:00,0.8,00:00,13.7,0.0,0.0,0.3,9.7,18:00,SE
2018,12,3,3.0,8.2,15:40,-0.7,5:00,15.3,0.0,0.0,0.5,8.0,9:20,SSW
2018,12,4,6.8,11.2,14:30,1.7,2:20,11.6,0.0,0.0,0.5,14.5,22:10,SSW
2018,12,5,8.3,11.8,12:50,3.1,23:40,10.0,0.0,0.0,6.8,48.3,18:30,NE
2018,12,6,2.7,7.2,14:20,-1.6,23:50,15.6,0.0,0.0,3.1,27.4,0:10,SSW
2018,12,7,0.4,6.6,15:30,-4.5,8:10,17.9,0.0,0.0,1.0,11.3,7:20,S
2018,12,8,2.3,6.2,14:50,-1.7,4:10,16.0,0.0,0.8,0.8,12.9,00:00,SSW
2018,12,9,6.3,12.7,14:40,2.8,7:20,12.0,0.0,0.0,1.8,20.9,14:20,SW
2018,12,10,5.2,8.7,13:50,2.7,8:00,13.1,0.0,2.2,2.6,19.3,12:50,NE
2018,12,11,2.6,6.1,14:20,-1.4,00:00,15.8,0.0,0.0,3.2,19.3,1:50,NNW
2018,12,12,-0.4,5.7,15:10,-4.8,8:00,18.8,0.0,0.0,1.6,11.3,8:40,S
2018,12,13,-0.2,1.8,15:10,-3.2,1:40,18.5,0.0,0.6,0.8,9.7,0:40,S
2018,12,14,2.9,4.6,15:50,1.1,0:20,15.4,0.0,0.6,0.2,6.4,7:30,ESE
2018,12,15,5.1,6.0,15:50,3.9,0:20,13.3,0.0,8.0,0.5,9.7,10:00,NE
2018,12,16,5.9,9.2,12:40,1.6,22:50,12.4,0.0,0.0,4.7,33.8,13:50,W
2018,12,17,4.1,7.8,15:50,0.6,5:10,14.3,0.0,0.0,1.3,17.7,1:40,NE
2018,12,18,2.7,5.4,0:10,0.7,5:10,15.6,0.0,1.6,5.5,25.7,14:30,NE
2018,12,19,2.4,6.7,14:40,-0.7,00:00,15.9,0.0,0.0,2.1,16.1,11:00,SW
2018,12,20,0.3,4.7,15:50,-2.5,4:50,18.0,0.0,0.2,1.0,12.9,10:10,SSW
2018,12,21,2.2,6.1,15:30,-0.9,2:10,16.2,0.0,0.2,0.3,8.0,6:00,SSW
2018,12,22,5.6,12.2,14:40,0.2,3:30,12.8,0.0,0.2,3.2,29.0,12:40,W
2018,12,23,8.7,14.8,14:20,3.8,00:00,9.7,0.0,0.0,3.5,25.7,14:40,W
2018,12,24,6.6,13.9,16:30,0.4,7:20,11.8,0.0,2.8,2.7,48.3,23:20,W
2018,12,25,2.0,4.8,2:50,-0.9,23:50,16.3,0.0,1.2,11.6,54.7,0:10,NNW
2018,12,26,0.8,4.7,14:40,-3.4,6:40,17.6,0.0,0.0,7.6,38.6,8:50,NNW
2018,12,27,0.7,6.3,15:30,-3.4,8:30,17.6,0.0,0.0,2.3,17.7,4:30,WSW
2018,12,28,0.5,6.4,15:40,-4.1,8:20,17.8,0.0,0.0,0.8,8.0,9:40,SSW
2018,12,29,3.7,10.4,14:00,-1.1,6:50,14.7,0.0,0.0,4.0,30.6,17:50,NNW
2018,12,30,1.9,5.5,15:30,-1.9,8:10,16.4,0.0,0.0,1.6,17.7,0:40,W
2018,12,31,2.8,5.6,12:20,-1.1,7:50,15.5,0.0,0.0,3.9,40.2,23:00,NNE
2019,1,1,2.8,6.1,14:20,-1.9,00:00,15.5,0.0,0.0,6.9,30.6,0:10,N
2019,1,2,0.1,5.3,16:10,-5.8,8:20,18.3,0.0,0.0,3.7,32.2,18:00,ESE
2019,1,3,-0.3,1.3,0:30,-1.7,00:00,18.6,0.0,0.2,7.4,37.0,14:20,N
2019,1,4,-3.1,-1.3,11:30,-4.7,18:00,21.4,0.0,0.0,4.3,32.2,3:50,N
2019,1,5,-3.5,-0.2,14:40,-7.8,00:00,21.8,0.0,2.8,4.3,25.7,10:00,WSW
2019,1,6,-3.3,3.6,15:50,-9.1,6:00,21.7,0.0,0.0,3.2,22.5,17:00,NNW
2019,1,7,-3.7,-1.1,12:10,-8.1,00:00,22.1,0.0,0.0,6.1,37.0,18:10,WSW
2019,1,8,-7.1,-2.2,15:20,-11.9,6:40,25.4,0.0,0.0,2.6,19.3,2:40,WSW
2019,1,9,-3.9,-2.3,21:30,-6.6,0:50,22.3,0.0,11.8,0.8,12.9,1:50,W
2019,1,10,0.6,3.4,15:30,-2.4,0:10,17.8,0.0,6.2,1.3,17.7,17:20,S
2019,1,11,0.9,1.9,0:10,0.1,20:20,17.4,0.0,0.0,1.0,12.9,23:50,W
2019,1,12,-0.3,2.2,15:20,-3.8,23:50,18.6,0.0,0.0,2.7,19.3,7:00,NNW
2019,1,13,-3.4,0.4,15:20,-8.2,8:30,21.8,0.0,0.0,1.3,16.1,1:00,ESE
2019,1,14,-2.4,1.5,00:00,-7.1,7:30,20.7,0.0,0.0,0.6,12.9,13:20,ESE
2019,1,15,0.4,3.7,1:00,-4.4,22:10,17.9,0.0,0.0,7.9,43.5,1:50,N
2019,1,16,-2.4,5.7,16:00,-9.3,7:50,20.8,0.0,0.0,3.4,24.1,17:30,WSW
2019,1,17,-0.7,6.0,15:00,-5.4,8:00,19.1,0.0,0.0,0.3,8.0,14:00,ESE
2019,1,18,0.0,4.5,14:20,-4.4,4:00,18.3,0.0,0.0,0.5,9.7,21:40,E
2019,1,19,1.4,4.4,15:10,-1.2,7:40,16.9,0.0,0.0,0.3,8.0,17:50,SE
2019,1,20,2.8,5.8,15:00,1.3,4:20,15.6,0.0,0.0,0.5,11.3,15:30,SW
2019,1,21,1.3,5.2,16:50,-1.3,10:00,17.1,0.0,0.0,0.5,9.7,1:40,ESE
2019,1,22,3.7,5.5,15:50,1.5,0:20,14.7,0.0,5.2,1.1,19.3,16:50,S
2019,1,23,2.1,3.4,23:30,0.6,15:40,16.2,0.0,15.6,0.8,14.5,18:00,ENE
2019,1,24,4.1,8.9,15:40,1.3,8:00,14.2,0.0,0.0,1.6,17.7,3:00,S
2019,1,25,4.6,6.5,14:10,1.7,23:40,13.8,0.0,9.4,4.5,30.6,4:20,NE
2019,1,26,2.2,4.6,15:10,0.3,00:00,16.1,0.0,0.8,4.7,24.1,9:20,NNW
2019,1,27,1.7,7.6,15:20,-2.5,7:40,16.6,0.0,0.0,1.0,12.9,0:10,ENE
2019,1,28,3.9,9.9,16:10,-1.3,5:00,14.4,0.0,0.0,3.7,29.0,19:50,SSE
2019,1,29,4.5,6.7,0:10,2.7,23:50,13.8,0.0,6.8,1.4,17.7,6:30,WSW
2019,1,30,3.7,7.6,16:50,1.8,00:00,14.7,0.0,1.4,1.3,22.5,17:00,W
2019,1,31,3.1,8.3,15:50,1.1,23:20,15.2,0.0,2.2,2.4,38.6,16:10,W
2019,2,1,3.7,9.4,17:20,-1.0,6:40,14.6,0.0,0.0,1.0,11.3,0:20,WSW
2019,2,2,8.1,14.1,15:30,4.1,5:40,10.2,0.0,0.0,2.3,20.9,13:30,SSW
2019,2,3,8.4,15.7,15:00,3.5,6:10,9.9,0.0,0.0,2.6,20.9,13:50,S
2019,2,4,9.0,12.6,13:50,5.6,2:00,9.3,0.0,0.0,3.9,33.8,16:50,ENE
2019,2,5,9.7,12.6,13:30,6.6,4:00,8.6,0.0,0.0,8.5,37.0,22:30,ENE
2019,2,6,7.1,10.3,1:10,5.6,9:30,11.2,0.0,0.0,9.8,43.5,0:20,N
2019,2,7,5.7,9.4,14:50,1.2,00:00,12.7,0.0,0.0,4.3,19.3,2:50,NE
2019,2,8,4.8,9.7,16:20,0.8,1:20,13.6,0.0,0.0,2.6,17.7,21:30,SSE
2019,2,9,6.1,10.4,16:10,2.7,00:00,12.3,0.0,0.0,2.3,16.1,0:10,WSW
2019,2,10,5.7,14.7,15:00,-0.9,8:00,12.7,0.0,0.0,2.4,30.6,14:10,W
2019,2,11,6.7,14.7,14:50,-0.1,8:20,11.6,0.0,0.6,4.8,33.8,15:50,SSE
2019,2,12,4.6,7.7,14:10,1.6,00:00,13.8,0.0,0.0,8.9,49.9,23:50,N
2019,2,13,1.1,2.8,13:00,-0.1,9:10,17.2,0.0,0.0,14.5,54.7,6:40,N
2019,2,14,3.4,8.1,15:20,0.1,4:10,14.9,0.0,0.0,11.6,41.8,18:50,N
2019,2,15,3.3,6.8,12:50,1.0,6:30,15.0,0.0,0.0,7.6,37.0,13:00,NNE
2019,2,16,4.5,9.3,15:20,0.9,00:00,13.8,0.0,0.0,6.6,38.6,3:50,N
2019,2,17,3.8,12.8,16:10,-2.4,7:30,14.5,0.0,0.0,1.1,14.5,0:20,ESE
2019,2,18,5.7,15.8,15:50,-1.2,7:00,12.7,0.0,0.0,1.0,9.7,22:40,SE
2019,2,19,6.2,15.3,15:30,-0.7,7:50,12.2,0.0,0.0,1.1,11.3,18:50,SSW
2019,2,20,7.2,16.3,15:30,-0.4,7:10,11.1,0.0,0.0,2.6,20.9,23:50,SSW
2019,2,21,7.0,14.3,15:10,1.5,7:40,11.3,0.0,0.0,3.2,22.5,1:10,W
2019,2,22,4.6,11.7,14:10,-1.2,7:20,13.8,0.0,0.0,2.6,30.6,14:40,NNW
2019,2,23,0.2,5.3,0:20,-2.4,00:00,18.1,0.0,0.0,12.4,57.9,7:30,N
2019,2,24,-1.6,1.2,15:00,-3.7,6:40,19.9,0.0,0.0,9.3,30.6,3:30,E
2019,2,25,-0.5,2.7,23:20,-5.4,8:10,18.8,0.0,0.0,7.1,24.1,11:40,E
2019,2,26,6.4,14.9,15:50,-0.8,7:40,11.9,0.0,0.0,4.5,38.6,22:30,W
2019,2,27,5.8,9.6,13:20,2.7,5:40,12.6,0.0,0.0,7.1,43.5,10:20,NNE
2019,2,28,6.4,14.8,15:20,-1.4,4:50,11.9,0.0,0.0,5.1,32.2,19:20,WSW
2019,3,1,8.1,17.8,14:10,0.2,7:10,10.3,0.0,0.0,2.9,35.4,14:50,WSW
2019,3,2,8.3,13.9,12:40,2.2,6:30,10.1,0.0,0.0,6.8,33.8,12:20,N
2019,3,3,7.4,13.3,15:20,2.2,7:10,10.9,0.0,0.0,4.5,29.0,19:00,ESE
2019,3,4,6.8,16.8,16:10,-1.8,7:00,11.6,0.0,0.0,2.9,24.1,17:10,W
2019,3,5,10.5,20.1,13:40,2.2,6:50,7.9,0.1,0.0,4.3,40.2,14:20,W
2019,3,6,12.0,19.3,15:50,5.0,7:10,6.4,0.1,0.0,4.3,32.2,15:50,W
2019,3,7,11.0,21.4,15:40,2.8,6:40,7.6,0.3,0.0,2.7,24.1,16:10,W
2019,3,8,11.6,21.2,16:40,3.7,6:20,7.0,0.3,0.0,2.3,20.9,17:30,SW
2019,3,9,12.8,21.3,15:20,5.3,7:10,6.0,0.4,0.0,4.0,33.8,15:00,W
2019,3,10,13.9,21.6,15:00,7.5,3:40,4.8,0.4,0.0,4.5,33.8,15:40,W
2019,3,11,12.5,18.8,14:10,6.6,6:50,5.8,0.0,0.0,5.0,32.2,15:30,W
2019,3,12,6.3,10.6,3:40,2.3,18:30,12.1,0.0,0.2,7.7,45.1,15:50,N
2019,3,13,5.9,9.8,13:40,3.1,0:10,12.4,0.0,0.0,5.1,35.4,2:20,N
2019,3,14,4.6,7.2,16:10,1.7,7:00,13.7,0.0,1.6,1.9,16.1,17:40,WSW
2019,3,15,7.0,13.3,15:10,2.8,0:10,11.3,0.0,0.0,3.7,24.1,16:20,WSW
2019,3,16,9.6,18.0,15:50,0.9,5:40,8.7,0.0,0.0,4.0,41.8,15:00,W
2019,3,17,13.1,23.8,15:10,4.9,6:10,6.1,0.8,0.0,3.2,22.5,15:10,W
2019,3,18,12.1,21.9,15:30,4.6,6:40,6.7,0.4,0.0,3.2,29.0,15:50,SW
2019,3,19,11.2,20.3,16:30,4.2,7:00,7.2,0.2,0.0,2.3,27.4,17:40,SW
2019,3,20,11.7,19.7,14:20,4.3,6:50,6.7,0.1,0.4,2.7,22.5,23:20,E
2019,3,21,11.7,14.6,12:00,8.3,21:50,6.7,0.0,0.0,7.6,25.7,16:40,E
2019,3,22,10.7,16.1,16:20,7.4,23:50,7.6,0.0,0.0,1.8,17.7,19:30,ENE
2019,3,23,10.3,18.3,15:00,3.1,6:50,8.1,0.0,0.0,2.3,16.1,22:50,E
2019,3,24,12.4,19.7,15:20,5.8,6:50,6.1,0.1,0.0,2.9,14.5,6:00,SSW
2019,3,25,12.1,22.2,14:20,3.0,7:00,6.8,0.6,0.0,2.7,27.4,14:50,SW
2019,3,26,11.7,18.5,13:40,6.3,6:40,6.6,0.0,0.0,4.0,25.7,14:50,W
2019,3,27,10.6,13.3,15:30,8.1,6:50,7.8,0.0,0.0,3.5,20.9,5:00,NE
2019,3,28,7.5,10.2,0:30,4.5,22:30,10.8,0.0,0.0,7.4,27.4,11:50,ENE
2019,3,29,9.4,14.3,15:30,2.8,7:10,8.9,0.0,0.0,7.2,33.8,21:10,E
2019,3,30,11.3,16.1,16:00,4.8,7:10,7.0,0.0,0.0,6.4,32.2,9:40,NE
2019,3,31,11.4,19.4,17:00,3.2,7:20,6.6,0.0,0.0,3.4,20.9,18:10,NE
2019,4,1,12.3,21.6,16:20,3.3,6:50,6.5,0.5,0.0,1.6,27.4,21:20,SE
2019,4,2,11.6,19.6,16:10,4.4,7:40,6.8,0.1,0.0,1.3,24.1,17:20,SSE
2019,4,3,11.3,17.6,16:40,5.1,7:30,7.1,0.0,0.0,2.6,20.9,14:50,SSE
2019,4,4,11.2,16.9,15:20,7.4,7:50,7.1,0.0,1.4,3.1,19.3,15:50,SSE
2019,4,5,9.7,11.6,17:10,7.6,8:20,8.7,0.0,0.6,1.9,16.1,13:20,SSE
2019,4,6,10.9,13.8,14:20,7.8,6:40,7.4,0.0,0.2,3.9,20.9,8:50,E
2019,4,7,12.3,17.2,15:10,8.2,7:10,6.0,0.0,0.0,1.1,17.7,20:50,SSE
2019,4,8,11.4,15.1,15:00,9.2,7:50,6.9,0.0,5.0,3.1,22.5,18:40,W
2019,4,9,11.1,14.7,15:30,8.0,2:20,7.2,0.0,0.2,4.0,29.0,10:20,W
2019,4,10,13.2,19.2,16:30,8.3,00:00,5.2,0.0,0.4,4.3,37.0,18:30,W
2019,4,11,10.9,17.1,14:40,5.6,5:30,7.4,0.0,0.8,2.9,30.6,15:20,W
2019,4,12,10.3,16.2,17:20,7.1,8:20,8.0,0.0,11.4,2.7,37.0,20:20,SW
2019,4,13,9.8,16.5,16:50,4.7,6:30,8.5,0.0,0.2,2.4,27.4,19:00,SW
2019,4,14,9.6,14.7,12:50,6.7,7:10,8.7,0.0,8.4,2.1,19.3,19:40,NE
2019,4,15,9.3,11.6,17:30,7.2,6:40,9.1,0.0,0.2,4.2,27.4,14:10,E
2019,4,16,10.3,15.2,15:30,6.4,4:30,8.0,0.0,1.6,1.3,16.1,18:20,W
2019,4,17,10.1,17.1,15:30,4.9,7:00,8.2,0.0,0.8,1.8,24.1,16:40,S
2019,4,18,9.4,14.8,16:40,5.1,7:30,8.9,0.0,4.6,2.9,25.7,13:50,ENE
2019,4,19,11.2,17.9,16:50,3.4,6:40,7.2,0.0,0.0,2.3,19.3,14:10,E
2019,4,20,12.3,18.2,15:10,6.2,6:40,6.1,0.0,0.0,4.0,22.5,11:30,ENE
2019,4,21,12.1,18.6,16:50,6.4,7:00,6.3,0.0,0.0,1.6,12.9,1:50,E
2019,4,22,12.2,19.4,14:30,6.2,7:20,6.2,0.1,1.4,2.1,20.9,14:40,SSE
2019,4,23,11.6,15.2,15:10,8.3,7:00,6.7,0.0,1.8,3.1,30.6,16:50,SSE
2019,4,24,13.7,19.6,17:50,9.8,6:30,4.7,0.1,0.0,1.6,17.7,18:30,NE
2019,4,25,14.7,19.8,17:50,10.7,2:40,3.8,0.1,0.0,1.1,17.7,17:00,SSE
2019,4,26,16.9,26.3,16:40,8.6,6:30,3.5,2.0,0.0,0.5,14.5,20:00,SE
2019,4,27,16.2,22.9,14:00,11.3,6:40,2.7,0.6,0.2,3.2,46.7,16:00,NNW
2019,4,28,14.7,22.0,17:00,5.9,5:10,4.3,0.7,0.0,4.2,33.8,14:00,W
2019,4,29,13.9,20.8,17:10,6.6,6:30,4.8,0.3,0.0,2.6,29.0,17:10,E
2019,4,30,12.9,19.0,15:00,7.3,4:00,5.4,0.0,0.0,4.2,35.4,16:40,W
2019,5,1,11.6,17.3,13:40,5.6,6:00,6.7,0.0,0.0,4.8,30.6,12:00,W
2019,5,2,13.1,20.6,17:30,6.6,7:10,5.4,0.2,0.0,3.9,35.4,17:10,W
2019,5,3,13.7,21.6,15:40,5.6,7:10,5.1,0.4,0.0,1.9,22.5,16:20,SSW
2019,5,4,12.9,18.0,15:30,8.6,6:20,5.4,0.0,0.0,1.6,22.5,16:10,S
2019,5,5,13.1,16.8,14:20,11.2,6:10,5.3,0.0,4.2,1.3,30.6,14:50,S
2019,5,6,12.4,17.8,15:10,8.2,23:50,5.9,0.0,0.4,4.7,37.0,14:50,SSW
2019,5,7,10.0,15.4,15:30,5.7,5:40,8.3,0.0,0.2,5.5,33.8,15:30,W
2019,5,8,12.8,20.0,17:30,6.7,6:40,5.7,0.1,0.0,2.7,22.5,17:30,E
2019,5,9,13.0,18.5,16:50,7.8,6:00,5.3,0.0,0.0,2.7,22.5,17:30,NE
2019,5,10,15.1,20.9,16:40,8.7,6:50,3.6,0.3,0.0,4.5,37.0,13:40,W
2019,5,11,15.6,23.8,17:00,7.3,5:50,3.9,1.2,0.0,1.9,16.1,19:00,ENE
2019,5,12,14.8,23.0,13:10,10.3,7:20,4.1,0.6,1.4,2.1,33.8,16:00,E
2019,5,13,12.0,14.0,12:50,10.6,23:30,6.3,0.0,31.0,2.1,17.7,8:00,S
2019,5,14,12.7,19.2,15:20,10.0,00:00,5.7,0.0,2.6,1.6,27.4,16:50,SSW
2019,5,15,12.2,18.4,17:00,6.2,6:30,6.2,0.0,0.6,1.6,22.5,18:40,S
2019,5,16,13.4,18.9,14:50,9.4,5:00,4.9,0.0,4.4,2.6,20.9,16:10,SW
2019,5,17,14.2,20.2,15:40,9.7,5:20,4.3,0.1,0.0,1.8,17.7,16:00,SW
2019,5,18,16.1,23.4,17:40,8.1,6:10,3.5,1.2,0.0,1.4,14.5,23:00,SSW
2019,5,19,18.0,26.1,15:50,11.8,6:30,2.2,1.8,0.0,1.9,30.6,15:10,SSE
2019,5,20,16.4,21.9,16:20,10.8,7:00,2.5,0.6,0.0,3.1,33.8,13:00,S
2019,5,21,15.3,22.2,16:50,7.8,6:50,3.8,0.8,0.0,1.6,27.4,17:00,SSW
2019,5,22,16.3,23.9,16:40,9.2,6:10,3.3,1.2,0.0,2.4,22.5,17:00,SW
2019,5,23,17.1,23.8,16:00,10.8,6:40,2.7,1.4,6.0,3.1,19.3,15:50,ENE
2019,5,24,15.7,21.3,15:40,11.8,6:10,2.9,0.3,2.8,2.3,19.3,16:20,W
2019,5,25,16.9,24.2,17:00,9.3,6:20,2.9,1.5,0.0,2.7,20.9,15:40,SW
2019,5,26,17.7,24.1,14:00,10.3,6:10,2.3,1.6,0.0,1.1,16.1,14:00,SW
2019,5,27,16.3,19.8,18:00,13.9,7:20,2.1,0.1,8.0,1.1,17.7,9:00,S
2019,5,28,18.6,24.9,15:20,13.7,6:30,1.5,1.7,0.0,2.9,24.1,16:10,SSE
2019,5,29,17.6,23.4,17:30,10.7,6:00,2.3,1.5,0.0,2.4,24.1,17:00,SSW
2019,5,30,16.6,23.4,16:20,11.1,6:20,2.6,0.8,0.0,0.5,17.7,17:50,SW
2019,5,31,16.3,23.8,15:30,10.7,6:40,2.9,0.9,0.0,2.1,25.7,17:00,NNW
2019,6,1,16.1,22.7,15:00,9.8,6:10,3.1,0.8,0.2,2.4,25.7,19:00,SW
2019,6,2,13.7,17.0,12:40,10.8,6:30,4.6,0.0,3.8,2.3,29.0,16:30,SW
2019,6,3,12.7,15.4,18:30,9.1,6:20,5.7,0.0,2.0,0.0,9.7,2:40,SSW
2019,6,4,16.0,22.3,16:50,9.9,6:30,3.0,0.7,2.4,0.3,17.7,18:00,SW
2019,6,5,17.1,23.1,14:20,12.3,6:20,2.3,1.1,1.0,1.6,35.4,19:50,SSE
2019,6,6,19.7,27.9,15:50,12.3,4:50,1.8,3.2,0.2,1.9,24.1,15:30,NW
2019,6,7,21.6,30.8,16:20,12.6,6:20,1.3,4.6,0.0,2.4,27.4,16:30,W
2019,6,8,23.3,32.3,18:00,14.8,5:10,0.6,5.5,0.0,1.0,14.5,2:20,E
2019,6,9,23.9,29.4,17:20,16.8,6:30,0.1,5.7,0.0,4.2,22.5,16:00,NE
2019,6,10,23.2,28.6,14:40,17.4,6:30,0.0,4.9,0.0,4.3,27.4,17:50,NE
2019,6,11,21.1,28.3,16:40,14.7,6:10,0.7,3.4,0.0,2.4,22.5,16:50,S
2019,6,12,23.2,31.4,17:40,15.1,6:10,0.6,5.4,0.0,2.4,20.9,17:00,NNW
2019,6,13,24.5,32.9,16:50,16.7,5:20,0.2,6.4,0.0,0.5,12.9,19:20,S
2019,6,14,25.4,33.3,15:20,16.9,6:30,0.1,7.1,0.0,1.6,20.9,21:40,SSW
2019,6,15,25.4,31.6,16:10,19.2,6:50,0.0,7.1,0.0,1.6,16.1,1:00,E
2019,6,16,21.6,30.5,14:40,16.6,6:40,0.1,3.3,1.2,3.2,41.8,20:10,ENE
2019,6,17,19.5,27.8,13:50,14.1,6:20,1.0,2.2,0.8,1.9,24.1,15:00,SSW
2019,6,18,21.4,28.4,14:10,14.8,6:10,0.7,3.8,0.2,2.1,16.1,14:50,SW
2019,6,19,21.7,28.2,16:10,14.4,6:30,0.7,4.1,0.0,2.4,19.3,14:10,ENE
2019,6,20,21.4,29.3,15:20,14.9,6:40,0.6,3.7,1.6,1.8,16.1,14:50,E
2019,6,21,22.9,30.2,17:20,15.8,6:50,0.4,5.1,0.8,1.0,17.7,18:50,SW
2019,6,22,24.1,30.7,15:50,16.6,6:30,0.2,5.9,0.4,1.0,14.5,3:10,SW
2019,6,23,23.8,30.1,18:40,16.8,6:30,0.1,5.6,0.0,1.8,20.9,18:40,SSW
2019,6,24,22.5,29.1,15:00,16.9,6:20,0.1,4.3,0.4,2.4,32.2,18:20,W
2019,6,25,22.6,27.9,17:30,17.3,6:50,0.2,4.4,0.4,3.4,24.1,13:20,ENE
2019,6,26,23.9,28.6,17:00,20.3,23:30,0.0,5.6,0.0,5.6,30.6,18:40,ENE
2019,6,27,24.6,29.9,17:20,19.4,6:30,0.0,6.3,0.0,1.1,17.7,14:20,ENE
2019,6,28,24.4,30.0,14:30,17.4,4:20,0.1,6.2,0.0,5.0,33.8,23:20,NE
2019,6,29,24.0,28.5,16:50,20.1,6:30,0.0,5.7,0.0,7.4,46.7,0:30,NNW
2019,6,30,22.3,27.8,17:40,15.1,6:50,0.4,4.4,0.0,0.5,20.9,0:40,NE
2019,7,1,23.2,30.4,17:40,14.8,5:40,0.4,5.3,0.0,0.0,3.2,5:10,SSW
2019,7,2,24.4,32.5,17:10,15.9,7:10,0.3,6.4,0.0,1.1,16.1,16:40,ENE
2019,7,3,25.3,34.3,16:50,16.2,6:40,0.2,7.2,0.0,0.2,9.7,1:20,SW
2019,7,4,24.0,33.1,15:50,16.8,6:00,0.1,5.8,0.0,0.6,37.0,17:00,SSW
2019,7,5,23.8,32.7,17:10,15.6,6:50,0.4,5.8,0.0,2.4,32.2,17:50,NW
2019,7,6,24.3,31.0,15:20,16.6,6:50,0.1,6.1,0.0,2.6,19.3,20:40,NE
2019,7,7,25.2,33.6,15:20,16.3,6:40,0.2,7.0,0.0,2.3,27.4,17:30,WNW
2019,7,8,26.7,33.8,15:30,19.3,6:30,0.0,8.3,0.0,3.9,30.6,14:50,W
2019,7,9,25.8,33.7,15:30,17.0,6:30,0.1,7.6,0.0,3.2,40.2,20:20,WNW
2019,7,10,24.6,31.1,14:50,17.6,23:40,0.0,6.3,0.0,4.3,66.0,20:40,NE
2019,7,11,19.9,25.2,17:50,15.8,6:20,0.7,2.2,0.6,6.6,45.1,4:20,NE
2019,7,12,20.3,26.6,17:10,13.1,5:50,1.2,3.1,0.2,2.4,20.9,20:30,SSW
2019,7,13,20.6,26.4,17:10,13.5,6:30,0.9,3.2,0.2,2.6,38.6,23:00,ENE
2019,7,14,20.4,25.7,17:40,15.8,7:30,0.4,2.4,0.6,4.3,22.5,20:50,NNW
2019,7,15,19.5,25.8,16:10,13.8,6:30,0.9,2.1,1.2,1.9,22.5,19:40,SW
2019,7,16,16.4,17.9,0:10,15.6,5:40,1.9,0.0,12.0,1.3,16.1,23:10,SW
2019,7,17,19.9,25.2,16:10,15.0,1:30,0.9,2.4,0.4,4.2,30.6,11:00,NE
2019,7,18,20.4,27.8,17:00,12.8,6:00,1.4,3.6,0.0,1.6,16.1,23:10,SW
2019,7,19,21.1,27.9,15:00,14.8,5:50,0.7,3.5,0.0,1.3,25.7,16:40,S
2019,7,20,21.7,28.8,17:00,13.9,6:20,0.9,4.2,0.0,0.8,14.5,22:20,NNE
2019,7,21,22.9,30.6,16:20,15.4,6:10,0.5,5.1,0.0,0.3,11.3,22:20,S
2019,7,22,24.3,31.2,16:30,16.4,6:50,0.2,6.1,0.0,2.3,25.7,23:30,NE
2019,7,23,24.9,29.0,15:00,19.5,6:30,0.0,6.6,0.0,4.5,22.5,1:10,NE
2019,7,24,23.8,28.3,16:40,16.9,6:50,0.1,5.6,0.0,6.4,35.4,14:10,NE
2019,7,25,23.3,29.7,16:40,16.0,6:30,0.3,5.3,0.0,0.6,17.7,0:40,SW
2019,7,26,24.2,32.0,17:30,16.8,6:20,0.2,6.1,0.0,0.0,9.7,2:20,SW
2019,7,27,25.3,33.7,14:50,17.1,7:10,0.1,7.1,0.0,0.6,19.3,19:00,SW
2019,7,28,25.6,32.7,17:40,18.3,5:50,0.0,7.2,0.0,2.1,27.4,18:40,SSE
2019,7,29,23.8,28.8,16:00,18.3,6:40,0.0,5.4,0.0,3.7,25.7,17:10,S
2019,7,30,23.5,29.1,17:00,18.1,6:20,0.0,5.2,0.0,2.3,24.1,21:30,SW
2019,7,31,24.8,31.2,15:30,18.2,6:40,0.0,6.5,0.0,1.1,17.7,18:20,SSW
2019,8,1,25.4,32.6,16:40,18.3,6:40,0.0,7.1,0.0,1.1,19.3,20:40,SW
2019,8,2,27.1,35.5,17:20,19.4,6:30,0.0,8.8,0.0,1.8,24.1,21:50,SSW
2019,8,3,25.8,34.2,15:40,18.3,7:40,0.0,7.4,0.0,3.9,37.0,18:50,S
2019,8,4,23.8,28.3,15:10,20.2,6:10,0.0,5.5,0.0,5.8,35.4,6:50,NNW
2019,8,5,23.7,28.3,16:30,19.7,8:00,0.0,5.4,0.0,3.4,24.1,0:10,NNW
2019,8,6,23.0,30.8,17:00,14.8,7:30,0.6,5.3,0.0,1.4,16.1,2:40,E
2019,8,7,24.2,32.6,16:30,15.1,6:30,0.4,6.3,0.0,0.5,11.3,2:00,SSW
2019,8,8,25.7,34.8,16:50,16.3,6:40,0.2,7.6,0.0,1.1,17.7,21:30,S
2019,8,9,25.7,33.4,14:40,19.1,7:20,0.0,7.3,0.0,1.1,22.5,15:30,SSW
2019,8,10,26.4,34.5,16:20,18.7,6:50,0.0,8.1,0.0,0.2,9.7,20:00,E
2019,8,11,26.8,34.6,16:30,18.4,7:30,0.0,8.4,0.0,1.6,12.9,7:30,ENE
2019,8,12,26.6,33.3,17:10,19.3,7:30,0.0,8.2,0.0,1.8,19.3,15:20,NE
2019,8,13,25.9,34.6,16:10,16.6,7:00,0.1,7.8,0.0,0.3,17.7,20:00,ENE
2019,8,14,25.9,35.6,16:50,16.8,6:30,0.1,7.7,0.0,2.6,27.4,22:40,S
2019,8,15,23.5,29.9,14:40,19.5,7:20,0.0,5.2,1.6,2.1,25.7,16:10,S
2019,8,16,22.2,28.9,17:10,17.1,4:20,0.2,3.9,0.0,2.3,17.7,18:30,ENE
2019,8,17,22.7,27.7,16:40,17.5,6:20,0.0,4.4,0.0,4.3,27.4,0:40,NNW
2019,8,18,21.9,29.6,17:00,13.7,7:00,1.0,4.6,0.0,1.6,14.5,22:10,SSW
2019,8,19,23.1,30.9,16:10,14.9,7:00,0.7,5.4,0.0,1.3,16.1,20:00,S
2019,8,20,23.8,31.2,16:30,15.7,7:20,0.3,5.8,0.0,1.1,16.1,19:50,S
2019,8,21,24.2,31.3,16:40,16.4,6:50,0.2,6.0,0.0,1.8,17.7,19:40,E
2019,8,22,24.3,31.5,17:00,15.9,7:00,0.2,6.2,0.0,1.3,14.5,6:00,SSW
2019,8,23,24.7,32.2,16:00,17.4,7:30,0.1,6.4,0.0,1.3,14.5,20:20,SSW
2019,8,24,24.7,32.0,15:50,17.2,7:10,0.1,6.4,0.0,2.1,17.7,17:30,E
2019,8,25,24.5,31.8,17:00,17.1,5:40,0.1,6.3,0.0,0.8,17.7,19:10,SSW
2019,8,26,24.3,32.3,15:50,15.9,7:20,0.2,6.2,0.0,2.4,19.3,17:30,E
2019,8,27,22.5,31.7,16:10,16.0,7:00,0.3,4.4,1.8,1.6,30.6,19:30,S
2019,8,28,22.6,30.8,15:50,14.9,6:20,0.8,4.9,0.0,1.8,14.5,1:00,SW
2019,8,29,22.9,31.1,17:00,14.8,5:50,0.7,5.3,0.0,0.8,19.3,20:40,SW
2019,8,30,22.9,30.3,16:20,14.6,7:10,0.5,5.1,0.0,1.4,16.1,20:00,NE
2019,8,31,22.6,29.8,15:00,14.6,7:20,0.6,4.8,0.0,1.6,12.9,16:10,S
2019,9,1,22.6,30.0,16:50,15.0,7:40,0.6,4.8,0.0,1.4,16.1,20:10,SSW
2019,9,2,22.1,30.5,15:30,14.8,7:10,0.6,4.3,0.0,1.9,29.0,18:10,SW
2019,9,3,22.5,29.0,16:50,18.6,6:10,0.0,4.2,0.0,0.6,16.1,21:40,SW
2019,9,4,22.9,28.8,15:50,17.2,6:30,0.1,4.7,0.0,1.6,17.7,18:20,E
2019,9,5,21.0,27.6,17:20,15.6,5:10,0.7,3.3,0.0,1.6,20.9,18:30,SW
2019,9,6,21.2,28.6,16:10,13.9,7:40,1.0,3.8,0.0,1.1,19.3,18:10,S
2019,9,7,21.4,27.4,16:10,15.8,7:30,0.3,3.4,0.0,0.5,16.1,17:40,SSW
2019,9,8,21.5,28.8,16:40,14.7,7:00,0.7,3.9,0.0,1.6,17.7,20:00,SSW
2019,9,9,22.4,27.4,16:30,16.1,7:20,0.2,4.3,0.0,0.0,9.7,0:50,NE
2019,9,10,20.9,27.9,17:00,15.3,7:20,0.4,3.1,11.4,0.5,25.7,18:00,SSW
2019,9,11,21.2,26.2,16:30,16.7,8:40,0.2,3.1,0.8,1.0,17.7,19:30,SW
2019,9,12,21.5,26.8,15:10,16.2,7:20,0.2,3.4,0.0,3.2,24.1,16:20,NE
2019,9,13,21.8,25.3,15:40,18.0,6:40,0.0,3.4,0.0,7.9,37.0,4:10,NE
2019,9,14,21.5,26.3,15:50,13.2,7:00,0.3,3.5,0.0,4.2,30.6,8:20,NE
2019,9,15,21.3,27.0,17:00,14.1,8:00,0.6,3.6,0.0,2.6,25.7,3:50,NE
2019,9,16,20.0,28.6,17:30,11.8,6:40,1.8,3.4,0.0,1.0,17.7,19:50,SW
2019,9,17,21.1,30.0,17:30,12.9,8:00,1.2,3.9,0.0,1.0,12.9,17:30,S
2019,9,18,21.2,29.5,16:10,12.9,7:40,1.1,3.9,0.0,2.1,27.4,14:10,S
2019,9,19,19.5,26.7,15:00,15.3,7:30,0.8,2.0,0.0,2.3,32.2,19:50,SW
2019,9,20,16.1,25.3,15:50,7.6,00:00,3.1,0.9,0.0,0.2,14.5,0:50,SW
2019,9,21,14.6,27.6,14:30,6.4,1:00,5.1,1.3,0.0,0.0,9.7,20:20,SSE
2019,9,22,15.7,22.7,16:40,9.6,6:40,3.4,0.8,0.0,0.6,12.9,6:00,NE
2019,9,23,17.9,24.2,14:50,12.2,3:40,2.2,1.7,0.0,0.5,12.9,18:40,S
2019,9,24,17.7,22.0,16:50,14.3,00:00,1.2,0.6,0.0,2.1,33.8,0:20,ENE
2019,9,25,17.9,25.3,16:40,11.3,7:30,2.4,2.0,0.0,1.3,19.3,18:40,SW
2019,9,26,18.3,25.5,14:30,12.2,6:50,1.8,1.8,0.0,1.9,27.4,14:40,W
2019,9,27,18.3,25.2,16:10,12.1,7:40,1.8,1.8,0.0,0.5,11.3,18:20,ENE
2019,9,28,17.7,25.8,16:20,10.3,8:10,2.6,1.9,0.0,0.6,12.9,0:40,SSW
2019,9,29,19.7,29.2,16:20,11.8,7:30,1.8,3.2,0.0,1.3,14.5,16:10,S
2019,9,30,19.4,27.6,14:10,11.9,8:00,1.7,2.8,0.0,3.1,32.2,16:00,S
2019,10,1,19.6,27.3,15:30,12.4,7:20,1.4,2.7,0.0,0.8,25.7,13:40,SSW
2019,10,2,18.9,26.9,17:40,12.1,7:30,1.9,2.4,0.0,1.0,19.3,17:40,S
2019,10,3,15.7,18.1,16:50,13.4,4:20,2.6,0.0,0.0,1.3,17.7,10:40,SSW
2019,10,4,14.5,18.8,15:00,12.3,7:30,3.8,0.0,0.0,1.8,30.6,2:20,SW
2019,10,5,15.1,20.7,15:00,10.7,8:00,3.4,0.3,0.0,3.5,29.0,15:00,W
2019,10,6,15.9,22.6,15:50,10.3,8:00,3.2,0.8,0.0,2.1,27.4,16:50,SW
2019,10,7,11.9,17.0,14:20,8.4,7:00,6.4,0.0,2.2,1.3,17.7,14:50,S
2019,10,8,12.9,15.2,15:30,11.1,3:00,5.4,0.0,0.4,1.0,12.9,17:00,E
2019,10,9,14.4,18.2,16:40,12.2,5:40,3.9,0.0,0.0,0.3,11.3,1:00,SSW
2019,10,10,15.4,22.8,16:50,9.4,8:00,3.6,0.6,0.0,0.5,19.3,18:40,S
2019,10,11,18.4,24.2,15:20,13.1,7:00,1.6,1.7,0.0,1.4,17.7,18:40,ENE
2019,10,12,17.9,22.5,16:00,14.7,00:00,1.2,0.8,0.0,0.0,8.0,0:10,SW
2019,10,13,15.9,23.4,16:50,11.4,7:00,3.2,0.7,0.0,0.0,0.0,---,---
2019,10,14,16.1,24.2,17:00,10.2,7:10,3.3,1.0,0.0,0.2,8.0,8:20,S
2019,10,15,15.9,24.7,16:10,9.4,7:40,3.6,1.1,0.0,0.0,6.4,1:20,SSW
2019,10,16,15.8,24.7,16:00,9.2,7:10,3.6,1.1,0.0,0.0,9.7,23:30,SSW
2019,10,17,16.4,24.9,16:30,10.1,6:50,3.2,1.3,0.0,0.6,14.5,16:50,SSE
2019,10,18,16.2,23.6,15:40,10.3,8:40,3.1,1.1,0.0,0.2,12.9,17:40,S
2019,10,19,15.8,22.9,16:10,10.5,7:20,3.3,0.8,0.0,0.5,9.7,17:40,SSW
2019,10,20,15.4,23.3,16:20,9.7,8:00,3.7,0.8,0.0,0.3,9.7,5:40,S
2019,10,21,15.2,23.6,16:40,9.3,7:20,3.9,0.8,0.0,0.2,9.7,6:30,S
2019,10,22,15.1,24.6,16:00,8.7,7:30,4.2,0.9,0.0,0.3,11.3,22:20,S
2019,10,23,14.3,23.8,16:40,7.9,8:20,4.8,0.8,0.0,0.3,8.0,4:20,SSW
2019,10,24,12.7,22.5,16:30,5.7,7:30,6.1,0.4,0.0,0.5,9.7,8:50,S
2019,10,25,12.5,22.4,16:10,5.2,7:30,6.3,0.4,0.0,0.5,9.7,2:30,S
2019,10,26,12.6,22.4,16:30,5.2,7:50,6.2,0.4,0.0,0.5,9.7,9:40,SSW
2019,10,27,12.6,22.6,15:40,5.4,7:00,6.2,0.3,0.0,0.3,8.0,8:00,SSW
2019,10,28,12.9,23.5,15:20,5.7,6:20,5.9,0.5,0.0,0.3,9.7,3:00,SSW
2019,10,29,12.2,22.1,15:30,4.8,7:10,6.5,0.3,0.0,0.3,8.0,6:40,SSW
2019,10,30,13.4,20.9,16:00,6.4,6:10,5.2,0.3,0.0,0.6,14.5,16:00,S
2019,10,31,13.6,18.1,15:20,11.3,8:10,4.8,0.0,2.4,1.0,17.7,16:20,ENE
2019,11,1,12.1,14.1,13:40,11.0,22:40,6.2,0.0,0.2,0.5,14.5,14:40,SSE
2019,11,2,12.1,14.3,14:00,10.6,3:10,6.3,0.0,0.0,0.8,22.5,15:40,S
2019,11,3,13.2,15.6,15:40,11.5,7:10,5.2,0.0,0.0,1.1,19.3,10:20,S
2019,11,4,12.8,15.8,14:30,9.6,00:00,5.5,0.0,4.6,2.1,25.7,11:10,S
2019,11,5,11.9,19.1,16:10,7.8,6:40,6.4,0.0,0.0,0.5,12.9,6:20,S
2019,11,6,12.0,17.9,17:10,7.2,6:30,6.3,0.0,0.0,0.5,11.3,17:10,SSW
2019,11,7,13.3,15.4,2:50,11.9,23:20,5.1,0.0,32.0,1.9,22.5,1:50,S
2019,11,8,12.2,14.6,13:50,9.6,00:00,6.2,0.0,0.6,0.8,14.5,4:20,SSE
2019,11,9,10.4,12.7,17:10,8.4,8:30,7.9,0.0,0.0,0.5,11.3,2:30,SSW
2019,11,10,11.5,15.6,15:20,7.2,00:00,6.8,0.0,14.4,1.1,27.4,14:40,SSW
2019,11,11,8.9,15.9,15:30,4.0,7:10,9.4,0.0,0.0,0.6,14.5,15:20,SSW
2019,11,12,12.2,15.0,15:20,8.9,0:50,6.2,0.0,9.6,1.1,20.9,21:20,SSW
2019,11,13,12.4,15.1,14:40,10.2,5:00,5.9,0.0,7.4,1.8,27.4,2:10,SSE
2019,11,14,11.5,15.2,14:20,8.4,23:50,6.8,0.0,0.0,0.2,9.7,3:10,ENE
2019,11,15,10.1,14.9,16:10,6.1,6:00,8.3,0.0,0.0,0.5,12.9,5:50,SSW
2019,11,16,10.5,14.9,14:40,7.3,4:50,7.8,0.0,0.0,0.2,9.7,2:40,W
2019,11,17,11.6,15.7,14:00,8.3,5:20,6.7,0.0,0.0,0.8,19.3,14:00,SSE
2019,11,18,12.1,16.4,15:30,6.7,23:50,6.3,0.0,2.8,0.5,12.9,20:20,NE
2019,11,19,9.9,13.4,14:50,5.7,2:10,8.4,0.0,11.2,0.3,14.5,9:50,NE
2019,11,20,11.3,14.1,15:30,7.4,00:00,7.0,0.0,6.0,1.1,19.3,11:20,S
2019,11,21,9.0,12.9,15:20,6.9,3:10,9.3,0.0,0.0,0.3,14.5,23:00,W
2019,11,22,9.9,14.8,15:00,5.9,00:00,8.4,0.0,0.4,0.5,11.3,1:40,NE
2019,11,23,8.8,13.2,15:30,4.6,7:10,9.6,0.0,0.0,0.3,12.9,2:00,S
2019,11,24,10.5,12.1,21:20,8.4,2:20,7.8,0.0,2.2,2.1,22.5,21:00,ENE
2019,11,25,10.3,11.8,10:10,8.8,23:50,8.0,0.0,7.6,6.8,30.6,9:50,ENE
2019,11,26,10.7,14.1,12:40,8.0,6:20,7.6,0.0,0.0,0.6,11.3,9:10,NE
2019,11,27,8.5,13.2,15:40,4.6,6:30,9.8,0.0,0.0,0.2,8.0,8:00,SSW
2019,11,28,9.4,11.9,23:00,6.3,7:40,8.9,0.0,7.8,0.6,22.5,21:10,S
2019,11,29,11.7,16.1,14:00,7.3,23:50,6.6,0.0,2.8,5.1,40.2,13:50,W
2019,11,30,8.5,14.4,13:30,5.0,5:00,9.8,0.0,0.6,3.5,40.2,14:30,NNW
2019,12,1,5.4,10.2,15:40,1.4,7:50,12.9,0.0,0.0,0.8,16.1,1:10,SSW
2019,12,2,4.2,7.6,15:10,0.7,2:40,14.2,0.0,0.0,0.5,11.3,6:50,SSW
2019,12,3,6.4,11.8,16:10,1.1,3:50,11.9,0.0,5.0,0.8,14.5,3:30,SSE
2019,12,4,4.3,6.2,0:50,3.1,23:00,14.0,0.0,3.0,2.7,22.5,5:50,E
2019,12,5,4.1,5.8,15:10,2.4,6:10,14.3,0.0,0.0,0.2,9.7,1:50,SW
2019,12,6,5.3,6.7,15:20,4.4,6:40,13.0,0.0,0.0,0.5,14.5,23:40,SW
2019,12,7,8.1,12.1,15:10,5.3,0:30,10.2,0.0,8.6,1.0,16.1,19:10,SW
2019,12,8,7.5,13.5,15:00,3.6,00:00,10.8,0.0,0.0,0.8,16.1,17:00,W
2019,12,9,4.8,9.8,15:30,1.1,8:10,13.5,0.0,0.0,0.2,9.7,3:50,SSW
2019,12,10,6.8,8.3,00:00,5.3,2:20,11.5,0.0,1.0,0.6,19.3,23:20,ENE
2019,12,11,6.8,8.7,1:40,5.1,23:40,11.6,0.0,1.4,5.1,27.4,10:40,ENE
2019,12,12,6.0,9.2,15:30,3.8,5:20,12.3,0.0,0.0,0.3,9.7,2:20,SW
2019,12,13,5.9,8.2,15:40,4.6,21:10,12.4,0.0,0.0,0.3,11.3,10:30,S
2019,12,14,7.6,10.3,18:20,5.6,10:00,10.8,0.0,7.6,3.1,27.4,21:00,WSW
2019,12,15,6.4,12.3,15:10,2.8,8:00,11.9,0.0,0.0,0.5,14.5,10:10,SW
2019,12,16,5.4,12.3,14:40,1.2,7:40,12.9,0.0,0.0,0.2,8.0,9:20,SSW
2019,12,17,5.7,12.3,14:50,1.7,8:20,12.7,0.0,0.0,0.0,11.3,21:40,SSW
2019,12,18,5.3,11.1,15:30,1.6,8:00,13.0,0.0,0.0,0.2,9.7,10:30,SW
2019,12,19,4.3,8.2,16:00,1.3,8:20,14.0,0.0,0.0,0.2,11.3,21:30,W
2019,12,20,5.0,6.9,16:10,3.0,8:00,13.3,0.0,0.4,0.6,11.3,5:10,SW
2019,12,21,9.3,15.1,15:20,4.4,6:10,9.1,0.0,0.0,4.0,37.0,16:40,SSE
2019,12,22,10.4,14.6,12:40,6.6,23:20,7.9,0.0,14.2,4.2,48.3,17:00,SSE
2019,12,23,7.9,11.7,15:20,4.8,7:20,10.4,0.0,0.2,2.9,38.6,15:40,SW
2019,12,24,7.5,10.1,14:20,5.0,00:00,10.8,0.0,0.0,10.0,35.4,13:40,NW
2019,12,25,6.5,10.1,14:00,3.1,6:30,11.8,0.0,0.0,6.1,32.2,12:50,NNW
2019,12,26,5.3,10.7,13:50,0.8,7:20,13.0,0.0,0.0,3.1,22.5,13:00,NNW
2019,12,27,3.6,6.9,12:40,0.3,7:40,14.7,0.0,0.0,4.8,24.1,3:30,NNW
2019,12,28,2.1,4.3,14:20,-0.3,6:50,16.3,0.0,0.0,7.1,40.2,22:50,NE
2019,12,29,0.3,2.2,13:40,-0.9,22:30,18.1,0.0,0.0,10.5,45.1,9:10,N
2019,12,30,0.3,2.5,14:20,-1.3,4:00,18.0,0.0,0.0,10.0,45.1,15:20,N
2019,12,31,0.8,6.2,15:00,-3.3,7:30,17.6,0.0,0.0,1.8,19.3,1:20,WSW
2020,1,1,3.8,8.9,13:00,0.3,5:10,14.5,0.0,0.0,7.7,45.1,9:40,NNW
2020,1,2,2.3,6.0,15:00,-1.8,7:00,16.0,0.0,0.0,7.2,33.8,19:20,NE
2020,1,3,1.1,8.6,15:30,-3.6,8:10,17.2,0.0,0.0,0.5,17.7,0:10,SW
2020,1,4,2.8,9.9,14:20,-2.7,8:00,15.6,0.0,0.0,0.2,11.3,17:50,SSW
2020,1,5,3.5,6.5,3:40,0.5,15:30,14.8,0.0,0.0,12.6,56.3,8:10,NNW
2020,1,6,0.8,2.2,13:30,-0.3,00:00,17.6,0.0,0.0,14.5,56.3,5:30,N
2020,1,7,0.9,4.6,14:20,-3.3,8:10,17.4,0.0,0.0,7.9,37.0,23:00,NNW
2020,1,8,0.7,6.5,15:00,-4.1,6:50,17.6,0.0,0.0,4.3,24.1,2:30,WSW
2020,1,9,-0.8,6.5,15:40,-5.9,7:10,19.1,0.0,0.0,0.3,11.3,0:20,SW
2020,1,10,1.2,9.3,15:40,-4.2,7:50,17.2,0.0,0.0,0.0,6.4,6:00,S
2020,1,11,3.4,9.8,16:40,-2.0,7:10,14.9,0.0,0.0,1.6,24.1,18:00,NE
2020,1,12,4.0,6.2,0:10,2.9,8:00,14.3,0.0,0.0,0.5,14.5,0:50,SW
2020,1,13,3.4,7.5,15:40,-0.1,00:00,14.9,0.0,0.0,0.2,11.3,3:50,NNE
2020,1,14,1.4,8.7,16:10,-2.8,7:40,16.9,0.0,0.0,0.0,9.7,22:40,W
2020,1,15,1.7,8.6,15:20,-2.4,7:50,16.6,0.0,0.0,0.3,9.7,0:50,W
2020,1,16,1.7,9.9,15:30,-2.8,7:30,16.6,0.0,0.0,0.6,17.7,18:50,W
2020,1,17,1.3,7.9,16:10,-3.1,7:10,17.0,0.0,0.0,0.2,11.3,2:00,W
2020,1,18,1.9,4.4,15:20,-0.3,0:50,16.4,0.0,0.0,0.3,8.0,4:30,NE
2020,1,19,3.5,5.9,15:20,2.0,8:10,14.8,0.0,0.0,0.2,8.0,11:50,NE
2020,1,20,2.4,4.8,14:40,-2.3,23:20,15.9,0.0,0.0,3.9,22.5,12:30,NE
2020,1,21,-1.2,5.1,16:20,-6.2,7:30,19.5,0.0,0.0,0.5,11.3,23:00,SSW
2020,1,22,1.8,10.4,18:10,-4.3,7:10,16.6,0.0,0.0,0.5,24.1,18:00,SW
2020,1,23,3.4,12.7,15:30,-2.7,7:30,14.9,0.0,0.0,1.3,20.9,13:50,SE
2020,1,24,1.6,6.8,15:20,-2.4,3:40,16.7,0.0,0.0,0.5,11.3,1:30,S
2020,1,25,4.8,14.8,15:20,-2.2,6:30,13.5,0.0,0.0,1.3,25.7,16:20,ESE
2020,1,26,5.4,10.2,15:40,0.8,6:50,12.9,0.0,0.0,0.2,9.7,20:40,SSW
2020,1,27,7.4,10.2,15:00,5.8,6:00,10.9,0.0,0.6,2.1,27.4,21:00,W
2020,1,28,7.6,12.9,15:00,1.6,8:10,10.8,0.0,0.0,4.0,33.8,11:50,SE
2020,1,29,9.8,14.2,14:50,5.1,4:20,8.5,0.0,0.0,6.4,40.2,14:00,W
2020,1,30,6.8,12.7,13:50,1.1,23:40,11.5,0.0,0.0,4.8,29.0,13:50,W
2020,1,31,5.3,14.2,14:40,-2.3,8:20,13.0,0.0,0.0,3.2,33.8,15:20,W
2020,2,1,7.6,15.3,16:10,1.7,8:10,10.8,0.0,0.0,0.8,17.7,1:00,W
2020,2,2,7.4,15.8,14:50,1.4,7:50,10.9,0.0,0.0,2.1,24.1,17:00,W
2020,2,3,8.5,16.0,13:00,1.9,6:10,9.8,0.0,0.0,3.4,38.6,13:10,NW
2020,2,4,9.1,16.8,15:30,3.3,7:40,9.2,0.0,0.0,2.3,29.0,16:10,S
2020,2,5,4.9,11.2,2:00,1.2,22:30,13.4,0.0,0.4,10.8,49.9,7:10,NW
2020,2,6,0.9,2.7,14:50,-0.7,6:50,17.4,0.0,0.0,10.0,48.3,12:30,NNW
2020,2,7,1.0,6.4,14:20,-3.8,7:30,17.3,0.0,0.0,6.6,37.0,0:20,SW
2020,2,8,1.9,7.9,15:10,-3.6,7:10,16.4,0.0,0.0,1.8,19.3,1:10,S
2020,2,9,2.2,10.1,16:40,-4.4,6:40,16.1,0.0,0.0,0.6,14.5,23:10,SSW
2020,2,10,6.5,13.4,14:00,-1.0,7:30,11.8,0.0,0.0,3.5,37.0,11:10,W
2020,2,11,12.8,17.4,14:40,9.2,4:00,5.5,0.0,0.0,4.2,33.8,11:00,W
2020,2,12,9.7,14.5,14:50,5.6,8:10,8.7,0.0,0.0,2.1,17.7,14:00,W
2020,2,13,5.9,12.1,15:30,0.9,7:40,12.4,0.0,0.0,1.0,12.9,13:00,NE
2020,2,14,6.0,8.1,11:10,3.5,3:30,12.3,0.0,6.0,0.8,14.5,10:20,NE
2020,2,15,7.7,10.4,15:30,3.2,00:00,10.6,0.0,0.0,10.5,59.5,6:30,NNE
2020,2,16,4.9,11.4,15:50,-0.4,8:00,13.4,0.0,0.0,0.8,12.9,2:30,W
2020,2,17,4.8,12.3,16:20,0.4,5:00,13.6,0.0,0.0,0.5,11.3,0:40,SW
2020,2,18,7.4,18.0,15:30,0.1,7:40,10.9,0.0,0.0,0.2,8.0,20:40,SW
2020,2,19,7.8,13.2,15:50,2.4,7:20,10.5,0.0,0.0,0.5,17.7,20:20,S
2020,2,20,5.7,7.4,11:00,3.9,00:00,12.7,0.0,0.2,7.1,43.5,13:40,NNW
2020,2,21,5.2,10.4,14:30,0.8,7:50,13.2,0.0,0.0,5.3,30.6,0:40,WSW
2020,2,22,4.3,7.3,13:40,0.6,23:40,14.1,0.0,0.0,9.3,45.1,10:50,NNE
2020,2,23,4.7,13.3,15:30,-2.3,6:20,13.7,0.0,0.0,1.0,17.7,1:40,W
2020,2,24,10.2,20.7,14:50,2.4,6:50,8.3,0.2,0.0,2.6,33.8,13:20,W
2020,2,25,9.6,17.1,16:20,2.2,7:40,8.8,0.0,0.0,2.3,29.0,18:50,NE
2020,2,26,9.9,17.7,13:00,2.6,7:30,8.4,0.0,0.0,4.8,41.8,14:40,S
2020,2,27,6.8,11.8,0:10,2.7,22:40,11.5,0.0,3.0,7.1,51.5,14:40,W
2020,2,28,5.1,12.1,14:50,1.0,5:00,13.3,0.0,0.0,5.8,61.2,19:30,S
2020,2,29,5.4,11.1,15:40,0.7,7:20,12.9,0.0,0.0,6.3,45.1,2:10,NW
2020,3,1,6.6,15.1,16:00,-1.0,7:20,11.8,0.0,0.0,0.8,14.5,19:40,S
2020,3,2,12.4,19.5,14:30,5.6,1:50,6.0,0.1,0.0,4.0,30.6,12:40,S
2020,3,3,13.2,17.2,16:20,9.1,4:10,5.2,0.0,0.0,3.7,32.2,14:10,SSE
2020,3,4,9.4,13.6,15:50,6.7,22:20,8.9,0.0,9.4,3.1,29.0,14:10,WSW
2020,3,5,7.8,11.8,16:30,3.8,23:50,10.5,0.0,0.0,4.5,20.9,8:00,W
2020,3,6,6.7,12.8,16:30,0.9,6:20,11.6,0.0,0.0,2.4,25.7,23:20,SSE
2020,3,7,10.6,14.4,14:30,7.8,22:10,7.7,0.0,0.8,3.2,27.4,19:00,WSW
2020,3,8,10.4,16.7,14:20,6.8,4:10,7.9,0.0,1.2,4.2,33.8,15:20,SW
2020,3,9,8.2,12.8,16:00,4.8,7:40,10.1,0.0,0.0,4.8,27.4,14:50,WSW
2020,3,10,8.3,12.8,14:40,4.3,4:10,10.0,0.0,0.0,4.3,25.7,11:40,NNW
2020,3,11,8.9,14.5,15:20,3.3,6:30,9.4,0.0,0.0,0.2,17.7,23:30,SSE
2020,3,12,12.2,19.9,16:30,5.8,7:20,6.3,0.1,0.0,2.4,17.7,0:20,ESE
2020,3,13,13.2,24.3,16:10,4.1,6:30,6.1,0.9,0.0,1.1,24.1,16:20,W
2020,3,14,13.6,21.8,15:50,7.2,6:40,5.1,0.3,0.0,0.2,16.1,17:50,SW
2020,3,15,8.0,11.4,0:10,2.3,21:30,10.3,0.0,11.0,3.2,29.0,17:20,WSW
2020,3,16,5.8,9.7,15:40,1.1,00:00,12.5,0.0,0.0,7.7,29.0,5:00,E
2020,3,17,5.1,13.4,15:40,-2.7,6:30,13.3,0.0,0.0,1.3,11.3,22:00,S
2020,3,18,8.9,16.2,14:20,1.1,5:50,9.4,0.0,0.0,5.5,33.8,16:10,NE
2020,3,19,8.1,15.5,16:30,0.1,6:50,10.2,0.0,0.0,2.1,12.9,15:40,SSW
2020,3,20,10.3,19.3,16:20,2.2,5:30,8.1,0.0,0.0,1.1,12.9,18:10,SW
2020,3,21,11.7,20.5,17:00,2.6,6:40,6.9,0.3,0.0,1.3,20.9,19:50,SSE
2020,3,22,10.9,16.9,13:40,5.7,6:40,7.4,0.0,0.4,2.1,32.2,17:50,SW
2020,3,23,6.0,9.9,1:00,1.7,22:30,12.3,0.0,2.0,3.4,20.9,6:50,NE
2020,3,24,4.3,9.7,15:50,1.4,3:20,14.0,0.0,0.0,2.7,19.3,17:00,W
2020,3,25,4.3,6.7,15:50,0.7,1:10,14.0,0.0,0.6,9.5,40.2,17:20,ENE
2020,3,26,6.4,8.6,15:00,5.2,7:30,11.9,0.0,0.6,14.5,35.4,2:00,E
2020,3,27,6.3,8.6,14:00,4.8,5:10,12.1,0.0,1.6,2.6,19.3,7:50,E
2020,3,28,8.1,11.2,15:20,5.6,5:30,10.2,0.0,1.0,1.3,11.3,9:30,E
2020,3,29,9.4,15.3,16:00,5.9,6:50,8.6,0.0,1.2,1.1,24.1,14:10,SW
2020,3,30,8.8,15.9,15:30,2.0,7:30,9.5,0.0,0.0,1.3,14.5,3:30,SSW
2020,3,31,8.5,15.3,15:00,3.5,7:20,9.8,0.0,0.6,1.6,35.4,17:30,SW
2020,4,1,5.9,9.2,11:50,1.3,19:20,12.4,0.0,12.6,4.0,32.2,17:30,SSE
2020,4,2,5.2,10.5,16:30,1.2,7:10,13.2,0.0,0.0,4.2,25.7,11:40,NE
2020,4,3,5.9,9.2,14:20,3.6,0:40,12.4,0.0,4.0,2.3,19.3,16:30,SSE
2020,4,4,4.4,8.0,19:20,0.9,7:50,13.9,0.0,11.6,1.1,16.1,19:10,W
2020,4,5,7.9,9.1,17:00,6.3,0:10,10.4,0.0,0.6,10.1,38.6,5:00,N
2020,4,6,8.2,9.9,17:00,6.5,23:30,10.2,0.0,0.0,5.5,33.8,20:40,E
2020,4,7,10.2,14.1,16:40,5.9,00:00,8.1,0.0,0.0,8.2,37.0,14:20,E
2020,4,8,8.3,15.3,17:20,1.0,7:20,10.0,0.0,0.0,4.5,30.6,14:50,E
2020,4,9,10.2,19.2,17:00,2.0,7:30,8.2,0.1,0.0,1.9,16.1,22:20,SE
2020,4,10,12.1,20.8,17:20,3.7,7:10,6.6,0.3,0.0,2.3,19.3,12:20,ENE
2020,4,11,13.9,21.7,17:00,6.9,6:30,5.0,0.6,0.0,2.7,17.7,16:00,W
2020,4,12,14.6,20.8,17:20,9.2,7:40,4.0,0.3,0.0,0.2,14.5,2:10,SSW
2020,4,13,13.6,22.4,15:50,6.2,7:30,5.3,0.6,0.0,1.9,27.4,16:40,SW
2020,4,14,11.4,18.3,17:00,5.0,6:30,6.9,0.0,0.0,2.1,29.0,14:10,S
2020,4,15,8.7,11.9,0:10,4.1,7:50,9.7,0.0,0.0,8.2,48.3,7:40,NNE
2020,4,16,9.9,19.0,17:10,0.8,7:10,8.4,0.0,0.0,2.6,19.3,1:00,ENE
2020,4,17,13.2,24.1,17:20,3.3,6:50,6.1,0.9,0.0,0.8,12.9,4:00,SSW
2020,4,18,15.8,25.1,18:30,6.9,5:50,4.2,1.7,0.0,0.0,1.6,2:30,SW
2020,4,19,16.3,23.7,18:20,9.4,7:00,3.2,1.2,0.0,0.6,19.3,17:20,SW
2020,4,20,15.6,20.4,15:10,11.4,6:50,2.9,0.1,0.0,1.1,22.5,23:30,ENE
2020,4,21,10.9,14.9,0:40,8.0,23:50,7.4,0.0,15.0,3.5,19.3,0:10,SSE
2020,4,22,7.6,9.4,15:00,5.8,00:00,10.8,0.0,13.0,7.9,22.5,10:30,ENE
2020,4,23,5.6,9.7,18:50,1.1,5:20,12.7,0.0,6.8,1.3,19.3,2:20,SW
2020,4,24,11.1,17.7,16:30,4.8,7:30,7.3,0.0,0.0,0.8,11.3,22:00,E
2020,4,25,13.3,21.8,16:50,4.9,6:20,5.7,0.7,0.0,3.2,27.4,19:40,W
2020,4,26,14.8,22.1,17:20,6.7,7:10,4.3,0.7,0.0,3.4,29.0,2:20,W
2020,4,27,15.5,21.2,15:00,8.7,6:30,3.4,0.6,0.0,1.9,25.7,18:30,W
2020,4,28,15.9,23.2,16:00,8.6,7:10,3.4,0.9,0.0,1.8,27.4,16:30,SW
2020,4,29,15.3,20.2,12:40,10.5,7:20,3.2,0.1,0.0,2.1,61.2,13:10,SW
2020,4,30,14.9,20.4,14:40,9.6,6:20,3.7,0.2,0.0,3.7,35.4,14:50,SW
2020,5,1,14.9,21.6,14:00,7.2,6:00,4.1,0.7,0.0,3.5,32.2,12:30,W
2020,5,2,13.4,18.4,13:50,10.1,6:30,4.9,0.0,0.0,1.9,29.0,13:50,SW
2020,5,3,13.9,21.7,16:50,7.6,6:40,4.6,0.2,0.0,5.0,45.1,21:20,NW
2020,5,4,12.3,18.4,16:10,5.6,6:40,6.1,0.0,2.4,6.0,43.5,0:40,NNW
2020,5,5,15.0,24.2,17:20,5.6,7:00,4.5,1.1,0.0,4.0,29.0,16:40,W
2020,5,6,16.7,24.4,13:40,9.5,6:20,2.7,1.1,0.0,5.0,32.2,17:00,SW
2020,5,7,12.4,17.1,16:20,7.9,7:00,5.9,0.0,1.6,10.8,48.3,7:20,NE
2020,5,8,14.6,23.1,17:00,5.8,6:50,4.6,0.8,0.0,2.1,24.1,1:00,ENE
2020,5,9,16.4,26.3,16:40,6.9,6:50,3.9,2.1,0.0,1.8,24.1,19:10,SW
2020,5,10,17.0,25.4,16:10,8.3,6:50,2.8,1.4,0.0,0.6,17.7,18:00,S
2020,5,11,19.2,28.7,16:10,9.9,6:40,2.4,3.2,0.0,1.1,16.1,17:00,S
2020,5,12,20.1,27.2,16:00,11.4,6:20,1.4,3.2,0.0,5.0,38.6,20:50,W
2020,5,13,19.3,28.2,17:00,9.6,6:30,2.2,3.2,0.0,0.2,14.5,2:30,SW
2020,5,14,21.1,30.6,16:20,12.3,7:10,1.3,4.1,0.0,1.4,22.5,17:50,SSE
2020,5,15,22.8,31.8,18:30,14.6,5:30,0.6,5.1,0.0,0.5,20.9,19:20,NE
2020,5,16,21.8,30.8,17:50,14.2,6:00,0.9,4.4,0.0,0.0,0.0,---,---
2020,5,17,22.0,29.6,17:00,16.2,6:50,0.3,4.0,0.0,0.0,0.0,---,---
2020,5,18,22.6,29.9,15:10,14.8,6:10,0.6,4.8,0.0,0.3,14.5,18:30,SSE
2020,5,19,22.1,27.1,17:20,16.7,6:40,0.2,3.9,0.0,0.0,1.6,6:20,S
2020,5,20,22.0,29.1,16:50,16.6,5:20,0.2,3.8,0.0,1.9,29.0,16:50,SE
2020,5,21,16.6,21.8,11:40,13.1,6:00,2.2,0.4,0.0,5.0,33.8,18:50,NE
2020,5,22,16.8,21.8,16:20,12.7,00:00,2.2,0.7,0.0,5.3,35.4,3:30,NE
2020,5,23,15.6,22.7,12:30,7.1,6:10,3.8,1.1,0.0,2.7,17.7,14:30,S
2020,5,24,18.9,28.0,15:00,9.8,5:40,2.4,3.0,0.0,2.6,25.7,15:30,NNW
2020,5,25,16.8,21.3,15:20,14.4,6:30,1.8,0.2,0.0,5.0,25.7,9:00,NNW
2020,5,26,12.6,18.7,12:50,7.6,6:30,5.8,0.0,2.6,3.5,27.4,1:10,NNW
2020,5,27,13.2,19.2,16:20,8.7,1:20,5.2,0.0,2.2,3.4,29.0,9:30,NE
2020,5,28,13.7,20.3,17:50,7.2,6:00,4.7,0.1,0.4,0.6,38.6,20:20,NNW
2020,5,29,13.6,19.9,17:30,8.2,5:10,4.8,0.1,0.2,0.2,14.5,23:00,S
2020,5,30,14.3,21.4,14:10,7.9,5:50,4.4,0.4,0.0,1.6,29.0,19:00,SSE
2020,5,31,13.8,19.1,17:50,8.2,5:40,4.6,0.0,2.2,0.5,19.3,19:10,SW
2020,6,1,14.8,19.4,18:00,9.2,6:40,3.6,0.0,0.0,3.4,29.0,21:30,NW
2020,6,2,15.6,21.6,17:40,8.2,6:30,3.2,0.4,0.0,2.4,30.6,18:30,NW
2020,6,3,16.4,23.2,14:40,9.4,6:30,2.9,1.0,0.0,2.4,30.6,15:40,NNW
2020,6,4,17.7,26.2,17:00,9.6,6:00,2.8,2.2,0.0,2.1,24.1,17:30,SSW
2020,6,5,17.9,26.1,16:50,8.9,6:40,2.8,2.3,0.0,1.3,17.7,18:10,S
2020,6,6,16.6,19.9,0:10,13.5,15:40,1.9,0.1,14.6,4.3,29.0,15:30,ENE
2020,6,7,18.0,25.9,15:30,10.3,6:40,2.5,2.2,0.0,2.3,32.2,12:40,W
2020,6,8,18.4,24.1,17:50,12.2,7:00,1.6,1.7,0.0,0.5,22.5,13:30,S
2020,6,9,19.7,27.3,14:20,14.0,6:00,1.3,2.7,3.2,0.8,24.1,20:20,W
2020,6,10,18.7,26.6,15:30,13.8,5:30,1.3,1.7,2.0,1.6,43.5,17:40,WNW
2020,6,11,16.9,23.9,15:30,11.7,5:20,2.3,0.9,4.0,3.2,41.8,16:30,W
2020,6,12,17.5,23.8,16:20,10.2,5:50,2.3,1.5,0.0,4.2,32.2,18:00,NW
2020,6,13,20.1,26.3,15:00,13.2,6:30,1.3,2.9,0.0,2.9,32.2,16:30,W
2020,6,14,21.9,28.7,16:40,14.3,6:30,0.6,4.1,0.0,5.3,35.4,14:00,W
2020,6,15,20.8,27.9,16:10,13.7,6:40,0.8,3.3,0.0,3.4,25.7,18:50,W
2020,6,16,19.2,26.0,16:00,12.9,6:10,1.3,2.2,0.0,3.1,25.7,14:50,SW
2020,6,17,18.7,24.4,14:10,13.3,6:40,1.3,1.6,0.0,4.2,37.0,15:00,W
2020,6,18,20.7,27.3,16:00,13.9,6:10,0.8,3.2,0.0,5.0,33.8,11:20,W
2020,6,19,21.5,28.6,15:40,14.2,6:00,0.6,3.8,0.0,5.0,35.4,13:40,W
2020,6,20,21.3,27.7,17:00,13.6,6:10,0.9,3.8,0.0,3.2,27.4,18:20,W
2020,6,21,19.9,25.5,12:00,13.2,6:20,0.8,2.4,0.0,3.4,20.9,15:40,ENE
2020,6,22,19.8,25.9,15:00,15.0,5:20,0.8,2.3,0.2,0.0,8.0,1:00,SSW
2020,6,23,20.0,26.3,13:50,15.4,4:00,0.7,2.3,0.6,0.8,27.4,16:00,NNW
2020,6,24,22.1,26.9,17:30,18.2,5:40,0.0,3.8,0.2,0.0,6.4,0:10,N
2020,6,25,22.2,28.6,15:40,17.2,5:40,0.1,3.9,3.8,0.0,11.3,0:50,W
2020,6,26,22.2,30.7,16:00,15.4,6:20,0.4,4.3,0.0,0.8,27.4,16:30,SSE
2020,6,27,23.5,30.8,17:20,15.9,6:40,0.3,5.4,0.0,0.6,16.1,19:10,S
2020,6,28,23.4,31.0,14:40,16.4,6:20,0.2,5.2,0.0,0.6,22.5,18:00,SW
2020,6,29,24.0,32.5,17:30,15.4,6:30,0.4,6.1,0.0,0.8,19.3,20:20,NW
2020,6,30,25.7,34.3,17:30,17.4,6:40,0.1,7.4,0.0,0.8,17.7,17:50,SW
2020,7,1,26.3,33.6,16:50,18.3,6:30,0.0,8.0,0.0,1.4,19.3,21:50,NE
2020,7,2,25.6,30.6,13:10,20.7,6:00,0.0,7.2,0.0,0.0,0.0,---,---
2020,7,3,25.0,33.3,14:40,18.1,6:30,0.0,6.7,0.0,1.3,30.6,15:10,NE
2020,7,4,23.0,31.4,17:30,17.2,6:30,0.1,4.8,7.8,1.6,48.3,19:10,W
2020,7,5,21.1,28.4,15:20,16.1,6:50,0.4,3.1,5.2,2.7,30.6,17:40,ENE
2020,7,6,20.5,26.9,18:00,16.1,5:50,0.7,2.9,17.4,1.8,41.8,23:10,NE
2020,7,7,22.7,28.8,16:20,17.8,2:30,0.1,4.4,2.2,5.0,33.8,11:40,NE
2020,7,8,21.7,26.4,17:50,17.6,6:50,0.1,3.4,0.0,4.3,32.2,1:30,ENE
2020,7,9,22.6,27.9,18:00,16.3,7:00,0.2,4.4,0.0,0.6,17.7,20:10,ENE
2020,7,10,22.1,28.3,17:10,15.2,6:10,0.5,4.2,0.0,0.0,0.0,---,---
2020,7,11,22.8,29.3,18:20,15.2,6:40,0.5,5.0,0.0,0.0,1.6,2:40,S
2020,7,12,23.7,30.6,14:20,16.7,6:00,0.2,5.5,0.0,2.9,29.0,17:50,NNW
2020,7,13,21.9,26.1,16:40,18.9,9:30,0.0,3.6,0.0,5.6,27.4,10:10,NNW
2020,7,14,20.8,24.6,15:50,18.1,7:10,0.0,2.4,0.0,1.8,20.9,18:10,SSE
2020,7,15,22.4,28.3,17:20,18.2,5:20,0.0,4.1,0.0,0.8,17.7,21:00,NW
2020,7,16,22.2,28.7,17:50,14.7,6:20,0.5,4.3,0.0,2.1,24.1,16:10,SW
2020,7,17,20.8,27.7,13:40,14.8,6:40,0.6,3.0,2.2,1.9,27.4,19:30,SW
2020,7,18,19.7,26.6,13:30,14.9,5:40,0.8,2.2,0.2,2.3,35.4,16:50,ENE
2020,7,19,21.5,28.1,17:10,15.9,5:30,0.4,3.6,0.0,2.1,27.4,18:30,SW
2020,7,20,21.2,28.7,16:40,12.8,6:50,1.3,4.1,0.0,1.8,17.7,19:20,SW
2020,7,21,22.8,29.5,17:20,14.8,6:00,0.5,4.9,0.0,1.8,24.1,20:10,ENE
2020,7,22,23.4,29.8,16:50,15.8,6:10,0.3,5.4,0.0,0.5,12.9,1:20,SW
2020,7,23,23.5,30.2,16:40,16.1,6:40,0.3,5.4,0.0,0.0,0.0,---,---
2020,7,24,24.2,31.7,17:10,17.0,6:40,0.1,6.1,0.0,0.5,20.9,18:10,SSE
2020,7,25,23.3,31.4,15:40,16.3,6:30,0.2,5.2,0.0,1.6,30.6,16:00,ENE
2020,7,26,23.7,30.5,16:20,15.7,6:30,0.2,5.6,0.0,1.0,17.7,18:20,NNW
2020,7,27,24.2,29.3,17:40,18.1,6:00,0.0,5.9,0.0,2.9,29.0,21:40,ENE
2020,7,28,24.8,30.7,16:50,17.6,6:20,0.0,6.4,0.0,1.9,24.1,2:40,ENE
2020,7,29,24.6,32.7,17:50,16.3,6:50,0.3,6.5,0.0,1.1,12.9,19:30,S
2020,7,30,25.6,33.1,16:40,17.4,7:00,0.1,7.3,0.0,0.3,9.7,0:10,E
2020,7,31,26.7,34.3,17:40,18.7,6:20,0.0,8.3,0.0,1.3,20.9,19:50,SW
2020,8,1,26.2,30.5,16:50,20.1,6:50,0.0,7.9,0.0,3.7,25.7,1:00,NE
2020,8,2,25.8,30.3,16:50,20.0,4:40,0.0,7.5,0.0,4.0,27.4,0:10,ENE
2020,8,3,24.8,30.8,17:10,18.3,6:40,0.0,6.4,0.0,1.0,17.7,18:30,ENE
2020,8,4,25.3,32.9,16:20,17.8,6:50,0.0,7.0,0.0,1.6,20.9,19:20,S
2020,8,5,21.3,27.1,18:20,16.6,12:20,0.1,3.0,9.2,2.1,37.0,12:10,S
2020,8,6,18.5,22.2,14:10,16.7,23:50,0.4,0.7,48.6,2.1,22.5,15:30,ENE
2020,8,7,19.1,25.8,15:10,15.3,2:20,1.1,1.8,0.6,2.1,29.0,18:00,NE
2020,8,8,20.5,25.0,17:20,16.3,0:20,0.5,2.7,3.8,3.9,32.2,19:50,NE
2020,8,9,22.3,27.8,16:50,16.4,1:20,0.3,4.3,7.6,4.0,32.2,8:10,NE
2020,8,10,22.2,28.7,15:10,17.3,6:50,0.1,3.9,0.0,0.8,24.1,16:00,S
2020,8,11,22.8,29.8,16:30,15.8,6:20,0.4,4.8,0.0,0.2,9.7,17:40,ENE
2020,8,12,23.7,30.3,16:20,16.7,6:20,0.2,5.5,0.6,0.5,24.1,21:40,SW
2020,8,13,23.3,29.3,16:30,16.9,6:50,0.1,5.1,0.0,0.0,8.0,2:40,SW
2020,8,14,24.1,30.9,16:30,17.2,7:00,0.1,5.9,0.0,0.2,11.3,3:10,SW
2020,8,15,22.5,30.2,14:50,17.7,7:00,0.0,4.2,2.8,0.3,25.7,16:20,S
2020,8,16,22.1,28.4,16:40,16.2,6:40,0.3,3.9,2.6,1.9,22.5,19:20,ENE
2020,8,17,23.2,27.9,16:00,20.4,6:40,0.0,4.8,0.0,1.0,12.9,18:00,ENE
2020,8,18,22.7,29.6,15:50,16.7,6:50,0.2,4.6,0.0,1.0,19.3,17:20,S
2020,8,19,23.4,29.3,16:50,17.8,7:10,0.0,5.1,0.0,4.5,35.4,20:20,NNW
2020,8,20,21.9,28.3,16:50,15.1,7:00,0.4,4.1,0.0,3.5,30.6,19:40,NNW
2020,8,21,23.1,28.9,16:50,16.5,7:20,0.1,4.8,0.0,3.4,20.9,1:00,ENE
2020,8,22,22.7,30.5,16:50,15.3,7:30,0.5,4.8,0.0,0.3,12.9,3:50,SSW
2020,8,23,23.7,31.2,16:40,16.6,7:00,0.2,5.6,0.0,0.3,12.9,19:10,ENE
2020,8,24,23.9,30.8,15:00,17.2,6:20,0.1,5.7,0.0,1.1,17.7,19:30,NE
2020,8,25,22.3,30.2,14:20,16.3,00:00,0.1,4.1,8.0,2.4,40.2,18:10,SW
2020,8,26,20.7,28.7,17:10,13.9,6:30,1.3,3.6,0.0,0.3,14.5,2:30,SW
2020,8,27,22.5,30.2,16:10,15.6,6:30,0.5,4.7,0.0,1.0,17.7,19:10,ENE
2020,8,28,22.8,30.9,17:20,15.3,7:30,0.5,4.9,0.0,0.5,11.3,14:50,S
2020,8,29,22.9,30.9,15:40,15.8,6:30,0.4,5.0,0.0,0.6,17.7,20:40,S
2020,8,30,22.4,32.0,17:00,14.4,7:00,0.8,4.9,0.0,0.3,11.3,3:00,SW
2020,8,31,23.6,33.8,16:50,15.8,7:00,0.4,5.7,0.0,0.2,9.7,0:20,S
2020,9,1,23.4,32.9,15:40,15.9,7:00,0.3,5.4,0.0,2.1,35.4,16:50,S
2020,9,2,22.3,29.8,16:10,15.2,7:00,0.4,4.4,0.0,1.6,20.9,20:10,ENE
2020,9,3,22.4,30.9,16:00,15.3,7:20,0.4,4.5,0.0,2.3,30.6,16:50,SW
2020,9,4,20.9,24.9,16:40,16.4,6:50,0.2,2.7,0.0,4.8,33.8,23:00,NE
2020,9,5,19.7,26.8,16:40,12.6,6:30,1.3,2.7,0.0,0.8,25.7,1:20,W
2020,9,6,20.1,29.4,17:00,10.9,7:30,1.8,3.6,0.0,0.5,11.3,5:00,S
2020,9,7,21.5,29.5,16:20,13.5,6:50,1.1,4.2,0.0,0.3,11.3,2:30,S
2020,9,8,23.7,30.1,16:20,18.3,7:10,0.0,5.3,0.0,1.0,14.5,20:50,ENE
2020,9,9,22.8,29.8,16:40,16.5,8:00,0.2,4.6,0.0,0.5,11.3,5:20,W
2020,9,10,21.8,29.2,15:50,14.8,7:10,0.7,4.1,0.0,0.3,11.3,17:10,SSW
2020,9,11,22.0,28.5,16:30,15.1,7:30,0.6,4.3,0.0,0.8,12.9,19:30,S
2020,9,12,21.7,29.1,16:00,14.5,7:10,0.7,4.1,0.0,1.6,20.9,18:50,ENE
2020,9,13,21.2,29.1,14:50,13.9,6:30,1.1,3.9,0.0,1.0,16.1,19:00,S
2020,9,14,21.4,28.1,15:00,16.0,8:00,0.5,3.6,0.0,1.6,17.7,2:40,ENE
2020,9,15,20.5,27.4,15:40,13.9,7:50,1.0,3.2,0.0,2.4,24.1,18:20,ENE
2020,9,16,20.1,27.5,16:40,12.8,6:20,1.5,3.3,0.0,0.8,14.5,18:40,ENE
2020,9,17,21.0,27.1,15:30,14.9,5:30,0.7,3.3,0.0,0.5,17.7,19:00,E
2020,9,18,21.9,23.7,16:40,19.1,6:20,0.0,3.6,0.6,8.7,45.1,15:30,ENE
2020,9,19,20.9,24.3,16:20,16.1,00:00,0.1,2.7,0.0,4.5,32.2,1:40,NE
2020,9,20,18.2,25.8,16:10,11.9,8:10,2.2,2.0,0.0,0.5,14.5,19:00,SW
2020,9,21,19.1,25.2,16:30,14.5,6:10,1.1,1.9,0.0,0.2,12.9,2:50,SW
2020,9,22,18.7,25.7,16:30,11.9,7:40,1.8,2.2,0.0,1.1,20.9,19:40,SSE
2020,9,23,16.1,19.9,15:50,13.2,5:50,2.4,0.2,0.0,0.2,14.5,13:40,SSE
2020,9,24,18.3,25.2,15:00,13.4,3:00,1.8,1.8,0.0,2.4,30.6,17:10,W
2020,9,25,18.7,26.7,15:30,12.0,7:50,1.9,2.3,0.0,1.9,29.0,16:40,S
2020,9,26,16.4,19.8,0:10,11.4,23:40,2.1,0.2,0.0,3.7,35.4,13:50,SSE
2020,9,27,15.3,23.1,16:10,8.4,7:00,3.7,0.7,0.0,0.2,11.3,1:00,SW
2020,9,28,17.9,23.9,15:10,13.9,6:30,1.6,1.1,0.0,1.6,30.6,17:00,SSE
2020,9,29,16.4,21.9,14:30,12.2,7:50,2.4,0.5,0.0,3.4,37.0,13:10,W
2020,9,30,14.7,20.9,14:20,9.9,6:40,3.9,0.2,0.0,2.4,32.2,13:40,W
2020,10,1,14.1,22.0,15:40,7.4,7:40,4.8,0.6,0.0,1.6,22.5,14:40,SW
2020,10,2,15.3,23.1,16:40,8.4,6:40,3.9,0.9,0.0,0.8,20.9,21:30,SSE
2020,10,3,17.4,25.5,16:40,10.8,7:10,2.7,1.7,0.0,0.0,0.0,---,---
2020,10,4,20.0,27.8,16:50,13.8,6:10,1.4,3.0,0.0,1.1,24.1,22:10,S
2020,10,5,20.6,27.0,18:00,14.3,7:50,0.7,3.0,0.0,1.1,30.6,19:00,SSE
2020,10,6,19.0,22.7,16:30,14.7,00:00,0.6,1.3,1.4,0.6,29.0,1:50,S
2020,10,7,16.2,22.2,15:20,11.4,7:10,2.7,0.6,1.8,1.0,20.9,20:20,S
2020,10,8,14.9,19.6,13:20,11.8,6:40,3.5,0.1,3.2,2.7,25.7,11:20,NE
2020,10,9,14.7,20.9,16:50,8.9,7:40,4.0,0.4,0.0,2.3,25.7,12:20,NE
2020,10,10,15.0,22.4,17:30,9.0,7:20,4.0,0.7,0.0,0.0,4.8,00:00,W
2020,10,11,15.4,22.4,16:00,8.9,8:10,3.7,0.8,0.0,0.2,12.9,19:30,S
2020,10,12,14.4,19.2,17:00,10.0,4:40,4.0,0.1,16.4,0.3,20.9,18:30,S
2020,10,13,14.0,17.7,15:00,10.4,23:40,4.3,0.0,9.2,3.2,35.4,12:40,SW
2020,10,14,13.3,19.3,16:00,9.3,6:10,5.1,0.1,0.0,0.5,17.7,16:10,SW
2020,10,15,13.2,18.9,17:00,7.8,3:20,5.1,0.0,0.8,1.3,27.4,20:00,S
2020,10,16,16.4,21.6,17:00,12.6,8:10,2.4,0.5,4.8,1.8,27.4,2:40,S
2020,10,17,13.8,19.6,14:40,9.0,8:20,4.6,0.1,0.0,1.9,29.0,14:50,SW
2020,10,18,11.7,18.1,14:20,5.8,8:20,6.7,0.0,0.0,0.6,17.7,20:40,S
2020,10,19,12.1,17.1,16:30,7.2,8:10,6.3,0.0,0.0,0.5,19.3,0:20,ENE
2020,10,20,11.4,17.1,16:10,6.9,3:20,6.9,0.0,0.0,0.0,0.0,---,---
2020,10,21,10.1,17.4,16:10,4.4,8:20,8.2,0.0,0.0,0.0,0.0,---,---
2020,10,22,10.9,20.2,16:40,4.5,7:30,7.5,0.1,0.0,0.0,0.0,---,---
2020,10,23,11.7,20.8,16:30,5.2,7:30,6.8,0.2,0.0,0.0,1.6,5:00,S
2020,10,24,12.2,20.9,16:40,5.6,7:40,6.2,0.2,0.0,0.0,8.0,22:20,WSW
2020,10,25,13.1,19.4,13:50,9.5,23:40,5.3,0.1,0.6,1.1,40.2,15:00,W
2020,10,26,11.6,19.1,15:30,5.9,7:10,6.8,0.1,0.0,0.0,11.3,21:50,SW
2020,10,27,11.1,18.5,15:30,6.1,5:30,7.2,0.0,0.0,0.0,1.6,3:40,SSW
2020,10,28,11.8,15.9,15:50,6.8,6:50,6.6,0.0,0.0,1.1,24.1,12:40,ENE
2020,10,29,12.8,18.7,15:20,8.2,7:30,5.5,0.0,0.0,0.3,14.5,2:40,SW
2020,10,30,12.7,18.6,14:50,8.3,3:40,5.7,0.0,0.0,0.8,20.9,18:30,NNW
2020,10,31,11.1,18.2,15:40,4.3,6:00,7.3,0.0,0.0,0.0,0.0,---,---
2020,11,1,11.4,18.5,15:00,6.1,7:10,6.9,0.0,0.0,0.0,0.0,---,---
2020,11,2,11.3,19.8,16:40,4.6,6:20,7.1,0.0,0.0,0.0,0.0,---,---
2020,11,3,12.4,17.3,15:30,8.0,5:30,5.9,0.0,0.0,0.0,0.0,---,---
2020,11,4,14.1,20.1,14:30,8.2,6:50,4.4,0.2,0.0,0.0,14.5,21:40,S
2020,11,5,12.9,15.5,14:40,9.7,23:50,5.4,0.0,0.0,0.2,12.9,2:20,SW
2020,11,6,12.2,16.6,14:40,8.2,00:00,6.2,0.0,0.0,1.6,27.4,3:20,NNW
2020,11,7,8.6,15.4,14:30,3.4,7:30,9.7,0.0,0.0,0.0,9.7,2:10,SW
2020,11,8,7.3,14.6,15:40,2.7,4:30,11.0,0.0,0.0,0.0,8.0,8:10,S
2020,11,9,7.3,15.1,15:50,1.6,6:40,11.1,0.0,0.0,0.0,9.7,20:10,NE
2020,11,10,8.4,14.9,15:10,2.3,4:50,9.9,0.0,0.0,0.5,16.1,17:10,ENE
2020,11,11,11.4,15.8,15:10,8.0,3:30,6.9,0.0,0.0,0.3,14.5,17:40,S
2020,11,12,9.9,13.6,14:10,4.7,23:40,8.4,0.0,0.0,0.0,6.4,12:10,S
2020,11,13,7.3,14.4,14:50,2.1,5:40,11.1,0.0,0.0,0.0,8.0,4:20,SSW
2020,11,14,7.3,15.1,15:00,2.2,7:20,11.0,0.0,0.0,0.0,6.4,0:20,SSW
2020,11,15,8.1,15.1,15:00,3.1,3:40,10.3,0.0,0.0,0.0,6.4,8:00,S
2020,11,16,8.5,17.6,15:20,2.2,7:30,9.8,0.0,0.0,0.2,17.7,15:30,SSW
2020,11,17,7.9,12.6,13:20,2.2,7:20,10.4,0.0,0.0,0.0,9.7,11:00,SSW
2020,11,18,10.1,12.4,15:10,7.8,00:00,8.2,0.0,0.4,0.2,12.9,17:20,NNW
2020,11,19,7.6,12.7,12:20,2.7,00:00,10.7,0.0,0.0,0.3,14.5,1:10,S
2020,11,20,4.1,11.1,15:10,0.5,3:20,14.2,0.0,0.0,0.0,11.3,21:40,SW
2020,11,21,6.5,8.8,14:30,2.7,0:10,11.8,0.0,0.0,3.2,22.5,9:50,ENE
2020,11,22,6.9,10.7,14:40,4.4,0:30,11.4,0.0,0.0,0.2,12.9,16:00,W
2020,11,23,7.7,11.9,15:40,3.3,00:00,10.7,0.0,0.0,0.0,8.0,9:10,NE
2020,11,24,6.6,15.0,14:50,1.3,6:00,11.8,0.0,0.0,0.5,20.9,17:20,NE
2020,11,25,4.6,11.2,15:30,0.5,23:50,13.7,0.0,0.0,0.2,12.9,10:20,SW
2020,11,26,3.2,11.1,15:20,-2.5,7:10,15.2,0.0,0.0,0.0,8.0,3:10,SSW
2020,11,27,3.9,12.4,15:10,-1.7,7:50,14.4,0.0,0.0,0.0,4.8,0:30,SSW
2020,11,28,4.5,11.9,14:20,-1.8,6:40,13.8,0.0,0.0,0.2,11.3,9:50,SSW
2020,11,29,4.7,8.8,15:50,-1.2,7:00,13.7,0.0,0.0,0.0,9.7,22:40,SW
2020,11,30,7.3,9.6,14:20,5.4,00:00,11.0,0.0,0.2,3.1,33.8,22:30,NNW
2020,12,1,4.7,6.1,13:50,3.2,8:10,13.6,0.0,0.0,0.3,12.9,1:40,SSE
2020,12,2,5.0,6.4,23:30,3.7,0:10,13.3,0.0,0.4,0.0,4.8,19:50,NE
2020,12,3,7.3,8.3,00:00,6.2,0:30,11.0,0.0,2.2,0.3,16.1,23:10,SSE
2020,12,4,8.6,9.6,16:50,7.7,23:20,9.7,0.0,3.8,1.3,20.9,1:50,SSE
2020,12,5,7.8,9.3,15:30,6.4,8:40,10.5,0.0,0.0,0.0,9.7,13:50,NE
2020,12,6,9.1,10.7,15:00,7.7,7:40,9.2,0.0,0.4,0.0,6.4,1:20,NE
2020,12,7,8.0,10.1,14:50,3.2,23:40,10.3,0.0,12.4,0.5,19.3,5:00,SW
2020,12,8,5.9,10.0,15:20,1.7,8:30,12.4,0.0,0.0,0.2,14.5,19:30,S
2020,12,9,8.2,9.4,14:10,6.9,6:10,10.1,0.0,7.2,1.0,19.3,18:40,SSE
2020,12,10,7.4,9.4,13:50,3.3,23:50,10.9,0.0,0.0,0.5,19.3,7:00,SSE
2020,12,11,4.3,6.3,18:40,1.6,7:10,14.0,0.0,3.8,0.3,16.1,6:40,SW
2020,12,12,6.1,7.6,16:00,4.2,8:00,12.3,0.0,1.0,0.2,11.3,4:20,SW
2020,12,13,8.2,10.6,15:00,6.4,8:00,10.2,0.0,0.0,1.8,30.6,22:30,NNW
2020,12,14,7.7,9.9,11:50,6.5,20:40,10.7,0.0,0.0,5.6,32.2,14:10,NE
2020,12,15,7.3,11.1,15:50,3.6,00:00,11.0,0.0,0.0,0.3,17.7,0:50,NE
2020,12,16,5.0,10.1,16:00,1.5,7:40,13.3,0.0,0.0,0.0,11.3,3:20,SSW
2020,12,17,6.1,7.3,13:50,3.6,0:20,12.3,0.0,0.0,0.0,1.6,15:00,NE
2020,12,18,4.6,6.4,14:40,2.4,21:10,13.7,0.0,0.0,0.0,8.0,3:30,W
2020,12,19,4.1,5.7,13:30,2.4,7:40,14.3,0.0,0.0,0.0,6.4,2:20,W
2020,12,20,4.7,6.7,14:40,3.2,7:10,13.7,0.0,0.0,0.2,9.7,14:40,SW
2020,12,21,7.0,9.2,14:10,5.5,0:10,11.3,0.0,0.0,0.0,8.0,4:30,SW
2020,12,22,6.3,8.2,14:20,3.0,00:00,12.0,0.0,0.0,0.0,8.0,5:30,SW
2020,12,23,5.8,12.2,15:30,2.4,7:40,12.5,0.0,0.0,0.0,9.7,19:50,SW
2020,12,24,7.2,15.4,13:40,1.8,8:10,11.1,0.0,0.0,1.0,29.0,14:40,W
2020,12,25,8.3,15.4,15:30,2.5,7:20,10.1,0.0,0.0,2.4,29.0,15:50,S
2020,12,26,11.1,14.8,14:00,8.1,7:50,7.2,0.0,0.0,2.3,30.6,12:10,SSE
2020,12,27,8.4,10.4,12:20,5.6,23:10,9.9,0.0,5.0,1.0,24.1,12:40,SSE
2020,12,28,7.0,10.5,13:50,3.3,7:50,11.3,0.0,0.0,1.9,25.7,18:10,S
2020,12,29,10.1,14.7,12:50,7.1,4:10,8.3,0.0,0.0,3.1,27.4,1:30,S
2020,12,30,9.7,14.7,13:10,6.1,4:10,8.6,0.0,0.2,2.7,37.0,12:40,SSE
2020,12,31,7.3,10.8,12:50,3.1,23:00,11.0,0.0,3.2,1.3,20.9,14:00,SW
2021,1,1,4.6,9.9,14:50,0.9,8:00,13.8,0.0,0.0,0.0,9.7,10:00,W
2021,1,2,4.1,9.3,14:30,-1.4,7:30,14.3,0.0,1.6,0.0,11.3,17:50,S
2021,1,3,7.7,10.7,14:50,6.3,23:50,10.6,0.0,8.6,0.5,22.5,18:30,SSE
2021,1,4,6.4,7.3,14:30,5.4,4:50,11.9,0.0,11.6,0.2,12.9,12:10,SW
2021,1,5,5.4,10.2,14:00,1.5,8:30,12.9,0.0,0.0,0.3,14.5,16:30,SW
2021,1,6,6.9,9.0,13:40,4.1,5:30,11.4,0.0,0.0,0.6,20.9,14:00,SSE
2021,1,7,8.0,10.1,22:20,5.9,8:20,10.3,0.0,0.0,0.2,12.9,8:50,SSE
2021,1,8,12.4,16.9,13:20,9.0,4:30,5.9,0.0,0.0,3.2,40.2,16:10,SSE
2021,1,9,11.8,14.8,13:20,9.4,7:50,6.5,0.0,0.0,0.2,14.5,3:30,W
2021,1,10,11.8,14.8,15:40,10.5,5:30,6.6,0.0,11.8,0.8,22.5,7:50,SSE
2021,1,11,11.6,13.2,12:30,10.2,1:10,6.8,0.0,16.2,2.3,29.0,9:00,SSE
2021,1,12,8.9,12.2,13:00,4.0,23:40,9.4,0.0,20.4,2.3,27.4,12:50,W
2021,1,13,5.7,9.5,13:20,2.3,22:00,12.6,0.0,0.0,3.2,27.4,15:30,SW
2021,1,14,2.3,5.8,16:20,-1.2,8:30,16.1,0.0,1.4,2.9,40.2,23:00,NNW
2021,1,15,-0.4,2.4,15:10,-3.3,7:50,18.8,0.0,0.0,2.1,33.8,1:10,NNW
2021,1,16,-2.3,-0.3,14:30,-5.0,23:00,20.7,0.0,1.4,4.3,30.6,16:30,N
2021,1,17,-4.1,0.5,15:20,-8.6,8:10,22.4,0.0,0.0,2.3,24.1,15:20,SW
2021,1,18,-4.5,0.1,14:30,-8.2,7:40,22.8,0.0,0.0,0.3,11.3,3:30,SW
2021,1,19,-3.1,3.8,15:10,-8.4,8:00,21.4,0.0,0.0,0.8,17.7,16:10,W
2021,1,20,1.3,9.1,14:30,-5.2,7:20,17.1,0.0,0.0,1.6,30.6,13:10,W
2021,1,21,2.8,7.3,14:00,-1.2,4:30,15.5,0.0,0.0,0.2,12.9,20:21,W
2021,1,22,6.1,12.3,15:30,1.7,6:00,12.3,0.0,0.0,1.3,22.5,15:20,S
2021,1,23,7.1,10.9,14:10,3.4,23:50,11.3,0.0,6.2,1.8,25.7,10:30,SSE
2021,1,24,5.4,9.5,17:20,0.9,7:30,12.9,0.0,0.0,1.4,29.0,19:00,S
2021,1,25,6.8,10.8,13:10,3.3,21:20,11.6,0.0,6.4,2.4,37.0,13:40,W
2021,1,26,5.7,9.3,11:20,0.8,23:50,12.6,0.0,2.0,3.5,38.6,19:30,SSE
2021,1,27,1.2,3.9,13:20,0.0,00:00,17.1,0.0,0.0,7.6,35.4,13:30,NW
2021,1,28,1.1,5.4,14:20,-2.8,8:20,17.2,0.0,0.0,3.4,33.8,15:10,NW
2021,1,29,5.2,11.8,15:10,-0.9,8:00,13.1,0.0,0.0,0.3,16.1,15:20,SW
2021,1,30,7.7,12.5,14:30,2.7,23:00,10.6,0.0,4.0,2.6,49.9,10:50,W
2021,1,31,5.1,11.6,16:10,0.4,6:30,13.2,0.0,13.2,0.5,20.9,22:50,S
2021,2,1,8.2,12.4,14:30,4.4,7:30,10.2,0.0,0.2,1.0,27.4,15:10,SSE
2021,2,2,6.6,10.6,16:10,3.7,8:00,11.8,0.0,0.0,0.0,1.6,2:10,S
2021,2,3,6.4,15.0,16:40,1.3,8:30,11.9,0.0,0.0,0.0,11.3,20:40,SW
2021,2,4,8.6,19.4,15:40,2.0,6:50,9.8,0.1,0.0,0.8,30.6,19:10,NW
2021,2,5,7.8,15.8,15:30,3.0,8:00,10.5,0.0,0.0,0.0,3.2,0:10,SE
2021,2,6,8.2,17.6,16:10,1.7,7:40,10.2,0.0,0.0,0.0,0.0,---,---
2021,2,7,8.4,14.6,19:30,3.2,7:50,9.9,0.0,0.0,1.8,30.6,21:40,SSE
2021,2,8,10.2,13.0,0:30,7.1,00:00,8.2,0.0,2.6,1.9,33.8,20:20,S
2021,2,9,7.8,12.4,15:10,4.2,5:40,10.6,0.0,1.8,1.1,22.5,17:30,SSE
2021,2,10,8.4,15.3,15:00,3.2,6:30,9.9,0.0,0.0,2.9,32.2,20:00,SSE
2021,2,11,9.2,12.6,10:20,6.2,00:00,9.1,0.0,1.0,3.7,40.2,10:30,SSE
2021,2,12,7.6,11.1,13:40,4.3,23:40,10.8,0.0,0.0,3.4,32.2,15:50,W
2021,2,13,-0.3,4.8,0:10,-4.9,00:00,18.7,0.0,9.6,2.7,20.9,9:30,E
2021,2,14,-5.6,-4.1,14:50,-7.3,7:50,23.9,0.0,6.4,5.0,46.7,22:10,NNW
2021,2,15,-3.3,0.2,16:10,-5.4,7:10,21.6,0.0,0.0,9.7,45.1,2:10,NNW
2021,2,16,-4.6,2.1,16:10,-10.4,7:50,22.9,0.0,0.0,1.4,22.5,4:20,S
2021,2,17,-2.9,3.7,16:00,-9.6,7:20,21.3,0.0,0.0,0.2,9.7,1:00,S
2021,2,18,3.3,10.0,14:10,-1.2,1:20,15.1,0.0,0.0,0.8,29.0,16:20,W
2021,2,19,2.7,9.6,16:20,-2.5,6:40,15.6,0.0,0.0,0.0,12.9,10:10,S
2021,2,20,4.3,11.8,15:40,-0.9,7:30,14.1,0.0,0.0,1.3,24.1,14:50,W
2021,2,21,5.6,11.9,15:40,1.2,7:30,12.7,0.0,0.0,0.3,16.1,2:40,WSW
2021,2,22,5.1,13.8,16:30,0.7,7:40,13.3,0.0,0.0,0.0,8.0,6:20,SW
2021,2,23,7.6,19.2,15:40,0.3,7:20,10.8,0.0,0.0,0.3,17.7,21:00,W
2021,2,24,9.0,18.6,14:50,2.1,6:40,9.3,0.0,0.0,1.6,27.4,17:00,NE
2021,2,25,8.6,17.1,16:10,2.3,7:10,9.7,0.0,0.0,0.3,16.1,2:20,W
2021,2,26,8.6,17.5,16:10,1.8,7:40,9.8,0.0,0.0,0.2,9.7,7:00,NE
2021,2,27,10.4,19.6,15:30,2.4,6:20,8.0,0.1,0.0,3.7,35.4,23:30,NNW
2021,2,28,9.4,12.7,14:50,5.0,00:00,8.9,0.0,0.0,5.3,35.4,2:00,N
2021,3,1,6.2,13.6,16:20,-0.1,6:40,12.2,0.0,0.0,3.2,48.3,23:10,NNW
2021,3,2,7.1,11.9,16:20,1.2,6:30,11.2,0.0,0.0,4.2,30.6,3:00,NNW
2021,3,3,7.6,16.3,15:30,0.5,7:00,10.8,0.0,0.0,1.0,25.7,0:10,W
2021,3,4,8.3,19.9,15:10,-0.1,7:10,10.2,0.1,0.0,1.8,25.7,16:30,SW
2021,3,5,8.9,17.9,15:10,0.9,7:20,9.4,0.0,0.0,1.6,27.4,16:00,SW
2021,3,6,8.7,12.5,13:00,4.7,23:50,9.6,0.0,0.0,2.4,22.5,2:00,NE
2021,3,7,5.7,11.7,15:10,1.6,4:00,12.7,0.0,0.0,1.9,22.5,21:10,SSE
2021,3,8,8.1,15.8,15:10,3.9,6:50,10.2,0.0,0.0,1.3,24.1,15:30,W
2021,3,9,7.3,12.1,15:40,2.2,7:20,11.0,0.0,0.0,0.6,17.7,20:20,S
2021,3,10,8.8,11.6,15:00,5.9,00:00,9.5,0.0,1.0,1.8,25.7,22:10,S
2021,3,11,4.6,8.5,16:30,1.4,23:50,13.8,0.0,0.0,8.2,41.8,6:00,NNE
2021,3,12,6.1,16.1,16:00,-1.9,7:10,12.2,0.0,0.0,1.1,20.9,15:40,S
2021,3,13,8.4,16.2,16:50,1.5,7:00,9.9,0.0,0.0,1.8,22.5,15:00,S
2021,3,14,9.2,18.7,15:30,1.3,7:00,9.1,0.0,0.0,1.8,24.1,17:40,SW
2021,3,15,7.1,11.2,14:00,4.4,22:40,11.2,0.0,2.0,3.7,38.6,12:30,W
2021,3,16,5.1,8.1,11:40,2.4,7:20,13.3,0.0,0.0,4.8,30.6,12:20,W
2021,3,17,4.6,9.2,14:40,0.0,7:00,13.8,0.0,0.0,5.0,35.4,13:40,W
2021,3,18,5.0,10.2,14:30,-0.7,7:00,13.3,0.0,0.0,2.6,30.6,12:30,W
2021,3,19,6.1,11.5,15:30,1.9,6:00,12.3,0.0,0.0,1.1,19.3,17:40,SW
2021,3,20,3.2,4.8,10:20,1.7,2:40,15.1,0.0,8.0,0.5,17.7,12:00,S
2021,3,21,1.4,2.8,0:10,0.6,23:10,16.9,0.0,19.2,0.0,11.3,17:50,ENE
2021,3,22,2.9,5.3,16:40,0.6,1:30,15.4,0.0,4.8,2.1,38.6,23:30,NNW
2021,3,23,3.0,5.0,14:00,1.4,7:00,15.3,0.0,0.0,11.3,45.1,19:20,N
2021,3,24,3.2,8.5,15:20,-1.6,5:40,15.2,0.0,0.0,5.3,37.0,14:20,WSW
2021,3,25,3.0,7.1,14:40,-1.1,6:40,15.3,0.0,0.0,4.7,29.0,0:20,NE
2021,3,26,4.5,12.1,16:20,-2.5,5:40,13.8,0.0,0.0,2.1,22.5,15:10,SW
2021,3,27,7.1,15.7,15:00,-0.8,7:00,11.2,0.0,0.0,1.4,20.9,15:00,NNW
2021,3,28,10.2,16.9,15:30,3.8,7:10,7.8,0.0,0.0,0.8,19.3,22:00,NNW
2021,3,29,10.4,16.8,13:40,3.7,7:20,7.9,0.0,0.0,1.6,19.3,19:20,NNW
2021,3,30,10.7,15.8,16:40,3.8,7:00,7.7,0.0,0.0,3.4,27.4,10:40,NNW
2021,3,31,10.8,15.0,15:20,4.3,7:20,7.5,0.0,0.0,4.3,33.8,11:40,NE
2021,4,1,11.1,18.6,16:40,3.6,5:10,7.3,0.0,0.0,3.2,32.2,14:30,NE
2021,4,2,12.3,21.2,16:40,3.2,7:00,6.6,0.5,0.0,3.1,33.8,12:50,W
2021,4,3,13.0,20.7,14:30,5.8,8:30,5.6,0.3,0.0,4.0,38.6,16:40,S
2021,4,4,11.4,15.8,13:30,7.1,00:00,6.9,0.0,0.0,1.6,20.9,22:40,SE
2021,4,5,8.3,12.8,16:30,5.2,8:00,10.0,0.0,0.0,4.5,32.2,1:20,NNW
2021,4,6,10.6,17.6,17:40,7.1,7:50,7.8,0.0,0.0,2.1,40.2,19:50,S
2021,4,7,10.9,14.9,12:30,7.2,6:40,7.4,0.0,0.0,4.8,45.1,15:10,W
2021,4,8,5.5,8.9,16:40,1.3,7:10,12.8,0.0,0.4,6.3,37.0,6:50,NNW
2021,4,9,5.4,12.0,17:10,-2.6,6:30,12.9,0.0,0.0,2.9,22.5,12:40,S
2021,4,10,7.9,17.4,17:10,-1.4,6:40,10.4,0.0,0.0,2.1,20.9,17:10,S
2021,4,11,10.8,19.2,16:30,2.6,6:40,7.6,0.0,0.0,0.5,16.1,22:30,S
2021,4,12,13.9,23.1,17:20,5.9,5:50,5.1,0.7,0.0,1.0,24.1,23:40,S
2021,4,13,13.4,17.2,17:40,10.7,23:20,4.9,0.0,0.0,1.6,27.4,12:10,S
2021,4,14,10.8,15.7,15:20,5.1,23:50,7.6,0.0,0.0,5.0,32.2,12:50,W
2021,4,15,9.2,16.3,16:50,1.9,7:30,9.1,0.0,0.0,5.0,33.8,21:10,NNW
2021,4,16,6.8,12.2,14:20,2.9,6:40,11.5,0.0,3.0,1.0,29.0,17:00,S
2021,4,17,7.1,8.6,20:00,5.2,0:40,11.3,0.0,0.0,0.2,9.7,9:20,ENE
2021,4,18,11.4,17.6,16:20,8.0,5:30,6.9,0.0,0.4,1.0,22.5,17:30,W
2021,4,19,9.7,13.4,17:10,6.3,23:20,8.7,0.0,0.2,2.4,38.6,11:30,W
2021,4,20,9.3,15.3,14:50,4.9,3:40,9.0,0.0,0.0,3.9,40.2,16:50,SW
2021,4,21,9.8,16.8,16:00,2.4,6:10,8.5,0.0,0.0,3.9,33.8,12:50,W
2021,4,22,9.9,16.6,14:50,2.7,6:30,8.4,0.0,0.0,1.0,16.1,15:10,NE
2021,4,23,10.1,11.3,13:00,8.8,7:00,8.3,0.0,6.2,0.2,9.7,5:00,S
2021,4,24,9.2,10.9,12:50,7.6,22:00,9.2,0.0,10.4,0.5,17.7,14:10,ENE
2021,4,25,12.1,18.0,16:00,7.5,0:40,6.3,0.0,0.0,1.0,24.1,14:50,SSE
2021,4,26,13.6,21.3,15:30,6.4,7:40,5.3,0.4,0.0,2.7,29.0,20:40,S
2021,4,27,16.2,24.1,16:20,9.1,6:40,3.3,1.2,0.0,3.1,35.4,16:20,S
2021,4,28,16.5,24.4,15:30,8.4,6:50,3.2,1.3,0.0,1.0,19.3,14:50,SSE
2021,4,29,17.9,26.1,17:10,9.8,6:40,2.7,2.2,0.0,0.0,14.5,23:30,S
2021,4,30,19.6,28.7,17:00,10.8,6:50,2.1,3.3,0.0,0.5,19.3,21:40,SW
2021,5,1,19.7,27.8,15:40,12.7,6:40,1.6,2.9,0.0,0.5,19.3,15:10,S
2021,5,2,21.9,28.7,14:00,15.2,5:50,0.4,3.9,0.0,4.3,43.5,15:30,W
2021,5,3,20.3,25.8,16:50,14.8,7:10,0.4,2.4,0.0,3.9,30.6,17:00,W
2021,5,4,17.8,23.3,16:40,11.1,6:40,1.8,1.3,0.0,1.9,29.0,2:30,SW
2021,5,5,17.4,24.2,16:50,11.8,6:40,2.1,1.2,0.0,1.8,27.4,16:50,W
2021,5,6,18.7,26.6,16:10,12.3,6:50,1.8,2.1,0.0,2.7,29.0,15:10,W
2021,5,7,16.2,22.5,16:30,11.4,5:00,2.8,0.7,0.0,0.5,14.5,9:50,SW
2021,5,8,17.8,25.6,16:30,9.7,6:10,2.5,1.9,0.0,2.6,25.7,19:20,ENE
2021,5,9,15.8,21.0,16:20,10.1,6:50,2.9,0.4,0.0,2.3,27.4,14:20,SSE
2021,5,10,16.9,24.3,17:00,10.2,7:40,2.8,1.3,0.0,1.3,19.3,19:40,S
2021,5,11,17.8,26.5,17:20,9.0,7:00,2.8,2.3,0.0,1.3,16.1,17:30,S
2021,5,12,17.2,24.0,15:30,11.2,6:40,2.2,1.1,0.0,1.9,24.1,18:40,S
2021,5,13,15.8,21.6,14:00,8.9,6:30,3.2,0.6,0.0,3.5,30.6,18:00,S
2021,5,14,15.4,23.4,15:40,7.5,6:40,3.9,1.0,0.0,2.9,29.0,15:20,S
2021,5,15,12.0,16.0,14:50,9.2,6:10,6.3,0.0,4.6,1.0,14.5,12:20,S
2021,5,16,15.4,21.6,16:00,8.9,6:50,3.6,0.6,0.0,3.4,38.6,16:10,W
2021,5,17,18.2,26.2,16:40,12.0,4:40,2.3,2.1,0.0,3.1,35.4,17:20,SW
2021,5,18,18.2,23.6,14:50,12.4,4:40,1.8,1.7,0.0,4.7,37.0,11:20,NNW
2021,5,19,16.7,26.7,15:40,6.9,6:10,3.7,2.1,0.0,3.2,41.8,16:40,S
2021,5,20,15.1,19.9,14:50,11.2,00:00,3.3,0.1,0.0,4.5,32.2,14:50,W
2021,5,21,14.5,20.8,16:40,8.5,6:00,4.1,0.3,0.0,2.4,27.4,1:30,W
2021,5,22,16.6,25.6,16:50,7.0,5:40,3.8,2.1,0.0,1.4,19.3,21:30,S
2021,5,23,19.9,30.5,16:50,9.7,6:20,2.3,3.9,0.0,1.3,17.7,17:50,SW
2021,5,24,22.4,31.0,18:20,13.7,6:30,0.9,5.0,0.0,0.6,17.7,18:40,SSW
2021,5,25,22.9,30.3,16:10,15.4,6:30,0.3,5.0,0.0,1.8,22.5,17:20,S
2021,5,26,21.4,29.3,16:40,13.2,6:30,1.0,4.1,0.0,1.6,17.7,19:20,S
2021,5,27,21.0,28.1,14:50,14.9,6:50,0.6,3.2,1.0,1.4,27.4,17:30,S
2021,5,28,19.3,26.3,15:00,11.7,6:20,1.6,2.5,0.0,5.0,35.4,14:50,W
2021,5,29,19.1,25.4,17:50,10.9,6:40,1.8,2.5,0.0,2.1,19.3,20:30,ENE
2021,5,30,18.2,22.2,14:10,13.2,00:00,0.9,0.8,1.6,1.9,16.1,12:50,ENE
2021,5,31,14.3,18.2,13:30,11.0,23:50,4.0,0.0,0.0,5.1,37.0,16:20,NNW
2021,6,1,12.9,19.1,13:50,7.4,6:20,5.4,0.0,0.0,3.7,40.2,14:10,SW
2021,6,2,15.4,22.3,17:10,6.7,6:30,3.9,0.9,0.0,2.1,16.1,19:50,NE
2021,6,3,17.9,24.9,16:50,9.2,6:00,2.7,2.2,0.0,3.4,32.2,15:10,NNW
2021,6,4,19.2,26.0,16:20,10.8,6:30,1.7,2.5,0.0,0.5,20.9,0:10,S
2021,6,5,20.2,27.6,17:00,11.7,6:40,1.3,3.1,0.0,0.8,20.9,17:20,SW
2021,6,6,21.3,29.2,16:10,12.7,6:00,1.2,4.2,0.0,3.2,27.4,18:00,W
2021,6,7,20.1,25.7,12:00,16.3,00:00,0.2,2.1,4.6,1.6,24.1,16:30,W
2021,6,8,17.3,22.6,13:50,13.0,5:30,1.7,0.7,0.8,1.1,19.3,15:00,SW
2021,6,9,18.4,25.7,14:50,15.1,6:30,1.1,1.2,3.4,1.3,27.4,16:20,SW
2021,6,10,17.7,25.3,14:30,13.3,5:00,1.9,1.2,0.6,2.3,33.8,15:30,WNW
2021,6,11,17.4,24.3,14:50,12.3,5:30,1.9,1.0,0.2,0.8,32.2,16:10,SW
2021,6,12,17.1,23.0,12:50,11.3,6:30,2.1,0.8,3.4,0.8,17.7,15:10,W
2021,6,13,18.6,26.0,14:40,12.1,6:30,1.7,1.9,0.0,1.8,30.6,19:10,NNW
2021,6,14,17.4,20.9,14:10,12.9,23:40,1.4,0.4,0.0,6.8,37.0,21:20,NE
2021,6,15,16.7,22.3,17:10,10.2,5:20,2.3,0.7,0.0,5.1,29.0,1:30,NNW
2021,6,16,20.3,26.2,17:50,12.7,6:40,1.2,3.2,0.0,5.1,33.8,11:00,NE
2021,6,17,19.7,27.4,13:10,14.1,6:00,0.9,2.3,0.0,2.1,30.6,14:00,W
2021,6,18,20.7,28.4,13:50,13.2,6:30,1.3,3.7,0.0,2.3,27.4,18:40,SW
2021,6,19,21.6,29.4,15:30,17.4,6:00,0.1,3.3,0.0,1.6,37.0,16:40,W
2021,6,20,22.3,30.5,17:00,14.8,6:10,0.7,4.7,0.0,1.1,20.9,16:40,ENE
2021,6,21,24.7,33.3,16:00,16.3,6:10,0.2,6.6,0.0,2.1,27.4,14:40,NW
2021,6,22,26.8,35.2,15:10,19.2,7:20,0.0,8.4,0.0,1.6,27.4,17:30,W
2021,6,23,26.7,36.4,16:30,18.1,5:30,0.0,8.4,0.0,1.1,19.3,17:20,NW
2021,6,24,27.6,37.0,15:50,18.7,6:20,0.0,9.2,0.0,0.8,22.5,20:10,NW
2021,6,25,28.2,36.2,15:10,19.9,6:30,0.0,9.9,0.0,2.9,25.7,13:40,NNW
2021,6,26,27.1,36.3,15:20,18.4,6:20,0.0,8.8,0.0,2.1,25.7,18:30,W
2021,6,27,26.1,33.8,15:40,17.4,6:40,0.0,7.8,0.0,2.7,25.7,14:00,NW
2021,6,28,25.4,33.6,17:00,16.7,6:20,0.1,7.2,0.0,1.3,16.1,21:30,SW
2021,6,29,25.7,36.7,16:20,15.9,6:20,0.3,7.6,0.0,1.8,20.9,7:10,S
2021,6,30,26.4,36.8,17:10,17.2,6:00,0.1,8.2,0.0,0.8,20.9,17:20,S
2021,7,1,26.7,35.4,15:30,18.2,6:20,0.0,8.4,0.0,3.7,35.4,17:20,S
2021,7,2,24.2,30.9,15:30,16.8,6:30,0.1,6.0,0.0,3.9,30.6,18:20,W
2021,7,3,22.4,29.2,16:00,15.4,6:40,0.4,4.5,0.0,2.9,27.4,17:40,SW
2021,7,4,23.4,31.4,16:00,14.9,6:40,0.4,5.5,0.0,2.3,27.4,14:40,W
2021,7,5,24.0,32.3,17:00,17.3,6:30,0.1,5.7,0.0,1.6,33.8,18:50,W
2021,7,6,25.2,31.1,15:10,17.9,7:10,0.0,6.8,0.0,2.3,16.1,17:30,NE
2021,7,7,25.9,33.5,17:40,17.4,6:30,0.1,7.6,0.0,1.3,14.5,20:20,ENE
2021,7,8,26.1,33.8,17:20,18.2,6:50,0.0,7.8,0.0,1.0,16.1,18:20,S
2021,7,9,26.3,33.6,16:20,18.7,7:00,0.0,8.0,0.0,0.8,19.3,20:30,S
2021,7,10,23.9,31.3,15:40,18.5,19:50,0.0,5.6,7.6,2.4,35.4,18:30,NE
2021,7,11,22.7,30.1,16:20,17.3,4:50,0.1,4.4,6.4,1.8,24.1,21:40,NE
2021,7,12,23.6,31.7,17:30,16.1,6:40,0.4,5.6,0.0,0.8,14.5,22:40,SW
2021,7,13,25.8,33.7,17:20,18.0,6:40,0.0,7.6,0.0,0.8,11.3,19:10,S
2021,7,14,26.7,34.9,16:10,18.5,7:00,0.0,8.3,0.0,0.6,12.9,2:30,S
2021,7,15,27.7,35.1,17:20,20.4,7:00,0.0,9.3,0.0,1.6,22.5,18:10,S
2021,7,16,26.8,33.9,16:40,20.1,6:50,0.0,8.5,0.0,2.3,24.1,16:30,SW
2021,7,17,25.2,30.6,17:40,18.9,6:40,0.0,6.9,0.0,1.4,19.3,20:40,SW
2021,7,18,21.7,28.6,15:10,18.4,21:50,0.0,3.3,32.4,2.4,35.4,15:30,SW
2021,7,19,20.7,27.3,16:00,16.2,4:50,0.4,2.8,1.4,1.8,27.4,16:10,SW
2021,7,20,23.1,30.3,17:10,16.3,6:40,0.3,5.1,0.0,2.6,20.9,21:40,NW
2021,7,21,24.7,28.9,18:00,21.4,6:20,0.0,6.3,0.0,7.1,38.6,22:00,NNW
2021,7,22,23.0,27.7,16:30,18.9,6:50,0.0,4.7,0.0,6.4,37.0,3:50,NNW
2021,7,23,22.6,28.2,16:40,15.7,6:40,0.3,4.6,0.0,1.3,16.1,17:00,ENE
2021,7,24,22.7,28.7,15:50,15.8,6:50,0.3,4.7,0.0,1.9,27.4,15:40,NE
2021,7,25,22.8,29.9,16:50,14.8,6:50,0.6,5.1,0.0,0.6,16.1,23:00,S
2021,7,26,24.4,32.3,18:00,16.9,6:10,0.2,6.3,0.0,0.3,12.9,5:50,S
2021,7,27,26.3,34.5,18:00,18.4,6:50,0.0,7.9,0.0,0.5,12.9,19:40,S
2021,7,28,26.1,34.5,16:10,19.2,6:10,0.0,7.8,0.0,1.4,30.6,18:00,SSW
2021,7,29,26.9,36.2,17:10,17.8,6:30,0.0,8.6,0.0,2.6,25.7,15:00,NW
2021,7,30,27.3,37.4,16:30,18.2,6:30,0.0,9.0,0.0,1.9,25.7,18:20,S
2021,7,31,27.0,36.1,17:20,18.2,7:10,0.0,8.7,0.0,2.4,19.3,18:10,S
2021,8,1,27.6,37.8,17:10,19.1,7:10,0.0,9.2,0.0,1.9,29.0,18:00,S
2021,8,2,27.5,37.5,15:30,18.7,7:20,0.0,9.2,0.0,2.4,35.4,14:00,SSW
2021,8,3,26.7,36.4,15:10,17.5,6:30,0.1,8.3,0.0,2.6,33.8,19:10,NNW
2021,8,4,27.0,36.6,16:40,18.0,6:50,0.0,8.7,0.0,1.8,29.0,16:30,S
2021,8,5,27.1,36.8,13:40,18.4,6:30,0.0,8.7,0.0,3.1,33.8,16:40,S
2021,8,6,25.7,31.2,15:50,20.9,6:40,0.0,7.3,0.0,3.7,38.6,16:50,WNW
2021,8,7,23.7,30.6,16:50,15.7,7:10,0.3,5.7,0.0,1.4,19.3,1:30,SW
2021,8,8,25.1,33.9,17:20,16.1,7:10,0.2,7.0,0.0,0.2,12.9,3:00,S
2021,8,9,27.6,36.9,18:50,17.9,7:20,0.0,9.2,0.0,0.6,24.1,21:40,NW
2021,8,10,28.9,38.2,16:00,19.8,7:00,0.0,10.6,0.0,2.6,37.0,15:00,NNW
2021,8,11,26.8,35.4,18:50,21.4,6:40,0.0,8.4,0.0,2.6,64.4,21:10,W
2021,8,12,24.5,32.1,16:40,17.1,5:30,0.1,6.3,0.0,1.3,19.3,13:50,NE
2021,8,13,25.7,32.4,16:20,18.0,7:00,0.0,7.3,0.0,0.6,14.5,17:40,E
2021,8,14,25.1,31.2,16:50,18.1,7:50,0.0,6.7,0.0,0.2,14.5,3:10,S
2021,8,15,24.7,31.2,16:10,17.2,7:50,0.1,6.4,0.0,0.0,0.0,---,---
2021,8,16,25.3,32.8,17:00,17.1,7:20,0.1,7.0,0.0,0.0,1.6,20:10,ENE
2021,8,17,25.7,35.1,17:20,17.6,6:30,0.0,7.4,0.0,0.3,19.3,19:10,SSE
2021,8,18,24.9,33.8,16:50,18.2,7:00,0.0,6.6,2.0,1.4,37.0,20:50,ENE
2021,8,19,23.4,28.7,17:10,17.9,6:20,0.0,5.1,0.0,1.3,19.3,20:50,ENE
2021,8,20,24.1,30.3,16:20,18.4,23:30,0.0,5.8,12.6,1.4,62.8,20:40,SSE
2021,8,21,21.2,28.1,15:20,16.3,6:20,0.3,3.2,0.0,1.3,37.0,15:40,ENE
2021,8,22,22.6,29.0,17:00,15.7,7:10,0.4,4.7,0.0,0.5,12.9,4:20,SW
2021,8,23,22.8,29.4,17:10,15.9,7:00,0.4,4.8,0.0,0.0,12.9,20:50,ENE
2021,8,24,23.4,30.9,16:50,15.8,7:00,0.3,5.4,0.0,0.0,0.0,---,---
2021,8,25,24.1,31.8,16:30,16.2,7:30,0.2,5.9,0.0,1.0,22.5,19:20,W
2021,8,26,21.7,28.8,14:50,16.9,7:30,0.1,3.5,0.0,1.1,25.7,17:50,S
2021,8,27,22.6,30.9,15:20,15.5,7:20,0.4,4.7,0.0,0.6,16.1,15:20,WNW
2021,8,28,23.2,31.3,15:50,15.8,7:10,0.3,5.2,0.0,0.2,12.9,23:30,SW
2021,8,29,22.8,30.4,15:10,16.9,7:30,0.1,4.6,0.0,3.1,37.0,15:00,SW
2021,8,30,21.3,28.7,16:30,13.6,7:30,0.7,3.6,0.0,2.7,30.6,13:30,W
2021,8,31,20.6,28.9,17:00,12.2,6:50,1.4,3.7,0.0,1.3,25.7,20:10,SW
2021,9,1,20.8,28.8,15:00,13.7,7:30,0.9,3.4,0.0,3.5,33.8,17:00,NNW
2021,9,2,20.6,26.4,16:50,14.8,7:10,0.4,2.7,0.0,4.3,27.4,20:20,NNW
2021,9,3,20.1,26.4,17:30,11.7,7:20,1.1,2.9,0.0,1.6,25.7,1:20,NE
2021,9,4,20.3,26.1,16:30,13.3,7:20,0.9,2.8,0.0,0.0,14.5,1:00,SSW
2021,9,5,18.2,24.0,15:50,14.4,5:50,0.9,0.8,1.4,0.3,19.3,16:30,SSE
2021,9,6,18.5,22.9,17:00,14.9,7:20,1.1,1.3,0.2,1.0,22.5,13:30,ENE
2021,9,7,17.7,21.7,12:10,13.4,6:40,1.6,1.0,0.0,0.6,27.4,15:30,ENE
2021,9,8,15.8,19.4,13:30,13.3,00:00,2.6,0.1,0.4,0.2,16.1,1:30,ENE
2021,9,9,15.8,19.6,17:30,12.9,4:30,2.6,0.1,0.0,0.0,0.0,---,---
2021,9,10,17.2,24.6,16:10,10.3,7:50,2.6,1.5,0.0,0.0,1.6,22:20,S
2021,9,11,18.6,25.5,15:10,11.5,7:50,2.1,2.3,0.0,0.8,16.1,21:00,ENE
2021,9,12,19.6,25.2,15:50,15.2,7:10,0.7,1.9,0.0,0.0,11.3,0:10,SE
2021,9,13,19.4,25.9,16:00,13.2,7:20,1.4,2.4,0.0,2.1,24.1,11:30,ENE
2021,9,14,19.6,27.9,15:40,12.9,4:40,1.7,2.9,0.0,0.2,16.1,22:20,W
2021,9,15,19.7,28.3,16:20,12.2,6:40,1.7,3.1,0.0,0.5,12.9,17:50,SW
2021,9,16,21.2,29.8,16:50,12.7,7:50,1.3,4.2,0.0,1.0,22.5,17:00,NNW
2021,9,17,23.4,31.3,17:20,15.8,7:20,0.3,5.3,0.0,1.1,25.7,15:00,W
2021,9,18,23.3,29.3,14:20,17.0,7:50,0.1,5.1,0.0,3.2,41.8,12:10,NNW
2021,9,19,21.3,28.9,17:20,15.3,7:30,0.6,3.6,0.0,1.6,30.6,17:10,S
2021,9,20,21.6,29.7,14:10,14.2,7:40,0.7,3.9,0.0,2.9,33.8,13:30,W
2021,9,21,20.7,26.9,15:40,15.2,6:30,0.6,2.9,0.0,1.1,22.5,18:40,NW
2021,9,22,17.9,25.3,14:20,12.4,7:10,1.9,1.6,0.0,4.2,33.8,15:40,NNW
2021,9,23,13.6,18.2,16:20,9.8,00:00,4.7,0.0,0.0,6.6,38.6,5:50,NE
2021,9,24,14.6,26.3,15:50,4.8,7:00,5.4,1.7,0.0,1.9,32.2,17:20,S
2021,9,25,17.1,27.7,16:30,8.7,7:50,3.3,2.0,0.0,0.0,0.0,---,---
2021,9,26,18.1,28.2,16:10,9.6,8:10,2.8,2.5,0.0,0.0,1.6,6:50,SSW
2021,9,27,20.2,30.7,16:30,11.1,7:40,2.1,4.0,0.0,1.8,29.0,19:10,NW
2021,9,28,19.3,24.9,13:10,15.9,7:40,0.4,1.4,1.0,0.3,17.7,13:10,S
2021,9,29,17.0,19.7,17:10,15.5,23:40,1.4,0.1,13.2,0.2,17.7,18:50,SSE
2021,9,30,15.3,17.2,14:20,13.3,23:00,3.0,0.0,1.0,0.0,1.6,0:10,S
2021,10,1,13.3,15.5,16:10,11.6,6:10,5.0,0.0,10.2,0.5,14.5,19:10,S
2021,10,2,13.0,17.6,17:00,9.8,00:00,5.3,0.0,0.0,0.0,0.0,---,---
2021,10,3,12.0,19.2,16:30,6.2,7:20,6.4,0.1,0.0,0.0,8.0,21:30,S
2021,10,4,12.3,21.1,16:30,6.1,8:00,5.9,0.3,0.0,0.5,11.3,13:10,S
2021,10,5,13.5,22.2,16:10,5.9,7:50,5.4,0.6,0.0,1.4,12.9,9:00,S
2021,10,6,15.8,20.1,16:00,13.4,0:30,2.7,0.2,0.0,1.4,16.1,17:10,S
2021,10,7,12.1,14.8,0:10,10.9,8:20,6.2,0.0,30.6,2.6,22.5,5:50,S
2021,10,8,12.4,13.6,17:20,11.5,10:20,5.9,0.0,41.8,5.0,29.0,11:50,E
2021,10,9,12.2,13.7,16:20,11.3,9:20,6.2,0.0,10.8,1.8,19.3,1:10,ENE
2021,10,10,12.7,14.2,17:20,11.4,8:40,5.6,0.0,12.0,1.1,17.7,20:10,ENE
2021,10,11,13.8,18.6,16:40,10.6,22:40,4.6,0.0,4.8,1.3,27.4,17:10,ENE
2021,10,12,11.4,14.2,14:30,9.8,6:30,6.9,0.0,1.2,3.2,24.1,11:20,NNW
2021,10,13,10.9,15.4,14:00,6.8,7:50,7.4,0.0,1.0,1.8,19.3,17:30,ENE
2021,10,14,7.2,9.6,0:10,6.2,9:20,11.2,0.0,11.8,1.3,16.1,1:40,SW
2021,10,15,7.9,10.4,15:30,5.9,2:50,10.4,0.0,8.8,1.0,11.3,8:20,SW
2021,10,16,11.5,15.6,15:50,8.2,8:10,6.8,0.0,0.0,2.7,24.1,20:40,NE
2021,10,17,11.5,16.0,15:50,7.1,7:30,6.8,0.0,0.0,0.5,12.9,0:30,ENE
2021,10,18,13.7,18.0,14:30,11.4,7:00,4.6,0.0,0.6,0.8,12.9,13:40,S
2021,10,19,11.9,17.7,16:20,7.3,7:00,6.4,0.0,0.0,1.0,9.7,9:00,SSW
2021,10,20,11.8,17.3,16:00,8.5,1:30,6.5,0.0,0.0,1.1,9.7,4:00,S
2021,10,21,12.0,19.7,17:00,7.8,4:30,6.4,0.1,0.0,1.8,20.9,17:00,SW
2021,10,22,12.9,20.8,15:00,6.8,7:50,5.8,0.3,0.0,1.4,20.9,14:10,SW
2021,10,23,13.6,19.7,16:00,7.8,7:30,4.9,0.1,0.0,0.6,11.3,0:50,SW
2021,10,24,13.1,14.7,15:20,11.3,7:30,5.3,0.0,0.0,4.3,30.6,11:10,ENE
2021,10,25,9.9,12.1,0:20,5.9,00:00,8.4,0.0,0.0,5.0,22.5,0:40,E
2021,10,26,6.8,12.7,15:40,1.9,8:30,11.6,0.0,0.0,1.6,16.1,12:30,S
2021,10,27,6.2,13.3,17:00,1.6,5:50,12.1,0.0,0.0,1.3,9.7,2:10,S
2021,10,28,6.9,14.2,16:40,1.6,7:10,11.4,0.0,0.0,1.0,9.7,4:10,S
2021,10,29,7.2,14.3,17:00,2.2,5:20,11.2,0.0,0.0,1.3,9.7,3:50,S
2021,10,30,7.8,14.3,16:20,1.8,8:30,10.6,0.0,0.0,1.3,9.7,9:50,S
2021,10,31,9.3,15.2,14:50,3.9,7:00,9.1,0.0,0.0,1.6,16.1,15:40,S
2021,11,1,8.6,14.3,15:40,4.3,3:20,9.7,0.0,0.0,0.8,8.0,0:20,S
2021,11,2,10.4,11.8,16:00,8.9,6:20,7.9,0.0,8.0,0.3,14.5,10:50,SW
2021,11,3,9.1,10.7,0:20,7.6,7:40,3.6,0.0,0.0,1.0,9.7,7:40,W
2021,11,5,14.3,17.8,19:00,12.5,23:30,0.9,0.0,0.0,0.6,11.3,20:50,SSW
2021,11,6,14.3,19.3,14:20,11.0,4:20,4.0,0.1,0.0,0.3,11.3,1:40,E
2021,11,7,13.3,19.3,16:10,10.1,7:00,5.0,0.0,0.0,0.2,8.0,4:10,W
2021,11,8,12.8,21.1,14:50,7.7,6:50,5.6,0.1,0.0,0.5,12.9,23:50,ESE
2021,11,9,14.8,20.7,14:10,10.6,5:40,3.8,0.2,0.0,1.1,17.7,20:40,ENE
2021,11,10,9.8,12.4,0:10,8.4,20:20,8.5,0.0,0.4,1.6,25.7,12:40,SSE
2021,11,11,8.3,11.0,14:00,5.1,00:00,10.1,0.0,0.0,1.1,14.5,9:40,SSE
2021,11,12,6.2,12.9,15:30,1.8,6:00,12.2,0.0,0.0,1.3,11.3,9:40,S
2021,11,13,6.1,14.4,15:30,0.3,7:50,12.3,0.0,0.0,1.1,11.3,21:50,S
2021,11,14,7.2,12.3,15:10,1.5,5:50,11.2,0.0,0.0,1.3,12.9,14:40,S
2021,11,15,9.7,11.1,17:10,8.3,5:20,8.7,0.0,0.0,1.6,19.3,22:30,W
2021,11,16,9.8,10.8,0:10,8.4,23:50,8.5,0.0,0.0,5.1,22.5,0:40,E
2021,11,17,8.9,10.1,15:20,7.6,7:50,9.4,0.0,0.2,0.6,11.3,5:40,SSE
2021,11,18,10.1,12.3,15:50,8.7,6:50,8.3,0.0,0.0,0.8,9.7,22:00,E
2021,11,19,8.9,11.4,15:20,5.7,23:30,9.4,0.0,0.0,2.6,19.3,10:50,NNW
2021,11,20,10.4,16.8,14:50,4.5,5:50,7.9,0.0,0.0,5.1,33.8,9:20,NNW
2021,11,21,7.0,13.9,15:00,2.0,7:50,11.3,0.0,0.0,1.1,12.9,0:20,SSW
2021,11,22,7.2,10.8,14:20,3.2,5:00,11.2,0.0,0.0,0.8,11.3,2:00,SW
2021,11,23,9.8,11.0,13:30,8.8,5:20,8.5,0.0,0.2,1.1,19.3,21:30,NE
2021,11,24,8.4,9.2,0:10,7.7,6:20,9.9,0.0,0.2,1.0,12.9,15:30,S
2021,11,25,7.7,8.3,15:40,7.1,12:50,10.7,0.0,0.0,1.3,14.5,8:50,S
2021,11,26,7.4,8.4,14:30,6.4,9:30,10.9,0.0,9.4,1.4,19.3,13:50,SSE
2021,11,27,9.3,13.6,13:50,5.7,6:50,9.0,0.0,0.0,1.9,25.7,16:00,S
2021,11,28,10.1,15.3,12:20,6.3,7:10,8.3,0.0,11.8,3.9,30.6,12:30,S
2021,11,29,8.4,11.1,3:00,5.4,23:30,9.9,0.0,19.2,3.7,27.4,9:30,S
2021,11,30,4.0,7.1,11:00,0.9,22:50,14.3,0.0,9.8,4.7,37.0,13:40,W
2021,12,1,5.2,9.9,14:50,1.7,00:00,13.2,0.0,0.0,4.8,33.8,1:30,W
2021,12,2,5.3,11.1,15:50,-0.4,7:40,13.1,0.0,0.0,2.9,25.7,21:50,S
2021,12,3,8.8,12.6,13:00,6.7,1:30,9.5,0.0,2.0,1.9,29.0,14:00,SSE
2021,12,4,8.2,12.0,13:50,3.9,00:00,10.1,0.0,0.0,1.6,12.9,12:00,W
2021,12,5,6.2,11.6,18:00,1.8,6:00,12.1,0.0,0.0,2.3,24.1,18:00,S
2021,12,6,7.8,9.3,1:10,6.8,18:50,10.6,0.0,11.6,3.5,24.1,0:30,S
2021,12,7,6.2,8.6,13:40,3.3,00:00,12.1,0.0,0.2,3.4,22.5,20:30,NNW
2021,12,8,5.0,10.3,14:40,1.6,00:00,13.3,0.0,0.0,4.2,30.6,14:50,W
2021,12,9,5.3,9.4,18:50,0.6,3:10,13.0,0.0,3.0,2.1,20.9,23:20,S
2021,12,10,5.8,7.8,0:10,2.5,21:00,12.6,0.0,2.2,2.3,25.7,12:10,S
2021,12,11,4.2,5.6,13:20,1.4,5:30,14.1,0.0,45.2,2.1,25.7,00:00,S
2021,12,12,5.2,7.7,15:40,3.4,8:50,13.1,0.0,2.4,1.8,12.9,0:10,WSW
2021,12,13,3.5,4.3,14:50,2.3,8:00,14.8,0.0,0.2,6.9,37.0,22:00,NNW
2021,12,14,4.1,5.9,12:40,3.1,5:30,14.3,0.0,0.0,7.9,35.4,2:30,NE
2021,12,15,3.8,7.0,14:30,1.7,7:10,14.6,0.0,0.0,6.4,32.2,16:40,NNW
2021,12,16,2.8,6.6,14:00,-0.6,5:20,15.6,0.0,0.0,4.7,32.2,22:20,N
2021,12,17,5.2,9.3,14:40,1.3,3:20,13.2,0.0,0.0,8.4,45.1,22:00,W
2021,12,18,2.7,4.4,14:20,1.2,9:30,15.6,0.0,0.0,9.7,46.7,13:30,NE
2021,12,19,2.2,5.5,15:40,-0.5,00:00,16.2,0.0,0.0,7.1,40.2,1:10,NNW
2021,12,20,3.1,9.6,14:10,-1.6,7:50,15.2,0.0,0.0,3.1,29.0,14:00,NNW
2021,12,21,0.4,4.7,14:00,-3.6,00:00,17.9,0.0,0.0,1.6,14.5,17:50,SW
2021,12,22,-1.9,3.1,15:00,-5.2,4:30,20.2,0.0,0.0,1.4,12.9,7:50,SSW
2021,12,23,-2.1,3.4,16:00,-6.1,6:20,20.4,0.0,0.0,1.0,8.0,9:50,SSW
2021,12,24,1.9,11.1,14:00,-3.4,3:40,16.4,0.0,0.0,2.4,30.6,14:30,SSW
2021,12,25,3.6,9.8,17:00,-0.7,7:50,14.7,0.0,0.0,1.0,16.1,17:10,SW
2021,12,26,4.7,8.9,20:10,0.9,4:40,13.6,0.0,12.8,1.4,25.7,20:10,S
2021,12,27,8.1,10.0,17:20,6.0,6:20,10.2,0.0,2.4,1.4,16.1,8:00,S
2021,12,28,6.3,8.4,16:30,4.7,1:20,12.0,0.0,0.2,0.5,9.7,3:00,ESE
2021,12,29,6.7,8.8,22:50,5.2,8:10,11.7,0.0,0.6,1.1,20.9,22:40,W
2021,12,30,7.5,9.2,12:30,5.6,3:50,10.8,0.0,0.0,8.5,51.5,12:50,N
2021,12,31,8.6,15.1,15:20,3.6,6:30,9.7,0.0,0.0,5.3,46.7,16:00,W
2022,1,1,7.6,14.3,17:10,2.2,7:10,10.7,0.0,0.0,2.3,29.0,19:00,NNW
2022,1,2,8.4,13.2,14:10,3.7,23:40,9.9,0.0,0.0,3.4,40.2,1:00,W
2022,1,3,7.2,16.7,15:20,0.5,7:20,11.1,0.0,0.2,3.7,46.7,20:20,W
2022,1,4,6.2,11.7,15:30,1.7,8:10,12.2,0.0,0.0,1.1,17.7,19:50,SW
2022,1,5,5.6,12.3,15:30,0.6,7:40,12.8,0.0,0.2,0.8,9.7,9:50,ESE
2022,1,6,6.5,12.5,15:40,2.7,5:00,11.8,0.0,0.0,1.6,17.7,6:00,S
2022,1,7,5.9,9.6,15:00,2.9,7:40,12.4,0.0,0.4,0.5,8.0,2:50,E
2022,1,8,6.5,7.8,16:00,5.6,4:20,11.8,0.0,3.8,0.5,9.7,19:00,NE
2022,1,9,6.9,9.1,14:50,5.8,7:50,11.4,0.0,0.6,0.5,9.7,21:50,SE
2022,1,10,6.1,7.3,14:10,3.9,22:50,12.3,0.0,6.4,4.8,33.8,14:10,E
2022,1,11,4.1,5.4,7:20,2.7,23:50,14.3,0.0,0.8,15.4,49.9,14:00,N
2022,1,12,1.5,2.7,0:10,-0.7,00:00,16.8,0.0,0.0,11.9,51.5,1:00,N
2022,1,13,-1.2,2.3,14:30,-4.8,00:00,19.5,0.0,0.0,3.7,29.0,5:20,NE
2022,1,14,0.0,7.2,15:30,-5.3,5:10,18.3,0.0,0.0,1.4,19.3,19:30,E
2022,1,15,4.3,10.7,13:20,0.1,5:30,14.0,0.0,0.0,4.5,33.8,14:20,NE
2022,1,16,0.6,6.7,15:30,-3.4,7:50,17.7,0.0,0.0,1.3,14.5,3:40,SSW
2022,1,17,3.4,12.6,14:20,-3.0,7:00,14.9,0.0,0.0,2.6,29.0,14:30,SSW
2022,1,18,5.2,8.1,15:10,0.5,23:20,13.2,0.0,0.0,7.6,33.8,2:40,NW
2022,1,19,0.9,6.3,14:30,-3.6,8:30,17.4,0.0,0.0,3.9,29.0,2:30,ESE
2022,1,20,2.2,10.9,15:00,-5.0,5:10,16.1,0.0,0.0,3.2,30.6,13:50,W
2022,1,21,2.2,6.9,13:20,-0.1,20:20,16.2,0.0,0.0,6.4,38.6,19:30,NNW
2022,1,22,-0.6,2.3,15:30,-3.5,6:20,18.9,0.0,0.0,7.9,30.6,6:50,NNW
2022,1,23,-1.2,2.9,14:50,-4.5,7:40,19.5,0.0,0.0,7.1,32.2,14:00,NNW
2022,1,24,-3.3,-1.1,14:00,-5.4,00:00,21.6,0.0,0.0,10.1,37.0,8:40,NNE
2022,1,25,-4.1,2.6,15:10,-9.4,8:20,22.4,0.0,0.0,5.1,33.8,1:10,NNW
2022,1,26,-0.7,5.2,14:50,-5.9,0:50,19.0,0.0,0.0,5.6,22.5,23:00,WSW
2022,1,27,-0.7,4.8,15:40,-5.7,7:50,19.1,0.0,0.0,2.4,24.1,1:10,ESE
2022,1,28,1.9,10.7,13:30,-5.2,5:50,16.4,0.0,0.0,4.0,35.4,14:20,SSW
2022,1,29,2.3,5.2,13:50,-1.5,00:00,16.1,0.0,0.0,9.2,45.1,12:10,N
2022,1,30,-0.2,6.5,16:10,-5.7,8:10,18.6,0.0,0.0,2.7,16.1,1:40,W
2022,1,31,2.1,8.1,15:10,-2.7,6:00,16.3,0.0,0.0,1.9,20.9,2:10,NE
2022,2,1,1.7,3.5,1:00,0.8,8:20,16.7,0.0,7.6,1.9,14.5,3:00,WSW
2022,2,2,2.3,4.1,15:20,0.4,7:40,16.1,0.0,5.2,6.3,54.7,19:40,NNW
2022,2,3,3.4,6.3,15:00,0.6,23:40,14.9,0.0,0.0,9.2,38.6,10:40,NNW
2022,2,4,0.4,6.1,16:30,-4.6,7:40,17.9,0.0,0.0,2.7,20.9,0:10,W
2022,2,5,3.2,11.2,16:30,-3.2,8:10,15.2,0.0,0.0,1.8,14.5,13:40,W
2022,2,6,5.5,12.7,15:20,1.3,8:20,12.8,0.0,0.0,1.8,16.1,23:10,ESE
2022,2,7,5.2,12.8,14:20,-0.4,7:50,13.2,0.0,0.6,3.9,48.3,23:20,SSE
2022,2,8,2.3,4.5,15:30,0.9,5:50,16.0,0.0,0.4,12.4,48.3,19:40,NNW
2022,2,9,5.0,10.3,16:50,-1.8,6:20,13.3,0.0,0.0,7.2,32.2,0:10,NW
2022,2,10,4.4,12.6,16:30,-0.9,7:40,13.9,0.0,0.0,1.3,14.5,4:10,SE
2022,2,11,4.4,14.9,16:10,-1.6,6:20,13.9,0.0,0.0,0.6,9.7,22:30,ESE
2022,2,12,5.2,11.6,15:00,-0.3,7:00,13.2,0.0,0.0,2.9,20.9,17:10,E
2022,2,13,5.1,6.5,16:30,3.6,3:10,13.3,0.0,0.0,1.1,12.9,21:40,S
2022,2,14,5.7,11.3,16:30,1.8,00:00,12.7,0.0,0.0,2.4,16.1,16:10,SSW
2022,2,15,4.1,9.4,15:40,-0.7,8:00,14.3,0.0,0.0,1.6,12.9,12:10,SSW
2022,2,16,6.5,12.4,14:40,3.3,5:00,11.8,0.0,0.8,2.6,22.5,16:10,S
2022,2,17,8.6,14.9,15:50,4.1,6:50,9.7,0.0,0.0,4.2,30.6,15:00,W
2022,2,18,7.2,14.1,15:10,1.8,7:10,11.2,0.0,0.0,3.4,29.0,9:30,SSW
2022,2,19,7.3,17.6,16:00,0.1,7:10,11.1,0.0,0.0,1.6,9.7,1:40,SSW
2022,2,20,9.5,18.9,15:30,3.0,7:30,8.9,0.0,0.0,3.2,27.4,16:50,W
2022,2,21,9.8,17.4,14:10,4.3,6:30,8.5,0.0,0.0,3.2,29.0,15:40,S
2022,2,22,7.4,10.9,14:20,5.3,20:40,10.9,0.0,0.8,6.0,53.1,21:50,NE
2022,2,23,7.1,10.8,14:40,4.8,3:40,11.3,0.0,0.0,10.1,43.5,23:10,NE
2022,2,24,6.1,10.3,15:50,0.6,00:00,12.2,0.0,0.0,9.0,48.3,0:50,NE
2022,2,25,4.3,13.3,16:10,-3.0,7:10,14.0,0.0,0.0,2.4,12.9,19:20,E
2022,2,26,5.2,11.3,14:30,-1.0,7:30,13.1,0.0,2.0,5.1,35.4,23:50,SSW
2022,2,27,2.1,4.9,0:10,0.7,8:40,16.2,0.0,30.6,4.8,30.6,0:40,ENE
2022,2,28,2.7,4.2,13:40,1.0,0:40,15.7,0.0,0.0,4.7,27.4,6:20,NNW
2022,3,1,0.5,2.2,14:40,-0.7,23:30,17.8,0.0,4.0,2.9,20.9,15:50,E
2022,3,2,1.1,5.2,15:00,-1.4,23:30,17.3,0.0,0.8,3.5,22.5,15:30,NNW
2022,3,3,1.4,6.6,15:50,-4.1,6:30,16.9,0.0,0.0,3.9,20.9,5:20,SSW
2022,3,4,2.6,7.0,13:20,-1.3,7:20,15.8,0.0,0.2,3.2,14.5,2:30,WSW
2022,3,5,2.7,4.3,14:30,0.8,00:00,15.7,0.0,3.4,1.9,19.3,16:20,WSW
2022,3,6,2.3,4.6,16:20,0.6,2:40,16.0,0.0,9.0,1.3,9.7,8:00,SSW
2022,3,7,3.9,8.9,14:00,1.2,5:50,14.4,0.0,0.0,3.7,14.5,11:30,WSW
2022,3,8,2.2,4.4,13:30,-0.8,23:40,16.2,0.0,1.4,5.6,27.4,17:10,E
2022,3,9,1.0,4.5,15:20,-2.3,3:50,17.3,0.0,0.4,9.2,33.8,9:10,NNE
2022,3,10,0.7,4.3,13:30,-3.4,7:20,17.6,0.0,0.0,8.4,30.6,20:40,NNW
2022,3,11,-1.1,3.1,16:10,-5.8,6:10,19.4,0.0,0.0,6.4,29.0,00:00,N
2022,3,12,-0.8,2.7,14:50,-4.2,00:00,19.2,0.0,0.0,8.0,32.2,2:50,N
2022,3,13,0.1,8.0,17:00,-7.4,6:00,18.3,0.0,0.0,4.2,14.5,16:50,WSW
2022,3,14,3.2,9.7,15:00,-2.5,7:10,15.1,0.0,0.0,3.1,14.5,10:30,SSW
2022,3,15,4.1,12.7,15:30,-3.1,6:30,14.2,0.0,0.0,2.7,12.9,14:10,ESE
2022,3,16,7.3,15.1,15:00,1.1,4:20,11.1,0.0,0.0,3.9,37.0,14:20,SW
2022,3,17,7.4,13.4,13:30,1.9,7:10,10.9,0.0,0.0,6.9,33.8,18:50,E
2022,3,18,3.4,6.7,0:10,1.4,22:50,14.9,0.0,1.2,4.3,19.3,9:10,SSE
2022,3,19,2.2,5.6,14:20,-0.3,00:00,16.2,0.0,0.0,5.3,25.7,17:00,S
2022,3,20,1.7,5.7,15:10,-1.4,00:00,16.6,0.0,0.0,8.4,33.8,14:50,E
2022,3,21,1.8,8.0,16:10,-4.6,6:30,16.5,0.0,0.0,4.8,24.1,14:40,SSW
2022,3,22,6.8,12.4,15:10,-1.1,2:50,11.5,0.0,0.0,10.8,41.8,16:40,NE
2022,3,23,9.4,13.4,16:20,6.2,6:20,8.9,0.0,0.0,9.5,41.8,1:50,NE
2022,3,24,10.9,18.1,16:00,3.3,7:00,7.4,0.0,0.0,6.9,32.2,4:20,W
2022,3,25,11.2,19.6,14:00,2.4,6:40,7.2,0.1,0.0,6.4,35.4,20:30,NNW
2022,3,26,10.0,17.1,16:30,2.8,6:30,8.3,0.0,0.0,3.5,17.7,18:50,SSW
2022,3,27,10.6,19.3,16:20,2.9,8:00,7.4,0.0,0.0,2.4,12.9,8:30,SSW
2022,3,28,9.5,13.9,17:40,4.9,6:10,8.8,0.0,0.0,2.3,14.5,11:10,NE
2022,3,29,9.9,17.6,14:30,2.6,7:50,8.4,0.0,0.0,3.7,25.7,14:00,W
2022,3,30,10.1,17.4,16:50,2.8,6:50,8.2,0.0,0.0,3.7,25.7,17:30,SSW
2022,3,31,12.7,16.9,15:00,10.7,2:00,5.7,0.0,0.6,6.0,45.1,16:10,S
2022,4,1,11.6,16.6,17:50,7.7,8:00,6.7,0.0,1.8,4.3,38.6,20:40,S
2022,4,2,8.5,12.6,14:10,5.3,7:40,9.8,0.0,0.8,4.8,32.2,12:20,W
2022,4,3,7.2,11.9,15:00,2.7,8:00,11.1,0.0,2.4,5.8,32.2,19:00,WNW
2022,4,4,5.8,10.3,15:00,1.5,7:40,12.6,0.0,5.6,2.7,14.5,1:10,NE
2022,4,5,7.9,11.3,18:40,5.2,2:30,10.4,0.0,0.0,1.9,11.3,3:00,W
2022,4,6,11.8,19.1,17:00,4.9,7:40,6.6,0.0,0.0,2.7,24.1,20:00,NE
2022,4,7,11.5,15.7,16:00,9.4,23:50,6.8,0.0,3.6,3.5,30.6,16:40,WNW
2022,4,8,14.1,20.4,16:30,8.3,5:20,4.4,0.3,0.0,6.8,38.6,3:00,W
2022,4,9,14.8,23.5,15:30,6.8,7:10,4.5,1.0,0.0,5.1,32.2,15:10,W
2022,4,10,9.2,14.1,11:10,5.3,23:10,9.1,0.0,6.6,4.7,40.2,17:20,SSW
2022,4,11,8.4,13.6,16:50,3.5,4:40,9.9,0.0,0.0,8.7,33.8,6:10,NW
2022,4,12,9.6,18.7,18:00,0.9,7:10,8.7,0.0,0.0,4.0,20.9,19:40,E
2022,4,13,12.2,20.8,17:00,4.2,6:10,6.4,0.3,0.0,2.1,12.9,0:40,E
2022,4,14,13.8,21.7,17:40,5.6,7:10,5.1,0.5,0.0,3.2,19.3,19:30,SSW
2022,4,15,14.3,22.5,16:50,7.2,7:00,4.7,0.6,0.0,2.7,20.9,16:30,SSW
2022,4,16,14.2,20.8,17:10,7.9,7:00,4.3,0.2,0.0,3.7,24.1,21:30,SSW
2022,4,17,10.4,15.2,0:20,7.1,00:00,8.0,0.0,0.6,7.9,33.8,18:30,NE
2022,4,18,6.3,7.6,13:10,4.2,23:20,12.0,0.0,2.0,4.7,32.2,0:50,NE
2022,4,19,7.1,11.1,18:30,3.7,7:10,11.3,0.0,0.0,2.9,24.1,19:50,WSW
2022,4,20,8.6,15.8,14:10,1.0,7:30,9.8,0.0,0.0,4.0,35.4,16:40,SSW
2022,4,21,10.3,14.8,16:00,4.6,7:00,8.0,0.0,0.0,1.8,12.9,14:40,SSW
2022,4,22,14.4,21.2,15:10,8.8,7:20,4.2,0.4,0.0,4.8,35.4,19:30,SE
2022,4,23,14.7,21.4,16:20,7.8,7:00,4.1,0.4,0.0,5.0,25.7,16:00,WNW
2022,4,24,15.7,24.3,17:30,7.4,6:00,3.9,1.3,0.0,2.3,12.9,0:40,E
2022,4,25,17.1,24.3,15:10,9.9,7:00,2.9,1.7,0.0,4.2,33.8,18:40,SSW
2022,4,26,15.7,24.2,17:10,7.3,6:50,3.7,1.1,0.0,3.5,20.9,18:10,WSW
2022,4,27,16.7,25.3,16:50,8.6,6:10,3.4,1.8,0.0,2.4,16.1,0:30,E
2022,4,28,17.1,25.3,16:40,9.6,6:30,2.9,1.6,0.0,4.2,30.6,20:50,E
2022,4,29,15.3,19.9,15:30,10.7,6:50,3.1,0.1,0.0,3.2,22.5,20:20,SSW
2022,4,30,15.1,19.5,16:20,11.3,00:00,3.3,0.1,0.0,2.4,27.4,19:50,ENE
2022,5,1,13.1,15.6,14:20,10.8,2:00,5.3,0.0,0.0,2.9,17.7,18:20,S
2022,5,2,10.4,12.0,0:10,8.9,22:50,7.9,0.0,9.8,1.0,11.3,16:10,S
2022,5,3,10.9,15.4,13:30,7.4,4:40,7.4,0.0,1.0,1.9,12.9,14:50,WSW
2022,5,4,14.1,19.9,17:10,10.0,5:50,4.4,0.2,0.2,1.4,11.3,10:50,E
2022,5,5,14.8,21.8,15:00,6.8,6:30,4.3,0.8,0.0,2.1,12.9,8:30,E
2022,5,6,14.5,19.3,14:00,9.1,6:30,3.9,0.1,0.0,2.6,22.5,17:30,S
2022,5,7,15.4,20.7,15:30,11.7,6:30,3.2,0.2,0.0,3.4,20.9,14:00,S
2022,5,8,14.2,19.6,16:40,9.3,6:50,4.2,0.1,0.0,1.9,19.3,17:00,SW
2022,5,9,15.8,22.9,17:30,8.6,6:50,3.6,1.1,0.0,2.4,17.7,16:20,E
2022,5,10,15.7,23.3,15:50,8.1,6:00,3.8,1.1,0.0,3.4,24.1,18:10,E
2022,5,11,16.1,23.4,15:40,8.6,5:40,3.4,1.2,0.0,2.3,38.6,16:50,E
2022,5,12,18.2,25.9,16:50,10.2,7:00,2.3,2.2,0.0,1.8,11.3,21:20,E
2022,5,13,18.8,26.8,15:40,11.5,7:00,1.9,2.4,0.0,1.9,19.3,18:10,SSW
2022,5,14,17.9,27.5,15:20,12.9,6:50,2.0,1.6,9.0,3.2,38.6,16:40,SSW
2022,5,15,17.9,25.6,16:30,12.7,3:40,2.0,1.6,3.4,1.8,20.9,17:40,SSW
2022,5,16,19.3,26.8,17:30,12.4,6:00,1.6,2.7,0.0,0.5,17.7,19:10,W
2022,5,17,19.8,27.8,16:00,12.7,7:00,1.4,2.8,0.0,1.9,16.1,18:00,SSW
2022,5,18,18.2,24.4,14:00,12.2,6:40,1.4,1.3,0.0,7.2,54.7,18:40,NE
2022,5,19,15.4,20.9,16:50,10.1,7:40,3.3,0.4,0.0,6.0,53.1,0:30,E
2022,5,20,16.0,25.2,17:50,7.2,6:40,4.1,1.7,0.0,2.1,12.9,0:50,E
2022,5,21,18.2,28.4,16:50,8.4,6:50,3.1,2.9,0.0,1.8,12.9,22:50,SSW
2022,5,22,19.1,27.0,14:20,12.5,6:30,1.5,2.3,0.2,1.9,22.5,16:20,WSW
2022,5,23,20.6,27.8,17:40,12.7,6:50,1.3,3.6,0.2,3.1,35.4,18:10,ENE
2022,5,24,22.6,30.6,16:30,15.3,6:20,0.3,4.6,0.0,2.3,22.5,17:40,ENE
2022,5,25,22.6,33.1,16:20,14.3,6:40,0.7,4.9,0.0,0.8,27.4,17:20,SSW
2022,5,26,23.1,32.4,17:40,14.2,6:30,0.7,5.4,0.0,0.8,17.7,19:10,SSW
2022,5,27,22.7,29.7,14:20,15.8,6:30,0.3,4.7,0.0,2.1,19.3,14:30,ENE
2022,5,28,23.1,30.5,16:50,16.3,6:50,0.3,5.0,0.0,2.9,19.3,18:30,S
2022,5,29,19.9,26.0,14:00,15.9,00:00,0.3,1.9,1.2,4.0,45.1,14:40,E
2022,5,30,19.9,28.3,15:50,12.2,6:40,1.8,3.4,0.0,3.9,27.4,16:50,W
2022,5,31,21.7,29.7,17:20,13.6,7:00,0.9,4.3,0.0,2.9,22.5,15:20,SSW
2022,6,1,22.4,29.5,15:40,14.1,6:40,0.7,4.7,0.0,2.4,17.7,19:40,E
2022,6,2,22.9,30.0,17:20,15.4,7:00,0.4,5.0,0.0,2.4,24.1,20:10,E
2022,6,3,23.9,29.8,16:20,17.7,6:30,0.0,5.6,0.0,4.5,20.9,14:00,ENE
2022,6,4,23.4,30.2,16:10,16.7,6:40,0.2,5.2,0.0,2.4,35.4,18:50,E
2022,6,5,24.3,31.9,17:10,16.8,6:10,0.2,6.1,0.0,2.4,20.9,16:00,E
2022,6,6,24.1,32.6,17:00,19.0,5:10,0.0,5.8,2.0,4.3,61.2,18:40,SSW
2022,6,7,21.2,27.4,16:50,14.9,6:00,0.6,3.4,0.0,2.3,22.5,19:30,E
2022,6,8,21.1,29.2,15:30,17.2,00:00,0.1,2.8,2.8,3.2,46.7,16:40,E
2022,6,9,17.7,24.0,14:10,13.5,5:50,1.4,0.8,2.4,2.3,25.7,14:40,SSW
2022,6,10,16.1,18.5,14:40,14.2,9:10,2.3,0.0,17.2,2.6,19.3,13:40,WNW
2022,6,11,18.4,22.3,14:40,14.8,5:40,1.1,1.2,1.4,3.2,24.1,13:20,NNW
2022,6,12,20.7,24.7,16:30,16.7,6:00,0.1,2.4,0.0,6.6,29.0,12:30,ENE
2022,6,13,21.3,26.3,15:40,16.9,7:20,0.1,3.1,0.0,3.4,30.6,4:00,E
2022,6,14,20.5,26.2,13:50,15.1,6:10,0.7,2.8,0.0,3.1,37.0,11:50,SW
2022,6,15,21.0,27.2,16:30,14.8,6:40,0.8,3.4,0.0,2.4,19.3,18:20,E
2022,6,16,21.3,27.3,16:30,17.9,5:30,0.0,3.1,0.0,2.4,25.7,17:10,SW
2022,6,17,20.6,27.4,16:30,15.0,6:10,0.7,3.0,5.8,3.2,41.8,20:30,SSW
2022,6,18,20.1,25.3,16:30,14.7,5:50,0.8,2.5,0.0,4.3,22.5,22:30,E
2022,6,19,19.8,25.4,17:40,14.2,5:50,0.8,2.3,0.0,2.4,24.1,20:00,E
2022,6,20,20.2,28.0,15:50,12.4,6:40,1.6,3.4,0.0,3.7,32.2,18:10,SW
2022,6,21,23.5,31.6,16:30,15.9,6:10,0.3,5.5,0.0,3.5,25.7,15:30,SW
2022,6,22,25.2,33.8,16:00,17.6,5:40,0.1,6.9,0.0,3.7,38.6,19:10,SSW
2022,6,23,26.1,33.2,15:40,18.7,7:30,0.0,7.8,0.0,4.7,32.2,13:50,WNW
2022,6,24,25.2,31.2,16:40,19.4,6:30,0.0,6.9,0.0,3.5,37.0,14:40,N
2022,6,25,25.2,33.6,16:30,18.0,6:30,0.0,6.9,0.0,4.7,35.4,19:20,SSW
2022,6,26,25.3,31.2,16:50,18.7,6:20,0.0,7.0,0.0,4.3,25.7,14:10,NNW
2022,6,27,24.4,30.7,16:50,17.2,6:30,0.1,6.1,0.0,3.1,20.9,17:00,ENE
2022,6,28,24.7,31.4,18:10,17.3,6:20,0.1,6.4,3.0,2.1,38.6,23:20,E
2022,6,29,24.4,30.8,17:30,18.8,6:50,0.0,6.1,0.0,1.6,16.1,19:50,E
2022,6,30,23.7,31.2,14:50,17.8,5:50,0.0,5.4,0.0,2.4,32.2,17:30,ENE
2022,7,1,21.2,31.3,14:10,17.1,5:50,0.2,3.0,5.6,3.7,51.5,15:10,SSW
2022,7,2,23.2,32.1,17:20,15.1,4:40,0.7,5.6,0.0,2.7,33.8,19:40,E
2022,7,3,24.0,30.2,16:40,17.5,6:40,0.1,5.7,0.0,2.4,12.9,3:30,E
2022,7,4,23.9,30.3,14:50,17.9,6:00,0.0,5.6,2.6,2.3,20.9,15:40,SSW
2022,7,5,24.7,31.8,17:40,17.9,7:10,0.0,6.3,0.2,1.1,24.1,00:00,SSW
2022,7,6,24.7,30.2,14:30,18.2,6:50,0.0,6.3,0.2,4.5,30.6,0:50,E
2022,7,7,24.5,29.1,17:20,20.4,6:30,0.0,6.2,0.0,6.6,35.4,2:10,E
2022,7,8,19.9,27.2,13:20,16.0,6:40,0.4,2.1,14.2,3.9,38.6,15:10,ENE
2022,7,9,16.9,19.6,14:00,14.7,5:50,1.6,0.1,1.0,5.5,35.4,19:00,WSW
2022,7,10,20.7,25.6,18:20,14.9,6:40,0.6,2.9,0.0,6.4,27.4,0:10,ENE
2022,7,11,21.6,25.8,17:10,17.7,6:30,0.1,3.3,0.0,6.4,35.4,3:50,E
2022,7,12,21.7,27.3,17:10,17.3,5:00,0.1,3.4,0.0,5.0,33.8,23:20,E
2022,7,13,21.0,24.2,17:20,17.8,5:50,0.0,2.7,0.0,8.5,32.2,10:00,ENE
2022,7,14,20.8,27.4,17:50,13.7,4:40,1.2,3.7,0.0,3.1,25.7,10:20,E
2022,7,15,22.3,29.7,18:00,14.3,6:20,0.8,4.8,0.0,2.1,14.5,0:10,E
2022,7,16,24.2,31.8,17:50,15.6,6:40,0.3,6.1,0.0,1.8,12.9,19:50,E
2022,7,17,23.9,31.2,15:00,17.6,6:40,0.0,5.6,0.0,2.7,22.5,17:10,SSW
2022,7,18,23.8,28.8,16:40,18.7,5:40,0.0,5.5,0.0,3.7,22.5,18:40,E
2022,7,19,22.1,27.9,17:30,14.9,7:30,0.4,4.2,0.0,2.1,17.7,19:00,E
2022,7,20,21.9,28.2,16:10,14.7,6:30,0.6,4.2,0.0,2.6,16.1,15:50,ESE
2022,7,21,22.9,30.4,17:30,14.5,6:40,0.7,5.3,0.0,2.6,19.3,13:10,ENE
2022,7,22,25.2,32.7,16:40,17.3,5:00,0.1,6.9,0.0,2.3,14.5,19:50,E
2022,7,23,26.0,34.3,16:40,17.7,7:00,0.0,7.7,0.0,1.3,11.3,1:00,E
2022,7,24,26.8,34.7,16:20,18.5,6:20,0.0,8.4,0.0,2.3,37.0,23:40,ENE
2022,7,25,27.1,32.2,16:10,20.3,7:00,0.0,8.7,0.0,3.7,46.7,0:10,E
2022,7,26,26.3,33.3,17:40,18.8,6:00,0.0,8.0,0.0,2.3,17.7,17:50,S
2022,7,27,26.7,32.9,16:20,20.1,7:00,0.0,8.4,0.0,2.1,20.9,19:40,S
2022,7,28,26.3,32.2,14:20,20.8,7:30,0.0,8.0,0.0,3.9,27.4,17:40,SSW
2022,7,29,25.2,32.7,17:20,17.2,6:40,0.1,6.9,0.0,2.6,14.5,18:30,ENE
2022,7,30,26.3,33.8,17:50,18.3,7:00,0.0,8.0,0.0,2.7,22.5,17:50,ENE
2022,7,31,25.1,30.8,17:20,18.3,6:10,0.0,6.8,0.0,4.3,32.2,23:20,N
2022,8,1,24.9,28.9,17:50,21.9,7:00,0.0,6.6,0.0,6.3,32.2,0:10,N
2022,8,2,24.6,29.2,18:00,17.1,7:40,0.1,6.3,0.0,6.3,33.8,1:00,N
2022,8,3,23.6,30.1,16:10,17.2,7:00,0.1,5.3,0.2,3.1,33.8,17:30,WSW
2022,8,4,23.2,29.9,15:20,16.6,7:10,0.3,5.1,0.0,1.4,12.9,7:00,E
2022,8,5,24.2,31.3,16:30,16.4,6:20,0.2,6.1,0.0,1.9,16.1,23:10,SSW
2022,8,6,24.4,31.3,17:00,16.7,6:40,0.1,6.1,0.0,2.1,14.5,8:50,SSW
2022,8,7,25.0,31.2,16:00,20.4,6:50,0.0,6.7,1.0,5.5,51.5,18:10,ENE
2022,8,8,24.7,30.1,15:50,19.3,6:40,0.0,6.4,0.0,3.7,24.1,11:00,E
2022,8,9,23.8,30.5,15:20,16.5,6:30,0.1,5.6,0.0,2.7,24.1,18:50,ENE
2022,8,10,24.4,30.1,15:30,18.8,23:50,0.0,6.1,0.4,3.1,33.8,20:50,E
2022,8,11,21.0,28.5,15:20,16.2,7:20,0.3,2.9,0.4,3.4,33.8,17:00,WSW
2022,8,12,19.1,26.8,14:40,15.4,5:10,0.8,1.6,2.0,3.1,37.0,17:10,SSW
2022,8,13,20.7,27.3,16:10,16.2,3:50,0.5,2.8,1.2,2.4,22.5,21:20,WSW
2022,8,14,20.5,26.6,13:30,15.8,6:30,0.4,2.6,0.0,3.7,33.8,15:00,WNW
2022,8,15,21.5,29.7,17:10,14.0,7:00,1.1,4.3,0.0,3.4,25.7,14:50,SSW
2022,8,16,22.4,32.2,17:30,16.1,7:00,0.3,4.3,0.4,2.9,57.9,18:30,SSW
2022,8,17,23.4,32.2,15:10,15.6,7:10,0.4,5.5,0.0,3.7,27.4,14:40,SSW
2022,8,18,24.5,31.8,15:50,17.3,7:00,0.1,6.2,0.0,1.9,14.5,3:00,SSW
2022,8,19,25.5,34.8,17:00,17.4,7:00,0.0,7.2,0.0,1.8,14.5,00:00,SSW
2022,8,20,23.9,30.2,14:40,20.2,6:30,0.0,5.6,0.4,2.9,32.2,17:30,NE
2022,8,21,22.6,29.1,17:00,17.9,7:10,0.0,4.2,0.0,2.7,24.1,19:10,E
2022,8,22,20.2,25.6,14:10,16.4,6:50,0.3,2.2,4.8,3.1,38.6,20:00,NE
2022,8,23,19.6,27.3,15:00,14.6,6:30,1.0,2.3,2.0,3.5,29.0,18:30,ENE
2022,8,24,20.5,24.9,17:40,16.1,5:20,0.6,2.7,4.8,3.5,33.8,23:20,WSW
2022,8,25,21.1,26.6,15:40,17.2,2:50,0.1,2.9,0.8,2.9,20.9,16:20,WSW
2022,8,26,22.6,28.3,16:20,17.5,7:50,0.1,4.3,0.2,3.9,22.5,16:40,ENE
2022,8,27,22.6,29.7,17:00,15.7,7:30,0.4,4.6,0.0,2.1,12.9,22:00,ENE
2022,8,28,22.4,30.2,15:30,16.7,6:30,0.2,4.2,1.4,2.3,19.3,15:30,SSW
2022,8,29,22.1,29.8,15:10,16.2,5:50,0.3,4.0,0.2,2.3,32.2,19:40,ENE
2022,8,30,20.4,28.0,15:00,15.6,7:30,0.4,2.4,0.0,2.7,33.8,17:00,E
2022,8,31,20.9,28.6,16:30,14.9,7:00,0.8,3.4,0.0,1.9,19.3,16:00,NE
2022,9,1,21.6,28.8,15:20,15.7,7:10,0.4,3.7,3.2,1.6,27.4,16:10,NE
2022,9,2,20.9,25.4,16:10,17.6,5:10,0.1,2.6,0.2,2.1,14.5,6:00,ENE
2022,9,3,21.6,28.7,16:00,16.0,5:10,0.3,3.6,0.0,3.4,30.6,16:30,WSW
2022,9,4,21.3,28.8,15:50,14.4,7:20,0.7,3.7,4.6,2.6,14.5,15:10,SSW
2022,9,5,21.3,25.2,17:10,18.5,3:50,0.0,2.9,0.0,4.0,24.1,4:30,E
2022,9,6,19.7,25.1,17:40,13.9,7:20,1.1,2.4,0.0,2.7,17.7,17:10,SSW
2022,9,7,20.3,26.2,17:20,14.2,7:30,0.8,2.8,0.0,1.9,16.1,20:40,E
2022,9,8,20.6,27.8,16:50,13.9,7:00,1.1,3.3,0.0,2.4,16.1,18:50,SSW
2022,9,9,21.8,29.6,17:50,14.7,7:20,0.8,4.3,0.0,2.4,20.9,19:30,S
2022,9,10,23.1,31.1,15:40,16.4,6:30,0.2,4.9,0.0,4.5,37.0,19:30,SSW
2022,9,11,22.1,29.5,17:00,15.9,6:50,0.3,4.1,0.0,4.3,32.2,19:10,SSE
2022,9,12,19.8,24.7,16:30,15.2,6:10,0.4,1.9,0.0,6.1,32.2,20:30,ENE
2022,9,13,18.4,23.5,16:00,13.3,7:20,1.3,1.4,0.0,3.9,24.1,0:10,SSW
2022,9,14,18.3,27.3,17:10,9.9,7:30,2.7,2.6,0.0,2.1,11.3,0:20,NE
2022,9,15,22.3,33.3,16:30,13.8,7:00,0.8,4.8,0.0,2.4,25.7,17:30,SSW
2022,9,16,22.6,32.6,15:10,14.6,8:00,0.6,4.8,0.0,2.6,32.2,14:50,SSW
2022,9,17,20.0,29.0,14:40,16.1,6:00,0.6,2.3,0.2,3.2,45.1,17:40,SSW
2022,9,18,18.5,22.6,15:00,12.7,00:00,1.0,1.1,0.0,6.1,38.6,14:00,N
2022,9,19,15.2,23.8,17:20,7.9,6:50,4.1,1.0,0.0,3.4,24.1,17:30,SSW
2022,9,20,14.9,21.5,15:10,8.7,5:50,3.8,0.4,0.0,2.1,14.5,4:50,SSW
2022,9,21,14.1,18.3,16:40,11.0,7:10,4.3,0.0,0.0,4.0,37.0,18:30,NE
2022,9,22,12.7,17.3,17:20,9.3,7:20,5.6,0.0,0.0,6.3,27.4,1:40,N
2022,9,23,11.7,18.6,17:20,5.6,7:50,6.6,0.0,0.0,2.7,20.9,18:50,SSW
2022,9,24,12.7,22.2,17:00,4.9,7:40,6.1,0.4,0.0,2.3,11.3,5:30,SSW
2022,9,25,13.7,22.1,16:30,5.9,6:40,5.2,0.6,0.0,2.3,9.7,1:50,SSW
2022,9,26,15.7,21.9,16:30,9.5,6:30,3.4,0.8,0.0,2.9,20.9,16:00,SSW
2022,9,27,19.3,23.0,16:50,16.5,23:40,0.2,1.3,0.0,3.9,19.3,1:00,S
2022,9,28,17.0,23.2,13:20,11.6,8:00,2.4,1.1,0.0,3.4,30.6,14:20,SSW
2022,9,29,16.3,22.0,14:20,10.7,7:40,2.9,0.9,0.0,3.1,25.7,13:40,SSW
2022,9,30,17.1,25.7,17:40,10.5,8:00,2.9,1.7,0.0,1.8,16.1,18:00,SSW
2022,10,1,19.7,26.8,16:40,14.2,7:00,1.3,2.6,0.0,2.7,38.6,23:00,ENE
2022,10,2,18.3,23.5,16:30,13.5,7:40,1.5,1.4,0.0,5.3,30.6,1:10,WNW
2022,10,3,15.5,24.1,14:40,9.8,6:10,3.6,0.8,0.0,5.8,41.8,18:10,NE
2022,10,4,14.5,18.7,17:10,10.8,7:40,3.9,0.0,0.0,8.9,41.8,1:10,N
2022,10,5,12.5,19.0,15:30,6.3,6:50,5.8,0.0,0.0,2.4,17.7,19:30,WSW
2022,10,6,12.8,19.3,17:30,5.7,8:00,5.6,0.1,0.0,3.2,32.2,22:30,ENE
2022,10,7,15.1,22.1,16:40,9.0,7:40,3.9,0.6,0.0,2.6,22.5,0:30,E
2022,10,8,13.9,22.5,16:40,6.8,6:10,5.0,0.6,0.0,1.6,12.9,1:50,SSW
2022,10,9,15.1,24.4,17:10,7.9,7:20,4.2,0.9,0.0,1.6,14.5,19:30,SSW
2022,10,10,14.7,20.8,17:00,8.6,5:50,4.0,0.3,0.0,1.9,17.7,18:10,SSW
2022,10,11,15.3,18.1,16:00,12.7,6:30,3.1,0.0,0.0,0.8,20.9,15:10,E
2022,10,12,16.1,18.8,14:10,14.3,8:00,2.3,0.0,0.0,2.3,17.7,16:10,ENE
2022,10,13,15.6,18.3,16:20,14.0,23:30,2.7,0.0,0.0,1.3,9.7,18:30,NE
2022,10,14,11.3,14.1,0:10,9.2,23:50,7.0,0.0,2.8,3.9,25.7,15:20,E
2022,10,15,12.3,17.9,15:30,8.8,0:30,6.1,0.0,0.0,1.4,14.5,11:00,SSW
2022,10,16,11.5,19.7,17:00,6.2,8:10,6.9,0.1,0.0,1.4,12.9,7:10,SSW
2022,10,17,11.9,19.3,15:50,6.3,7:10,6.5,0.1,0.0,2.6,17.7,20:10,SSW
2022,10,18,11.1,19.7,16:40,5.2,7:10,7.3,0.1,0.0,1.8,12.9,8:10,SSW
2022,10,19,11.4,20.5,16:00,4.9,8:10,7.0,0.1,0.0,2.1,19.3,19:40,SSW
2022,10,20,12.9,20.0,15:40,8.4,8:00,5.6,0.2,0.0,1.9,14.5,1:00,SE
2022,10,21,10.3,18.3,16:30,3.7,8:10,8.1,0.0,0.0,2.3,11.3,14:30,SSW
2022,10,22,11.3,18.7,16:20,5.9,4:40,7.1,0.0,0.0,1.6,9.7,8:40,SSW
2022,10,23,15.3,26.1,15:00,8.6,5:50,4.2,1.2,0.0,1.6,25.7,15:20,SW
2022,10,24,16.7,28.6,16:00,10.2,5:40,3.4,1.7,0.0,1.6,20.9,16:00,SSW
2022,10,25,14.7,24.3,16:20,8.2,8:00,4.3,0.7,0.0,1.0,11.3,9:40,SSW
2022,10,26,15.1,25.2,16:20,8.8,7:20,4.2,1.0,0.0,0.6,16.1,18:00,SSW
2022,10,27,14.3,21.7,15:50,8.9,8:20,4.6,0.5,0.0,1.6,12.9,18:10,SSW
2022,10,28,12.4,19.8,14:10,7.2,7:30,6.1,0.2,0.0,1.6,11.3,18:30,SSW
2022,10,29,11.3,20.3,15:40,5.6,6:30,7.2,0.1,0.0,1.4,11.3,23:50,SSW
2022,10,30,11.7,20.4,15:10,5.6,6:20,6.7,0.2,0.0,1.6,16.1,20:40,ESE
2022,10,31,15.0,22.6,13:20,8.9,6:30,4.2,0.9,0.0,3.2,29.0,13:00,NE
2022,11,1,13.8,22.4,15:20,8.2,7:20,4.9,0.4,0.0,1.0,9.7,0:10,E
2022,11,2,13.7,24.2,15:20,7.3,7:30,5.2,0.6,0.0,1.3,9.7,8:30,SSW
2022,11,3,13.3,22.1,15:00,7.3,6:40,5.3,0.3,0.0,1.1,9.7,2:50,SSW
2022,11,4,12.4,21.8,15:20,5.2,7:10,6.1,0.2,0.0,2.1,24.1,15:20,SSW
2022,11,5,12.9,18.8,14:50,7.7,4:10,5.4,0.0,0.8,2.6,29.0,18:00,SSW
2022,11,6,12.6,14.8,14:00,10.7,2:50,5.8,0.0,3.2,2.6,19.3,20:00,E
2022,11,7,12.4,18.3,15:10,8.1,7:40,5.9,0.0,0.0,1.4,12.9,1:10,SSW
2022,11,8,10.4,17.4,15:20,5.9,6:00,7.9,0.0,0.0,1.4,8.0,1:40,SSW
2022,11,9,9.3,13.8,13:40,5.8,7:40,9.0,0.0,0.0,1.9,12.9,14:00,SSW
2022,11,10,10.8,14.2,15:20,6.8,00:00,7.6,0.0,0.0,1.0,9.7,13:50,SSW
2022,11,11,10.3,16.8,14:30,5.3,6:40,8.0,0.0,0.0,5.3,41.8,23:40,NE
2022,11,12,10.1,11.4,14:30,7.9,5:00,8.2,0.0,0.0,7.2,30.6,0:30,ENE
2022,11,13,9.7,10.8,18:00,8.2,5:00,8.6,0.0,4.0,1.6,16.1,3:00,ENE
2022,11,14,9.9,12.7,14:50,7.6,22:00,8.4,0.0,0.0,1.1,11.3,3:50,E
2022,11,15,7.9,9.2,0:10,6.1,8:00,10.4,0.0,0.0,1.9,11.3,13:20,WSW
2022,11,16,9.5,14.5,15:30,5.4,5:50,8.8,0.0,0.0,1.4,9.7,2:40,SSW
2022,11,17,13.4,19.2,14:20,10.6,7:50,4.9,0.0,2.8,2.7,25.7,14:20,SSW
2022,11,18,12.1,18.9,15:00,7.1,7:00,6.2,0.0,0.0,2.6,30.6,15:10,S
2022,11,19,15.9,20.6,11:50,11.3,5:50,2.7,0.3,0.0,5.8,32.2,12:50,S
2022,11,20,14.9,17.6,13:10,11.7,22:30,3.4,0.0,3.6,5.3,30.6,10:40,S
2022,11,21,9.9,14.3,11:30,5.6,00:00,8.4,0.0,4.0,5.8,35.4,12:20,WNW
2022,11,22,6.2,9.4,15:10,2.2,7:20,12.1,0.0,11.0,2.6,20.9,20:50,SSW
2022,11,23,8.6,11.8,14:10,5.3,7:30,9.8,0.0,6.0,2.4,17.7,6:20,WSW
2022,11,24,7.7,12.9,12:00,3.3,5:00,10.7,0.0,0.0,4.0,38.6,14:20,WSW
2022,11,25,8.1,12.9,14:10,2.8,23:50,10.2,0.0,0.0,6.1,30.6,11:10,NW
2022,11,26,4.6,10.8,14:20,0.6,5:20,13.8,0.0,0.0,1.8,9.7,7:20,SSW
2022,11,27,4.6,6.9,8:30,2.1,00:00,13.7,0.0,2.6,4.5,30.6,9:10,E
2022,11,28,3.9,5.8,14:20,2.1,0:10,14.4,0.0,0.0,1.8,9.7,1:40,WSW
2022,11,29,4.6,6.9,13:10,1.9,1:00,13.7,0.0,0.0,1.9,16.1,12:00,WSW
2022,11,30,6.1,8.4,00:00,4.7,6:20,12.2,0.0,6.0,1.4,24.1,23:30,SSW
2022,12,1,7.7,9.0,0:50,5.6,23:50,10.7,0.0,3.0,1.9,20.9,6:00,WSW
2022,12,2,7.8,11.8,14:50,5.7,0:10,10.5,0.0,0.0,0.8,17.7,22:50,SW
2022,12,3,8.4,10.2,15:40,6.8,5:30,9.9,0.0,0.2,1.0,12.9,0:40,S
2022,12,4,8.8,10.0,15:00,8.1,5:00,9.5,0.0,0.6,0.6,11.3,11:00,SSW
2022,12,5,9.0,10.2,14:50,8.3,5:20,9.3,0.0,2.4,0.6,8.0,5:20,NE
2022,12,6,9.1,10.9,14:20,8.2,8:30,9.2,0.0,0.0,1.1,16.1,16:30,S
2022,12,7,9.1,10.4,16:10,8.1,4:10,9.2,0.0,0.0,1.0,9.7,5:00,SSE
2022,12,8,9.4,11.7,15:00,8.4,00:00,8.9,0.0,0.0,1.6,12.9,21:40,S
2022,12,9,9.6,12.6,16:00,7.6,7:50,8.7,0.0,0.0,1.3,11.3,9:40,NE
2022,12,10,12.0,13.4,13:40,10.5,0:10,6.3,0.0,5.4,3.9,27.4,21:50,S
2022,12,11,10.6,12.8,0:10,7.3,23:40,7.7,0.0,8.0,4.7,37.0,0:30,S
2022,12,12,9.8,13.2,13:00,6.5,4:50,8.6,0.0,0.0,4.0,29.0,1:20,WSW
2022,12,13,7.9,10.9,13:40,5.8,6:50,10.4,0.0,0.0,2.3,17.7,1:00,WSW
2022,12,14,7.9,8.6,15:30,7.3,7:30,10.4,0.0,0.4,2.1,17.7,16:40,SE
2022,12,15,8.9,9.9,13:00,7.7,23:50,9.4,0.0,0.0,1.1,12.9,19:20,E
2022,12,16,10.8,18.4,14:10,5.9,6:10,7.5,0.0,0.0,1.8,17.7,15:10,SSW
2022,12,17,12.7,18.9,15:40,8.1,8:10,5.7,0.0,0.0,1.8,17.7,8:10,SSW
2022,12,18,8.8,12.6,14:30,6.3,9:00,9.5,0.0,0.0,1.0,12.9,23:40,SW
2022,12,19,8.4,10.7,14:00,5.9,23:30,9.9,0.0,0.0,3.5,20.9,17:20,S
2022,12,20,4.9,7.8,14:00,0.7,00:00,13.4,0.0,0.0,2.9,16.1,14:20,SSE
2022,12,21,1.3,2.9,15:30,0.2,0:40,17.0,0.0,0.0,2.1,11.3,5:20,WSW
2022,12,22,2.2,7.2,15:40,-0.4,8:40,16.1,0.0,0.0,1.3,9.7,1:50,SSW
2022,12,23,4.7,11.2,16:10,-0.1,6:20,13.7,0.0,0.0,1.3,12.9,19:30,SSW
2022,12,24,6.8,15.1,16:00,0.8,6:20,11.6,0.0,0.0,3.4,27.4,19:40,SSW
2022,12,25,7.4,12.5,15:20,3.6,8:20,10.9,0.0,0.0,1.6,24.1,0:50,W
2022,12,26,6.5,13.7,19:10,0.5,7:30,11.8,0.0,0.0,1.1,20.9,20:00,SSW
2022,12,27,8.1,18.4,14:40,2.4,7:30,10.2,0.0,0.0,1.8,20.9,15:00,SW
2022,12,28,6.6,12.2,14:50,2.5,7:50,11.7,0.0,0.0,1.0,9.7,10:10,SW
2022,12,29,6.2,9.4,14:00,2.8,00:00,12.2,0.0,0.0,2.4,12.9,1:30,WSW
2022,12,30,3.8,8.5,15:50,0.6,4:50,14.5,0.0,0.0,1.1,8.0,6:50,SSW
2022,12,31,5.6,12.7,16:00,0.9,7:30,12.7,0.0,0.0,1.0,8.0,7:20,SW
2023,1,1,5.3,11.8,15:10,1.7,4:40,13.1,0.0,0.0,1.0,9.7,10:10,SSW
2023,1,2,5.0,11.0,15:40,0.7,7:50,13.3,0.0,0.0,0.6,9.7,9:30,SSW
2023,1,3,5.2,12.4,15:20,0.9,8:30,13.1,0.0,0.0,0.6,6.4,11:30,SW
2023,1,4,5.4,11.3,14:50,1.2,8:20,12.9,0.0,0.0,0.8,9.7,18:10,SW
2023,1,5,4.9,10.4,18:10,0.5,8:20,13.4,0.0,0.0,2.1,17.7,18:10,SSW
2023,1,6,6.4,12.9,14:40,1.6,6:50,11.9,0.0,0.0,2.7,27.4,18:00,WNW
2023,1,7,3.9,9.9,15:30,-0.3,8:10,14.4,0.0,0.0,1.3,12.9,0:40,SSW
2023,1,8,3.3,10.0,15:10,-1.7,7:10,15.0,0.0,0.0,1.6,14.5,22:20,SSW
2023,1,9,4.4,9.9,19:20,-1.7,7:00,13.9,0.0,0.0,2.6,24.1,19:40,SSW
2023,1,10,7.3,10.3,13:50,4.1,00:00,11.1,0.0,0.2,3.5,29.0,15:50,WSW
2023,1,11,5.4,8.9,12:30,2.3,8:10,12.9,0.0,0.0,4.2,25.7,15:20,N
2023,1,12,3.4,8.2,13:30,-0.8,7:50,14.9,0.0,0.0,3.2,22.5,21:00,WSW
2023,1,13,3.1,8.6,15:20,-1.0,7:50,15.3,0.0,0.0,1.3,11.3,0:40,SW
2023,1,14,3.6,7.8,16:50,-0.5,4:20,14.7,0.0,0.0,2.1,16.1,18:50,NE
2023,1,15,3.4,8.1,14:20,-0.4,8:20,14.9,0.0,0.0,1.9,17.7,0:30,SSW
2023,1,16,3.9,8.3,20:00,-0.6,4:00,14.4,0.0,0.0,2.9,22.5,19:30,S
2023,1,17,9.1,13.2,14:20,5.7,7:50,9.3,0.0,2.2,4.7,32.2,14:30,S
2023,1,18,11.8,16.2,13:10,8.5,8:40,6.5,0.0,0.0,6.0,27.4,4:00,S
2023,1,19,11.6,17.2,13:10,6.9,23:30,6.8,0.0,8.4,8.5,49.9,11:40,S
2023,1,20,6.7,10.0,13:00,2.9,23:20,11.6,0.0,9.4,4.5,27.4,14:20,S
2023,1,21,5.2,8.7,16:00,1.9,5:10,13.2,0.0,8.4,3.7,24.1,12:50,S
2023,1,22,5.6,10.7,15:20,0.3,7:50,12.7,0.0,2.0,3.4,30.6,22:00,ENE
2023,1,23,7.3,8.6,12:10,6.2,22:40,11.0,0.0,26.8,2.1,19.3,4:50,S
2023,1,24,6.3,9.3,14:50,4.6,8:10,12.0,0.0,1.4,3.1,19.3,1:00,WSW
2023,1,25,5.4,6.3,11:40,4.1,23:20,12.9,0.0,1.4,2.7,16.1,11:00,S
2023,1,26,2.6,4.1,0:10,1.3,5:50,15.8,0.0,2.0,2.1,12.9,0:30,SSE
2023,1,27,3.6,6.5,14:50,2.1,6:10,14.8,0.0,0.0,2.3,12.9,1:20,WSW
2023,1,28,4.2,8.1,13:50,1.2,8:00,14.1,0.0,0.0,5.5,29.0,21:30,NNW
2023,1,29,3.7,6.7,13:30,0.5,7:50,14.7,0.0,0.0,7.1,29.0,14:50,NE
2023,1,30,3.1,5.7,15:30,1.6,7:00,15.2,0.0,0.0,3.9,22.5,22:10,N
2023,1,31,2.9,6.2,12:40,0.4,22:10,15.4,0.0,0.0,5.1,33.8,8:40,W
2023,2,1,2.5,8.8,14:50,-2.9,8:10,15.8,0.0,0.0,4.2,20.9,12:40,WSW
2023,2,2,4.3,11.7,13:50,-1.2,6:40,14.0,0.0,0.0,3.7,38.6,14:00,W
2023,2,3,4.2,7.9,14:10,0.9,23:50,14.2,0.0,4.4,5.0,32.2,13:50,WSW
2023,2,4,3.7,8.8,13:10,-0.1,1:50,14.7,0.0,0.6,6.8,43.5,19:30,W
2023,2,5,-2.0,1.4,0:10,-4.3,23:00,20.3,0.0,0.0,15.8,51.5,11:20,N
2023,2,6,-3.1,0.0,13:50,-4.7,7:00,21.4,0.0,0.0,13.2,54.7,1:00,N
2023,2,7,-2.2,1.6,14:40,-4.7,5:30,20.6,0.0,0.0,10.3,38.6,10:00,NNE
2023,2,8,-2.8,1.8,14:20,-7.8,7:10,21.1,0.0,0.0,5.5,27.4,18:50,ENE
2023,2,9,-1.6,3.5,15:20,-7.3,6:30,19.9,0.0,0.0,4.7,22.5,18:40,SSW
2023,2,10,0.8,5.2,15:10,-2.7,00:00,17.6,0.0,0.0,1.3,11.3,11:00,NE
2023,2,11,-0.6,7.7,15:40,-6.3,8:10,18.9,0.0,0.0,1.3,8.0,5:30,SSW
2023,2,12,1.4,7.8,13:20,-4.4,7:30,16.9,0.0,0.0,6.1,33.8,19:50,NE
2023,2,13,2.7,8.0,15:20,-0.9,5:30,15.6,0.0,0.0,2.4,24.1,1:00,SSW
2023,2,14,2.7,12.9,15:40,-3.8,6:40,15.7,0.0,0.0,4.0,29.0,19:40,N
2023,2,15,3.4,9.5,15:40,-1.6,8:00,14.9,0.0,0.0,1.9,22.5,0:20,E
2023,2,16,4.6,15.5,16:40,-2.9,7:40,13.7,0.0,0.0,2.6,19.3,18:00,SSW
2023,2,17,6.3,17.1,15:10,-0.9,7:20,12.0,0.0,0.0,3.4,33.8,18:20,SSW
2023,2,18,7.4,17.7,15:00,-0.8,7:00,10.9,0.0,0.0,2.9,25.7,16:00,WSW
2023,2,19,9.2,19.1,14:50,1.3,7:40,9.2,0.1,0.0,4.2,41.8,18:00,WNW
2023,2,20,8.8,14.4,13:40,3.2,7:40,9.6,0.0,0.0,5.6,30.6,11:30,NE
2023,2,21,8.8,19.8,14:40,1.1,7:10,9.6,0.1,0.0,3.1,24.1,14:40,WNW
2023,2,22,9.0,18.2,15:40,2.2,7:30,9.3,0.0,0.0,1.3,9.7,13:40,SSW
2023,2,23,9.3,18.2,15:50,2.7,7:40,9.0,0.0,0.0,1.9,17.7,15:40,SW
2023,2,24,10.8,17.6,15:20,6.8,00:00,7.6,0.0,0.0,2.6,16.1,15:20,W
2023,2,25,9.6,17.6,13:30,2.7,5:50,8.8,0.0,0.0,4.5,32.2,15:20,SSW
2023,2,26,13.4,18.1,14:20,8.3,2:20,4.9,0.0,0.0,6.4,33.8,15:10,S
2023,2,27,10.7,15.8,16:30,6.4,7:30,7.7,0.0,4.4,4.2,49.9,15:10,W
2023,2,28,8.4,13.5,15:30,4.3,3:30,9.9,0.0,0.0,2.4,22.5,17:20,SSE
2023,3,1,9.9,12.8,16:10,8.3,8:00,8.4,0.0,1.2,2.9,22.5,20:30,SE
2023,3,2,8.6,11.8,12:10,5.9,23:10,9.7,0.0,7.2,3.4,22.5,15:30,S
2023,3,3,8.1,11.9,13:20,4.6,7:50,10.3,0.0,0.0,2.4,17.7,14:20,SSW
2023,3,4,7.2,10.6,13:30,5.6,6:00,11.1,0.0,8.4,2.7,22.5,15:20,NE
2023,3,5,7.7,11.3,13:30,5.7,1:10,10.6,0.0,2.4,3.4,20.9,15:00,W
2023,3,6,8.2,13.7,15:10,3.1,7:00,10.1,0.0,0.0,4.7,30.6,15:00,W
2023,3,7,8.4,12.8,15:40,5.3,00:00,9.9,0.0,0.0,2.6,17.7,1:30,S
2023,3,8,8.0,14.8,14:40,2.3,7:00,10.3,0.0,0.0,3.5,25.7,15:50,W
2023,3,9,10.1,17.4,13:50,4.1,6:50,8.2,0.0,0.0,3.5,41.8,14:40,SSW
2023,3,10,12.2,17.8,16:20,7.6,6:30,6.2,0.0,3.8,5.0,37.0,14:30,S
2023,3,11,10.8,16.3,12:30,6.3,6:20,7.6,0.0,0.8,4.7,30.6,16:30,W
2023,3,12,8.4,12.3,14:30,5.2,8:30,9.9,0.0,1.4,8.5,38.6,20:30,N
2023,3,13,6.6,13.2,16:20,0.3,7:10,11.8,0.0,0.0,3.7,24.1,0:40,SSW
2023,3,14,7.4,16.0,17:00,-0.6,7:20,10.9,0.0,0.0,3.4,19.3,19:20,SSW
2023,3,15,7.6,10.6,17:20,4.7,6:30,10.7,0.0,4.6,2.9,19.3,21:00,NE
2023,3,16,5.7,7.7,0:10,3.4,21:00,12.7,0.0,2.0,13.5,46.7,19:50,N
2023,3,17,5.8,10.2,16:00,2.2,6:10,12.5,0.0,0.0,8.4,66.0,0:40,NE
2023,3,18,6.9,14.9,16:10,0.4,6:50,11.4,0.0,0.0,5.0,35.4,17:20,E
2023,3,19,8.1,16.2,17:10,1.7,4:20,10.3,0.0,0.0,2.4,12.9,10:30,SSW
2023,3,20,10.6,19.6,15:10,1.9,6:50,7.8,0.1,0.0,2.3,17.7,20:50,SSW
2023,3,21,9.4,11.7,11:00,7.3,7:40,8.9,0.0,6.0,3.2,24.1,9:30,WSW
2023,3,22,10.1,14.8,15:10,6.4,00:00,8.3,0.0,0.0,4.3,25.7,15:40,NE
2023,3,23,10.4,18.1,16:10,3.6,6:20,7.9,0.0,0.0,2.1,11.3,4:50,SSW
2023,3,24,11.7,20.6,17:00,3.7,6:30,6.8,0.2,0.0,2.3,20.9,19:10,W
2023,3,25,13.4,22.3,13:50,5.3,6:20,5.4,0.6,0.0,4.2,41.8,13:50,SSW
2023,3,26,14.6,20.7,17:20,8.2,7:30,3.9,0.3,0.0,5.8,29.0,14:10,W
2023,3,27,10.2,16.5,16:30,4.7,6:30,8.2,0.0,0.8,5.0,45.1,13:10,SSW
2023,3,28,6.3,9.6,11:20,3.1,00:00,12.1,0.0,0.0,8.2,38.6,14:10,NNW
2023,3,29,5.8,12.1,16:30,0.3,7:20,12.5,0.0,0.0,7.4,32.2,17:40,WNW
2023,3,30,9.7,17.9,16:20,1.9,7:30,8.7,0.0,0.0,5.8,32.2,14:00,WNW
2023,3,31,13.1,20.8,16:00,5.7,7:40,5.5,0.3,0.0,4.3,30.6,16:40,WNW
2023,4,1,12.0,17.4,15:40,5.8,7:30,6.3,0.0,0.4,5.6,43.5,12:20,SSW
2023,4,2,11.5,17.2,17:00,6.2,5:00,6.8,0.0,0.2,2.9,17.7,22:10,ENE
2023,4,3,9.4,12.2,0:10,6.0,21:50,8.9,0.0,7.0,9.5,59.5,14:20,E
2023,4,4,8.2,12.7,15:30,4.2,6:50,10.2,0.0,4.8,3.5,20.9,12:10,ENE
2023,4,5,8.0,11.8,16:40,4.6,6:00,10.3,0.0,0.0,4.7,29.0,15:40,WSW
2023,4,6,7.1,10.8,15:20,4.7,5:20,11.2,0.0,0.0,2.9,14.5,2:40,ESE
2023,4,7,8.0,14.4,15:10,2.1,7:40,10.3,0.0,0.0,4.7,27.4,12:40,SSW
2023,4,8,8.1,14.4,17:10,1.7,7:10,10.2,0.0,0.0,5.1,30.6,19:00,ENE
2023,4,9,8.1,10.3,15:10,6.2,00:00,10.2,0.0,5.2,4.0,19.3,16:10,NE
2023,4,10,7.3,10.6,16:50,5.1,5:20,11.0,0.0,2.6,2.3,25.7,20:50,NE
2023,4,11,10.2,15.0,16:20,5.6,2:40,8.2,0.0,0.0,7.7,37.0,18:30,NW
2023,4,12,11.7,18.4,15:20,4.4,7:40,6.6,0.0,0.0,6.3,43.5,17:20,W
2023,4,13,13.1,21.8,17:20,4.9,6:10,5.7,0.5,0.0,3.2,20.9,18:50,NE
2023,4,14,12.3,16.4,17:50,8.6,22:50,6.0,0.0,1.4,5.5,41.8,10:20,S
2023,4,15,11.5,17.3,17:20,6.2,7:20,6.8,0.0,0.0,3.7,16.1,0:20,WSW
2023,4,16,11.7,15.6,15:10,9.1,6:40,6.6,0.0,0.6,2.7,25.7,18:30,S
2023,4,17,10.0,15.1,15:20,7.5,4:50,8.3,0.0,7.2,2.1,19.3,16:40,NE
2023,4,18,10.6,17.4,16:40,6.9,4:40,7.7,0.0,1.2,3.2,27.4,17:10,WSW
2023,4,19,12.2,17.6,16:20,8.8,2:40,6.1,0.0,0.0,3.9,27.4,15:50,W
2023,4,20,11.9,18.5,15:20,5.4,6:50,6.4,0.0,0.0,1.1,17.7,16:40,WSW
2023,4,21,12.9,19.7,16:50,6.0,7:20,5.5,0.1,0.8,3.4,19.3,17:00,E
2023,4,22,11.4,17.0,15:10,6.4,7:10,6.9,0.0,3.4,3.5,25.7,13:00,WSW
2023,4,23,12.3,19.9,16:50,5.2,5:50,6.1,0.1,0.0,2.4,16.1,20:50,E
2023,4,24,12.7,21.3,15:20,6.1,7:00,5.9,0.3,1.2,3.7,30.6,17:10,SSW
2023,4,25,12.6,20.2,15:40,6.1,7:00,5.8,0.1,0.0,5.0,49.9,19:20,SSW
2023,4,26,10.7,14.8,12:40,7.2,6:00,7.6,0.0,2.6,6.8,38.6,13:10,NE
2023,4,27,11.3,16.9,17:10,5.1,7:10,7.0,0.0,0.0,7.4,38.6,21:00,NE
2023,4,28,11.9,18.7,17:50,3.8,6:50,6.4,0.0,0.0,5.6,30.6,1:40,E
2023,4,29,12.7,20.6,14:40,5.2,6:50,6.0,0.4,0.2,3.7,33.8,19:00,SSW
2023,4,30,15.2,21.4,17:30,8.6,6:30,3.6,0.5,0.0,1.6,22.5,20:30,E
2023,5,1,14.7,17.8,14:00,13.0,7:00,3.6,0.0,2.2,2.7,30.6,14:30,NE
2023,5,2,12.6,16.3,11:00,10.2,22:50,5.7,0.0,3.6,2.3,20.9,23:50,S
2023,5,3,11.6,14.2,14:40,9.4,22:10,6.8,0.0,14.0,9.8,35.4,13:40,ENE
2023,5,4,11.2,14.6,11:50,8.2,3:50,7.1,0.0,1.0,0.2,9.7,0:30,SSE
2023,5,5,14.8,19.7,14:10,10.2,7:00,3.6,0.1,0.0,4.0,20.9,20:10,ENE
2023,5,6,15.1,20.7,14:10,8.7,6:50,3.6,0.3,0.0,4.3,20.9,12:10,E
2023,5,7,17.0,23.2,17:40,10.6,6:50,2.7,1.4,0.0,0.0,6.4,1:00,SSW
2023,5,8,17.2,24.6,16:40,10.6,6:20,2.6,1.4,0.0,1.1,22.5,23:30,E
2023,5,9,14.4,17.0,0:10,11.2,23:30,3.9,0.0,11.8,3.9,19.3,0:20,E
2023,5,10,11.3,13.7,13:30,10.2,5:50,7.0,0.0,3.4,2.9,17.7,16:10,S
2023,5,11,10.5,12.4,13:10,9.2,6:00,7.8,0.0,1.8,1.9,17.7,2:30,S
2023,5,12,13.3,18.7,17:40,9.8,6:20,5.0,0.0,0.0,0.2,6.4,1:00,SSW
2023,5,13,14.4,19.4,16:00,10.5,4:00,3.9,0.0,0.8,0.5,19.3,18:40,SSW
2023,5,14,14.1,17.2,16:10,12.1,8:50,4.2,0.0,4.6,0.0,11.3,2:30,S
2023,5,15,16.1,21.6,17:20,12.6,7:20,2.7,0.4,0.8,0.6,14.5,18:30,E
2023,5,16,15.2,19.3,16:40,12.7,11:40,3.1,0.1,3.8,3.4,24.1,12:50,SSW
2023,5,17,14.6,21.9,16:40,9.0,6:20,4.3,0.5,3.2,2.1,30.6,18:30,NNW
2023,5,18,14.9,20.9,15:00,10.6,6:40,3.5,0.2,3.8,3.7,22.5,0:30,E
2023,5,19,16.7,21.7,17:20,12.0,4:20,2.3,0.7,0.0,0.3,16.1,0:10,NE
2023,5,20,15.6,21.6,17:00,8.8,6:40,3.4,0.6,0.0,1.3,25.7,15:30,SSE
2023,5,21,14.2,16.4,16:00,12.2,4:40,4.1,0.0,1.2,3.2,22.5,17:00,E
2023,5,22,15.1,20.2,17:20,12.2,5:20,3.3,0.1,0.4,4.0,24.1,17:50,WSW
2023,5,23,16.1,23.3,16:10,10.4,6:40,3.2,0.9,0.2,3.1,19.3,16:40,WSW
2023,5,24,16.8,24.6,15:30,11.7,6:40,2.9,1.4,0.4,3.2,30.6,13:20,SSW
2023,5,25,15.7,22.7,16:10,11.3,6:10,3.3,0.7,7.6,2.7,38.6,18:10,ENE
2023,5,26,15.6,23.7,15:10,11.2,7:20,3.3,0.6,4.4,3.2,33.8,15:20,WSW
2023,5,27,16.6,23.0,16:30,10.3,6:00,2.8,1.1,0.2,0.5,12.9,1:20,WSW
2023,5,28,17.8,23.8,16:20,13.7,6:00,1.8,1.3,0.6,6.4,38.6,19:00,WSW
2023,5,29,16.4,21.9,15:10,12.5,5:40,2.3,0.4,0.0,2.6,24.1,15:40,WSW
2023,5,30,16.3,22.7,13:50,11.3,6:20,2.6,0.5,0.0,3.1,19.3,14:10,WSW
2023,5,31,15.7,19.2,11:40,13.1,1:50,2.7,0.1,10.0,2.4,14.5,20:40,WSW
2023,6,1,16.8,23.1,17:30,11.1,6:40,2.4,0.9,0.0,2.1,22.5,14:20,E
2023,6,2,18.1,24.3,15:30,10.8,6:40,2.1,1.8,0.2,1.9,12.9,10:00,SSW
2023,6,3,17.0,23.9,14:10,12.0,6:20,2.2,0.9,0.6,1.8,27.4,17:30,WSW
2023,6,4,17.8,25.4,16:40,10.9,6:20,2.3,1.8,0.0,2.9,22.5,18:40,E
2023,6,5,19.0,25.5,16:40,12.7,6:10,1.4,2.1,0.0,2.3,19.3,18:00,SSW
2023,6,6,20.4,25.3,17:10,15.7,7:30,0.6,2.6,0.0,2.3,20.9,19:30,E
2023,6,7,19.6,25.6,17:40,13.9,5:50,1.1,2.4,0.0,0.5,14.5,19:00,SSE
2023,6,8,18.1,23.8,17:40,12.3,6:00,1.7,1.4,0.0,2.1,16.1,1:50,WSW
2023,6,9,20.4,27.9,16:50,12.4,6:30,1.4,3.4,0.0,2.9,14.5,3:00,WSW
2023,6,10,20.5,27.4,16:50,14.1,5:40,0.8,3.1,0.0,3.2,29.0,17:40,E
2023,6,11,19.5,24.6,13:30,16.5,23:40,0.4,1.6,0.2,3.2,30.6,17:30,WSW
2023,6,12,17.2,23.2,14:00,14.8,5:30,1.7,0.6,21.2,2.7,32.2,14:30,WSW
2023,6,13,18.6,24.7,15:30,14.1,5:30,1.3,1.6,0.2,3.1,20.9,17:10,E
2023,6,14,19.3,25.7,15:40,15.5,4:20,0.8,1.8,9.2,2.9,35.4,16:50,WSW
2023,6,15,18.8,22.5,14:10,16.5,3:10,0.4,0.9,4.2,0.0,14.5,00:00,SE
2023,6,16,17.4,21.7,15:20,15.2,5:40,1.4,0.4,16.4,1.8,12.9,17:00,N
2023,6,17,16.9,20.2,15:00,14.8,22:40,1.7,0.2,4.2,5.5,30.6,17:10,WSW
2023,6,18,18.2,22.7,15:40,13.7,3:50,1.4,1.3,3.0,7.1,35.4,12:20,NE
2023,6,19,20.4,26.8,16:20,13.8,5:00,1.1,3.2,0.0,4.5,24.1,1:40,E
2023,6,20,20.9,28.5,16:10,13.5,5:50,1.2,3.8,0.0,0.3,14.5,1:00,WSW
2023,6,21,23.1,30.1,17:30,15.9,6:20,0.3,5.1,0.0,0.0,0.0,---,---
2023,6,22,24.5,30.7,17:30,17.7,6:20,0.0,6.2,0.0,0.0,9.7,3:00,WSW
2023,6,23,24.6,31.2,17:10,17.6,6:50,0.0,6.3,0.0,0.3,11.3,18:30,E
2023,6,24,21.9,27.7,13:10,17.4,00:00,0.0,3.6,0.6,2.3,48.3,15:20,NNW
2023,6,25,20.1,26.8,17:10,13.9,6:20,0.9,2.7,0.6,3.4,20.9,12:20,WSW
2023,6,26,22.3,27.6,16:10,16.8,6:30,0.2,4.2,0.6,5.6,29.0,22:40,ENE
2023,6,27,22.8,28.3,17:40,16.9,6:30,0.1,4.6,0.0,2.6,27.4,0:20,E
2023,6,28,22.4,29.8,16:50,15.4,6:40,0.5,4.6,0.0,3.9,29.0,20:50,S
2023,6,29,20.1,23.8,17:50,15.6,7:00,0.3,2.2,2.6,1.6,12.9,20:40,SSW
2023,6,30,22.2,27.9,17:20,17.8,5:30,0.0,3.9,0.0,1.1,20.9,17:50,WSW
2023,7,1,21.7,28.9,16:00,13.8,6:20,0.8,4.2,0.0,1.1,25.7,18:00,WSW
2023,7,2,22.6,27.1,15:40,18.4,6:30,0.0,4.3,0.0,1.9,30.6,17:40,E
2023,7,3,22.8,28.5,17:10,16.8,6:30,0.2,4.7,0.0,4.2,22.5,11:20,ENE
2023,7,4,23.1,30.2,16:20,16.3,6:40,0.2,4.9,0.0,2.1,14.5,18:00,WSW
2023,7,5,21.9,28.8,16:30,18.3,23:00,0.0,3.6,0.2,3.5,38.6,18:10,WSW
2023,7,6,22.9,29.8,17:40,15.6,5:40,0.4,5.0,0.0,2.7,17.7,20:50,ENE
2023,7,7,24.2,31.1,15:50,17.5,6:10,0.1,5.9,0.0,4.3,33.8,17:40,WSW
2023,7,8,23.2,29.6,17:40,16.6,6:10,0.1,5.0,0.0,7.2,27.4,3:00,ENE
2023,7,9,23.3,31.1,17:30,16.1,6:30,0.3,5.3,0.0,4.5,33.8,22:20,E
2023,7,10,23.5,28.7,17:20,16.3,6:40,0.1,5.3,0.0,4.7,27.4,4:10,E
2023,7,11,22.5,29.3,17:10,14.7,6:20,0.7,4.8,0.0,1.8,14.5,2:50,E
2023,7,12,24.8,34.4,17:30,16.7,5:50,0.2,6.6,0.0,2.7,19.3,18:20,SSW
2023,7,13,25.9,36.2,18:00,16.8,6:50,0.1,7.6,0.0,1.6,14.5,18:00,SSW
2023,7,14,27.1,37.7,17:10,18.1,6:40,0.0,8.7,0.0,1.8,19.3,17:00,E
2023,7,15,26.5,34.1,16:50,18.2,6:40,0.0,8.2,0.0,2.1,17.7,19:30,ENE
2023,7,16,26.9,33.8,17:30,19.9,6:40,0.0,8.6,0.0,1.8,9.7,13:00,SSW
2023,7,17,27.1,33.8,15:50,20.5,6:40,0.0,8.8,0.0,1.6,11.3,1:20,SSW
2023,7,18,27.4,33.6,16:00,19.9,6:50,0.0,9.1,0.0,4.2,29.0,21:00,ENE
2023,7,19,27.4,33.3,18:10,21.1,5:40,0.0,9.1,0.0,2.3,20.9,2:30,WSW
2023,7,20,27.2,37.2,16:40,18.9,6:40,0.0,8.8,0.0,3.4,37.0,16:40,SSW
2023,7,21,27.2,36.3,16:30,18.9,6:50,0.0,8.8,0.0,2.4,17.7,14:50,WSW
2023,7,22,27.7,37.4,15:00,18.6,7:00,0.0,9.3,0.0,2.9,32.2,14:50,SSW
2023,7,23,27.8,36.9,16:00,19.1,6:40,0.0,9.5,0.0,3.9,41.8,15:40,SSW
2023,7,24,26.9,36.3,16:50,18.3,6:50,0.0,8.6,0.0,2.4,17.7,17:10,SSW
2023,7,25,27.3,38.5,16:40,18.2,6:40,0.0,8.9,0.0,2.6,29.0,16:50,SSW
2023,7,26,26.5,34.4,15:10,18.4,7:00,0.0,8.2,0.0,5.0,40.2,13:50,SSW
2023,7,27,24.1,28.8,15:40,19.3,6:50,0.0,5.8,0.0,5.3,38.6,12:10,WNW
2023,7,28,22.6,31.0,17:50,14.3,6:00,0.7,4.9,0.0,2.7,17.7,5:40,WSW
2023,7,29,23.9,31.8,17:50,14.8,7:00,0.4,6.0,0.0,3.1,17.7,20:20,WSW
2023,7,30,24.8,33.4,17:50,16.5,6:50,0.1,6.6,0.0,2.7,30.6,19:20,SSW
2023,7,31,24.5,29.1,15:50,18.0,6:30,0.0,6.2,0.0,6.3,32.2,10:30,ENE
2023,8,1,24.8,31.0,18:00,17.5,6:40,0.1,6.6,0.0,2.7,17.7,0:10,WSW
2023,8,2,25.6,33.2,17:10,17.8,7:20,0.0,7.3,0.0,2.3,14.5,17:30,WSW
2023,8,3,26.4,34.1,17:20,18.6,7:10,0.0,8.1,0.0,1.9,12.9,8:20,SSW
2023,8,4,26.9,35.4,15:40,19.2,6:50,0.0,8.6,0.0,3.4,22.5,19:10,ENE
2023,8,5,24.1,33.6,16:00,17.7,00:00,0.0,5.7,4.0,3.4,51.5,18:10,SSW
2023,8,6,21.0,26.7,15:30,16.3,7:00,0.5,3.2,0.0,4.8,32.2,13:10,WSW
2023,8,7,21.8,29.9,16:50,14.8,5:20,0.8,4.3,0.0,3.1,22.5,19:30,WSW
2023,8,8,21.4,26.1,16:40,16.9,5:30,0.1,3.1,0.0,8.4,35.4,7:20,NE
2023,8,9,20.9,27.6,16:50,13.7,6:50,1.1,3.6,0.0,2.7,14.5,18:50,SSW
2023,8,10,21.0,27.2,13:30,16.9,8:00,0.2,2.9,0.0,5.0,33.8,16:30,ENE
2023,8,11,20.6,26.4,17:20,14.3,4:50,0.9,3.1,0.0,4.5,27.4,6:20,ENE
2023,8,12,20.6,26.4,16:30,16.1,4:10,0.6,2.8,0.0,3.2,17.7,17:00,SSW
2023,8,13,21.4,27.8,15:10,16.3,4:20,0.5,3.6,0.0,3.4,27.4,21:10,WSW
2023,8,14,22.7,27.8,16:40,17.9,5:20,0.1,4.4,0.0,4.3,22.5,15:00,ENE
2023,8,15,22.8,28.6,16:10,17.3,7:00,0.1,4.5,0.0,3.2,32.2,20:10,WSW
2023,8,16,23.6,31.9,16:20,16.1,7:00,0.3,5.6,0.0,3.7,25.7,15:00,SSW
2023,8,17,24.8,31.6,17:10,17.7,6:50,0.1,6.4,0.0,2.3,19.3,19:20,E
2023,8,18,25.1,31.8,17:30,17.8,7:00,0.0,6.8,0.0,2.9,19.3,19:10,ENE
2023,8,19,25.1,32.6,16:30,17.6,7:00,0.0,6.8,0.0,1.6,22.5,20:20,SSW
2023,8,20,24.9,31.2,16:40,17.3,7:00,0.1,6.6,0.0,3.9,24.1,18:10,ENE
2023,8,21,25.1,32.0,16:50,18.0,7:20,0.0,6.7,0.0,2.7,29.0,17:30,ENE
2023,8,22,26.5,32.2,15:50,19.7,7:30,0.0,8.2,0.0,5.6,30.6,14:50,E
2023,8,23,24.4,31.3,16:10,17.4,6:50,0.1,6.1,0.0,3.9,22.5,15:40,ENE
2023,8,24,24.4,32.1,14:10,18.7,5:50,0.0,6.1,0.2,4.2,38.6,19:40,S
2023,8,25,23.9,31.6,16:20,17.4,7:00,0.1,5.6,8.2,1.9,48.3,22:40,WSW
2023,8,26,22.9,31.9,16:00,18.2,7:00,0.0,4.6,5.0,3.7,51.5,21:30,WSW
2023,8,27,23.4,31.9,17:50,16.7,6:30,0.2,5.3,0.0,1.1,16.1,0:10,SSW
2023,8,28,25.3,34.2,17:40,18.3,7:30,0.0,7.0,0.0,2.4,17.7,18:50,SSW
2023,8,29,23.7,31.1,15:50,18.4,8:00,0.0,5.3,0.4,3.9,27.4,16:00,SSW
2023,8,30,20.4,26.8,16:10,14.6,7:20,0.6,2.7,0.0,4.3,27.4,15:30,WSW
2023,8,31,20.5,26.4,15:40,15.1,7:30,0.7,2.9,0.0,5.1,33.8,16:20,WSW
2023,9,1,20.3,27.2,17:10,12.6,7:20,1.2,3.1,0.0,2.7,19.3,1:50,NE
2023,9,2,20.7,28.2,16:20,14.1,6:50,1.1,3.4,0.0,1.9,12.9,15:00,ENE
2023,9,3,22.0,29.9,16:50,14.9,7:20,0.7,4.4,0.0,1.8,14.5,18:00,E
2023,9,4,18.3,22.3,3:50,14.3,23:00,0.8,0.7,1.8,9.2,38.6,5:20,N
2023,9,5,17.4,20.8,22:20,14.3,1:00,1.3,0.4,1.8,10.6,43.5,6:30,NE
2023,9,6,19.7,21.8,17:30,16.8,8:20,0.1,1.4,0.0,12.6,40.2,13:30,ENE
2023,9,7,19.9,23.7,15:30,16.3,7:00,0.2,1.7,2.6,7.7,32.2,3:10,E
2023,9,8,19.7,24.8,16:40,16.5,8:00,0.5,1.9,0.4,3.5,25.7,16:30,E
2023,9,9,19.1,25.8,16:00,12.9,6:20,1.7,2.4,0.0,2.4,20.9,18:30,E
2023,9,10,18.8,25.7,16:50,12.1,7:10,1.8,2.3,0.0,2.4,19.3,13:00,E
2023,9,11,18.8,25.7,15:20,11.6,7:10,1.9,2.4,0.0,3.4,17.7,21:50,E
2023,9,12,18.9,27.4,16:20,10.8,7:40,2.3,2.8,0.0,2.3,12.9,1:50,S
2023,9,13,20.1,30.3,17:10,11.9,7:00,1.8,3.6,0.0,2.6,19.3,18:20,SSW
2023,9,14,20.7,29.4,15:40,12.5,7:30,1.3,3.7,0.0,1.4,12.9,18:40,E
2023,9,15,21.8,29.7,15:50,14.9,7:00,0.6,4.1,0.0,2.1,16.1,17:20,SSW
2023,9,16,21.3,28.7,15:30,15.2,6:50,0.6,3.6,0.0,2.4,19.3,17:40,SSW
2023,9,17,21.1,27.7,16:30,15.6,7:50,0.6,3.3,0.0,2.3,19.3,17:50,S
2023,9,18,20.7,27.0,15:10,14.7,7:00,0.7,3.0,0.0,1.6,16.1,19:20,SSW
2023,9,19,20.6,28.1,17:10,14.3,6:50,0.9,3.2,0.0,2.4,20.9,18:10,SSW
2023,9,20,21.7,30.4,16:40,14.8,7:50,0.7,4.1,0.0,2.6,22.5,19:20,SSW
2023,9,21,21.0,28.6,15:50,15.9,7:40,0.4,3.1,0.0,1.9,17.7,16:00,SSW
2023,9,22,22.4,31.7,16:30,15.8,7:50,0.4,4.6,0.0,2.7,22.5,16:30,SSW
2023,9,23,22.2,31.8,15:50,13.9,7:30,0.8,4.6,0.0,2.3,20.9,15:40,SSW
2023,9,24,19.3,22.4,16:20,16.1,6:10,0.3,1.3,0.0,1.6,19.3,11:40,S
2023,9,25,18.1,23.7,14:20,13.7,23:10,1.2,1.0,17.8,4.3,32.2,14:10,WSW
2023,9,26,17.5,22.7,14:20,12.9,5:40,2.1,1.2,2.8,4.2,29.0,16:01,WSW
2023,9,27,19.5,23.1,13:30,16.1,5:20,0.4,1.6,0.0,5.5,32.2,15:00,ENE
2023,9,28,18.7,24.3,16:00,13.1,7:20,1.2,1.6,0.0,2.1,20.9,19:40,WSW
2023,9,29,17.4,24.4,14:40,13.9,23:50,2.0,1.0,2.8,2.7,24.1,17:50,SSW
2023,9,30,16.8,23.9,15:30,12.5,8:00,2.6,1.0,0.2,1.4,12.9,18:40,SSW
2023,10,1,19.0,23.6,14:30,14.3,0:40,1.0,1.7,0.0,4.7,35.4,22:40,WSW
2023,10,2,18.1,23.4,15:50,12.7,7:40,1.4,1.2,0.0,6.1,29.0,21:10,ENE
2023,10,3,15.7,22.0,15:50,9.6,7:40,3.3,0.7,0.0,2.9,20.9,0:20,WSW
2023,10,4,15.6,25.1,17:00,9.4,6:40,3.8,1.1,0.0,1.6,11.3,3:40,SSW
2023,10,5,16.8,24.8,15:10,10.7,6:50,2.9,1.4,0.0,1.6,14.5,22:10,SSW
2023,10,6,16.2,22.8,14:20,10.6,7:00,3.0,0.8,0.0,2.7,19.3,20:30,SSW
2023,10,7,15.9,23.2,16:10,10.2,6:50,3.4,0.9,0.0,1.8,14.5,15:20,WSW
2023,10,8,16.3,25.6,15:30,8.9,7:50,3.4,1.4,0.0,1.8,11.3,22:20,SSW
2023,10,9,17.6,24.2,14:10,11.6,8:10,2.2,1.4,0.0,3.4,22.5,15:50,SSW
2023,10,10,16.7,24.2,14:30,10.1,7:40,2.8,1.2,0.0,3.2,33.8,17:00,SSW
2023,10,11,15.6,20.8,16:10,11.1,8:20,3.1,0.4,0.0,1.8,14.5,3:10,SSW
2023,10,12,15.6,22.3,16:10,11.7,00:00,3.2,0.6,0.0,2.1,11.3,4:20,WSW
2023,10,13,15.1,25.2,16:00,7.7,6:20,4.3,1.1,0.0,1.8,9.7,8:10,SSW
2023,10,14,16.1,24.7,16:00,9.5,6:30,3.5,1.3,0.0,1.8,12.9,23:30,SSW
2023,10,15,16.2,25.6,15:20,8.9,7:10,3.6,1.4,0.0,2.1,22.5,15:10,WSW
2023,10,16,14.3,18.3,16:10,11.4,5:10,4.0,0.0,1.6,4.2,32.2,10:10,ENE
2023,10,17,12.3,14.2,0:10,10.9,9:10,6.0,0.0,10.0,1.4,14.5,5:00,S
2023,10,18,13.1,17.1,16:30,10.9,6:50,5.2,0.0,0.8,1.0,14.5,17:20,S
2023,10,19,14.6,18.4,15:50,12.4,23:40,3.7,0.0,0.0,1.1,11.3,11:50,S
2023,10,20,16.3,25.9,15:50,11.6,4:30,3.3,1.2,0.0,2.7,38.6,15:20,SSW
2023,10,21,17.3,25.8,14:40,10.5,8:00,2.7,1.7,0.0,3.5,32.2,14:50,S
2023,10,22,19.0,24.6,16:20,14.7,00:00,0.7,1.4,0.4,2.9,19.3,6:10,SSW
2023,10,23,16.7,24.3,16:10,11.7,7:30,2.7,1.1,0.0,1.8,20.9,17:00,SSW
2023,10,24,15.0,22.3,16:20,9.4,8:20,3.8,0.5,0.0,1.1,8.0,1:40,SSW
2023,10,25,16.2,24.3,15:50,10.7,6:50,3.2,1.1,0.0,2.9,37.0,17:10,SSW
2023,10,26,16.4,20.7,14:40,13.7,00:00,2.1,0.3,16.6,1.8,14.5,6:10,WSW
2023,10,27,15.6,21.1,15:50,11.6,9:30,3.2,0.4,0.2,2.1,22.5,16:50,SSW
2023,10,28,17.9,24.1,15:20,13.7,8:10,1.6,1.2,0.0,1.9,19.3,16:00,SSW
2023,10,29,14.8,22.3,15:00,9.9,7:30,4.0,0.4,0.0,1.3,16.1,0:20,SSW
2023,10,30,13.2,21.9,15:00,7.7,6:40,5.5,0.4,0.0,1.8,9.7,3:30,SSW
2023,10,31,13.0,19.1,14:00,7.2,7:10,5.3,0.0,2.0,1.6,14.5,3:20,SSW
2023,11,1,14.9,22.1,15:00,10.9,6:00,3.8,0.4,0.0,1.8,17.7,3:10,SSW
2023,11,2,14.1,18.5,15:50,11.5,7:00,4.3,0.0,8.0,1.8,16.1,7:10,WSW
2023,11,3,15.0,21.2,14:20,8.8,5:50,3.7,0.4,5.0,3.7,56.3,22:50,S
2023,11,4,12.0,13.8,12:20,8.6,23:50,6.3,0.0,23.8,3.5,32.2,8:00,SSE
2023,11,5,12.2,20.1,14:10,5.5,7:40,6.2,0.1,0.2,3.5,35.4,15:00,S
2023,11,6,16.9,21.4,14:10,10.8,00:00,1.9,0.6,0.0,4.0,30.6,3:50,WSW
2023,11,7,11.8,18.6,15:00,6.7,7:30,6.5,0.0,0.0,1.0,9.7,0:40,SSW
2023,11,8,11.5,17.4,12:00,7.5,7:10,6.8,0.0,4.2,2.1,17.7,12:50,SSW
2023,11,9,10.4,15.7,15:10,7.1,5:40,7.9,0.0,0.0,2.1,17.7,6:40,SSW
2023,11,10,10.3,12.8,12:40,7.1,1:00,8.1,0.0,2.8,1.8,14.5,13:10,S
2023,11,11,11.7,15.4,14:40,9.4,3:10,6.6,0.0,7.2,4.3,41.8,13:10,S
2023,11,12,10.7,13.7,15:10,7.1,6:50,7.7,0.0,0.4,1.1,12.9,5:10,SSW
2023,11,13,11.4,18.3,14:50,7.4,23:20,6.9,0.0,4.8,2.6,19.3,14:30,WSW
2023,11,14,11.4,19.8,14:40,4.9,7:30,7.1,0.1,0.2,1.9,37.0,19:50,SSW
2023,11,15,12.7,16.8,16:10,7.9,6:50,5.7,0.0,0.2,1.4,24.1,00:00,SW
2023,11,16,10.1,14.7,14:50,4.8,00:00,8.3,0.0,3.8,4.2,40.2,0:10,SSW
2023,11,17,8.6,14.1,19:20,3.9,2:10,9.8,0.0,0.2,2.3,25.7,00:00,SSW
2023,11,18,7.7,12.8,0:30,4.8,20:50,10.7,0.0,3.2,9.8,53.1,1:30,NW
2023,11,19,6.3,12.1,14:40,2.0,7:30,12.1,0.0,0.0,5.5,32.2,1:00,NW
2023,11,20,7.9,16.9,14:20,1.8,7:00,10.4,0.0,0.0,1.9,25.7,14:30,SE
2023,11,21,8.8,13.6,16:00,4.2,6:40,9.6,0.0,0.0,1.6,22.5,21:20,SSW
2023,11,22,9.8,11.0,14:10,8.3,4:20,8.6,0.0,4.2,0.8,9.7,3:50,ENE
2023,11,23,11.5,16.1,13:50,10.2,0:40,6.8,0.0,4.8,1.1,12.9,22:10,SSW
2023,11,24,11.6,14.6,17:00,9.9,7:40,6.8,0.0,0.2,1.6,20.9,23:40,WSW
2023,11,25,8.7,12.1,11:50,2.2,22:50,9.6,0.0,15.0,5.3,46.7,19:20,S
2023,11,26,2.2,5.4,13:00,-0.1,20:50,16.1,0.0,0.0,7.9,33.8,16:30,NNW
2023,11,27,3.7,9.3,14:10,-0.5,4:20,14.7,0.0,0.0,3.4,22.5,2:50,WSW
2023,11,28,5.2,9.9,00:00,3.1,9:40,13.2,0.0,11.4,2.4,38.6,22:30,S
2023,11,29,9.8,14.8,14:20,5.8,23:40,8.5,0.0,0.4,3.9,27.4,13:10,WSW
2023,11,30,6.5,12.4,15:50,1.4,7:20,11.8,0.0,0.0,1.4,14.5,0:10,SSW
2023,12,1,11.9,18.8,13:10,5.3,3:50,6.4,0.0,0.0,5.6,45.1,11:10,S
2023,12,2,14.2,20.6,13:10,9.2,4:40,4.3,0.3,0.0,5.6,45.1,15:40,S
2023,12,3,11.7,17.6,12:00,8.0,4:50,6.6,0.0,0.0,2.7,30.6,14:30,WSW
2023,12,4,7.7,11.2,14:00,3.9,7:50,10.7,0.0,0.0,1.9,12.9,1:20,SE
2023,12,5,7.5,8.4,18:00,6.5,6:50,10.8,0.0,0.4,1.9,16.1,2:10,NE
2023,12,6,8.2,11.7,15:50,5.9,00:00,10.2,0.0,1.4,1.8,12.9,16:20,WSW
2023,12,7,6.3,10.4,14:10,3.9,7:40,12.0,0.0,0.4,4.0,38.6,17:30,N
2023,12,8,3.9,7.8,14:20,-0.2,23:20,14.4,0.0,0.0,5.5,25.7,10:10,NNW
2023,12,9,1.8,6.3,14:20,-1.4,7:40,16.5,0.0,0.0,1.1,12.9,12:20,SSW
2023,12,10,2.4,6.9,14:50,-1.2,8:30,15.9,0.0,0.2,2.4,14.5,21:00,WSW
2023,12,11,3.7,7.6,15:20,1.2,9:50,14.7,0.0,0.0,1.3,11.3,11:20,SSW
2023,12,12,7.6,15.7,14:00,2.4,0:30,10.8,0.0,0.0,2.4,29.0,14:40,SSW
2023,12,13,5.5,9.4,15:50,2.6,6:00,12.8,0.0,0.0,1.0,11.3,10:10,SSW
2023,12,14,10.1,19.0,13:50,3.0,5:40,8.3,0.1,0.0,2.3,29.0,13:40,SSW
2023,12,15,5.9,12.8,0:50,1.5,18:30,12.4,0.0,22.8,5.8,38.6,4:20,WSW
2023,12,16,4.1,5.0,15:00,2.5,2:50,14.3,0.0,0.8,7.6,41.8,13:10,NE
2023,12,17,3.4,7.1,13:50,-0.9,00:00,14.9,0.0,0.0,2.9,17.7,6:00,NE
2023,12,18,1.4,7.0,15:30,-2.3,5:20,16.9,0.0,0.0,1.4,12.9,19:20,SSW
2023,12,19,3.9,10.8,15:10,-0.4,5:40,14.4,0.0,0.0,1.0,9.7,19:20,SSW
2023,12,20,3.7,10.3,14:20,-0.2,7:10,14.6,0.0,0.0,1.3,9.7,19:40,SSW
2023,12,21,4.1,11.8,14:50,-0.6,5:50,14.3,0.0,0.0,1.8,19.3,14:50,SW
2023,12,22,6.3,13.9,13:20,0.8,2:30,12.0,0.0,0.0,3.7,38.6,12:00,SSW
2023,12,23,8.1,15.4,14:20,1.0,7:10,10.2,0.0,0.0,4.5,27.4,19:20,W
2023,12,24,9.1,14.3,14:10,5.2,7:30,9.3,0.0,0.0,2.3,20.9,0:10,SE
2023,12,25,6.4,14.0,14:50,1.3,7:40,11.9,0.0,0.0,1.1,9.7,7:20,SSW
2023,12,26,5.6,12.6,15:10,1.3,8:00,12.8,0.0,0.0,1.1,8.0,0:10,SSW
2023,12,27,5.6,13.1,15:00,0.9,8:00,12.7,0.0,0.0,1.4,11.3,22:20,SW
2023,12,28,4.7,11.9,15:00,0.4,6:20,13.7,0.0,0.0,1.1,9.7,1:40,SSW
2023,12,29,5.0,11.8,15:00,0.1,6:40,13.3,0.0,0.0,1.1,12.9,18:00,SSW
2023,12,30,4.0,8.3,15:30,-0.2,8:30,14.3,0.0,0.0,1.0,9.7,10:20,SSW
2023,12,31,5.4,11.2,15:00,2.7,2:40,12.9,0.0,0.0,0.6,12.9,4:30,SW
2024,1,1,6.2,10.6,15:50,1.6,8:00,12.1,0.0,0.0,1.3,11.3,8:10,SSW
2024,1,2,8.4,13.2,15:50,5.5,23:20,9.9,0.0,0.6,1.9,19.3,15:20,N
2024,1,3,7.2,13.0,15:50,2.7,4:30,11.1,0.0,0.0,2.9,24.1,16:50,W
2024,1,4,8.2,15.2,15:00,3.2,5:10,10.2,0.0,0.0,3.2,33.8,14:50,W
2024,1,5,7.3,11.8,0:30,2.3,8:30,11.0,0.0,0.0,1.6,30.6,0:40,SSW
2024,1,6,7.7,12.9,16:10,4.7,8:50,10.6,0.0,11.6,1.6,33.8,23:30,SSW
2024,1,7,5.2,6.8,14:50,4.0,22:30,13.2,0.0,9.0,2.6,27.4,0:50,WSW
2024,1,8,4.7,7.6,15:20,2.6,8:10,13.7,0.0,0.6,1.3,14.5,2:20,SE
2024,1,9,3.5,5.4,0:10,1.7,12:40,14.8,0.0,2.2,6.1,33.8,8:10,NE
2024,1,10,2.7,4.4,13:30,1.3,6:30,15.6,0.0,0.0,1.6,17.7,0:20,SE
2024,1,11,2.2,3.8,15:20,1.2,21:20,16.1,0.0,0.0,2.1,14.5,1:20,S
2024,1,12,2.1,7.3,13:20,-1.6,8:00,16.3,0.0,0.0,4.7,32.2,18:50,NE
2024,1,13,-0.4,4.4,14:50,-4.2,8:30,18.7,0.0,0.0,2.1,14.5,0:40,SSW
2024,1,14,1.3,9.3,14:50,-4.6,6:50,17.1,0.0,0.0,2.7,29.0,13:40,SSW
2024,1,15,3.4,7.9,15:30,-0.6,8:10,14.9,0.0,0.0,1.1,17.7,4:00,SSW
2024,1,16,6.1,14.1,15:20,1.1,8:00,12.2,0.0,0.0,1.9,17.7,14:50,SSW
2024,1,17,5.6,11.7,15:00,-0.2,8:10,12.8,0.0,0.0,1.3,9.7,2:10,SSW
2024,1,18,11.2,18.1,13:10,7.4,23:50,7.1,0.0,0.0,4.0,33.8,14:00,S
2024,1,19,10.9,17.3,14:50,6.8,8:10,7.4,0.0,0.0,3.5,41.8,14:10,WNW
2024,1,20,3.7,7.3,0:10,-0.3,00:00,14.7,0.0,8.8,3.2,32.2,14:30,NE
2024,1,21,0.0,3.6,14:00,-3.7,00:00,18.3,0.0,2.0,2.3,17.7,12:50,WSW
2024,1,22,-3.1,2.6,15:10,-7.1,9:10,21.4,0.0,0.0,2.4,12.9,0:50,S
2024,1,23,-1.3,5.1,20:20,-7.7,7:50,19.6,0.0,0.0,4.5,48.3,22:30,SSW
2024,1,24,4.5,9.2,14:50,1.1,23:50,13.8,0.0,0.0,7.1,51.5,1:40,WSW
2024,1,25,5.0,13.2,15:10,0.2,5:20,13.3,0.0,0.0,3.2,33.8,15:30,W
2024,1,26,4.1,11.7,14:40,-0.7,6:00,14.2,0.0,0.0,3.2,40.2,18:50,SSW
2024,1,27,4.9,13.8,14:00,-1.2,3:30,13.4,0.0,0.0,5.1,35.4,14:40,NNW
2024,1,28,3.6,6.1,14:00,1.7,3:30,14.7,0.0,0.0,10.8,49.9,21:40,NE
2024,1,29,3.5,6.8,13:50,1.4,6:00,14.8,0.0,0.0,7.4,41.8,0:30,NNE
2024,1,30,2.9,6.4,13:40,0.1,7:10,15.4,0.0,0.0,8.2,30.6,5:30,NE
2024,1,31,1.5,8.9,15:40,-3.6,8:10,16.8,0.0,0.0,3.2,20.9,2:50,W
2024,2,1,1.1,10.1,15:50,-4.6,8:20,17.3,0.0,0.0,0.6,9.7,0:20,SSW
2024,2,2,3.5,11.2,15:00,-2.1,7:30,14.8,0.0,0.0,5.5,43.5,20:40,NNE
2024,2,3,2.8,9.2,16:20,-2.3,7:50,15.5,0.0,0.0,2.4,29.0,0:20,W
2024,2,4,6.4,17.2,15:10,-0.3,4:50,11.9,0.0,0.0,2.1,27.4,16:10,SSW
2024,2,5,8.5,18.3,13:30,0.8,7:00,9.8,0.0,0.0,3.4,30.6,14:50,WSW
2024,2,6,8.2,19.0,16:50,1.3,7:30,10.1,0.0,0.0,1.9,17.7,23:00,WSW
2024,2,7,8.4,17.6,15:10,1.8,7:30,9.9,0.0,0.0,1.6,20.9,14:40,WNW
2024,2,8,8.2,16.2,15:50,3.1,7:50,10.1,0.0,0.0,2.6,24.1,17:50,WSW
2024,2,9,8.1,16.7,16:10,1.8,6:50,10.3,0.0,0.0,2.3,22.5,16:20,SSW
2024,2,10,7.7,13.9,17:20,3.1,7:00,10.7,0.0,0.0,3.1,37.0,18:20,S
2024,2,11,10.3,12.7,2:20,6.8,23:30,8.1,0.0,20.4,4.5,32.2,2:20,S
2024,2,12,6.7,11.9,15:10,3.7,7:30,11.7,0.0,4.4,2.9,22.5,15:20,WSW
2024,2,13,6.8,13.2,14:20,1.2,6:20,11.6,0.0,0.0,4.0,33.8,18:40,N
2024,2,14,7.8,11.1,14:50,3.8,22:40,10.5,0.0,0.0,10.3,45.1,10:10,NNW
2024,2,15,6.3,11.2,15:00,3.1,7:00,12.0,0.0,0.0,9.2,30.6,5:00,NE
2024,2,16,5.4,13.0,15:30,0.5,7:20,12.9,0.0,0.0,3.2,19.3,4:20,W
2024,2,17,5.6,14.6,15:40,-0.3,6:40,12.7,0.0,0.0,1.8,8.0,1:30,E
2024,2,18,7.2,15.5,14:40,0.8,7:40,11.2,0.0,0.0,1.9,11.3,19:20,SSW
2024,2,19,7.4,13.6,15:30,2.1,6:10,10.9,0.0,0.0,2.3,14.5,17:00,SSW
2024,2,20,8.4,10.6,16:10,7.2,5:40,9.9,0.0,0.0,3.2,17.7,16:10,S
2024,2,21,8.3,11.6,15:00,5.4,7:50,10.1,0.0,0.0,2.1,12.9,13:00,S
2024,2,22,7.4,13.9,15:30,2.5,7:00,10.9,0.0,0.0,2.6,14.5,21:10,NE
2024,2,23,8.3,15.4,15:20,3.7,2:40,10.0,0.0,0.0,4.2,30.6,15:20,S
2024,2,24,11.2,13.9,11:40,9.1,7:20,7.2,0.0,0.0,5.8,27.4,14:00,S
2024,2,25,9.8,11.7,14:10,7.4,7:30,8.6,0.0,1.2,2.9,24.1,21:00,NE
2024,2,26,10.6,12.8,14:20,8.1,4:00,7.8,0.0,0.2,7.1,32.2,11:40,ENE
2024,2,27,10.3,13.3,14:30,6.9,7:40,8.1,0.0,0.0,1.9,17.7,13:00,SSW
2024,2,28,11.8,14.6,15:10,10.0,5:30,6.5,0.0,0.0,2.7,27.4,18:20,ENE
2024,2,29,11.7,14.7,13:40,10.2,23:30,6.7,0.0,2.0,4.5,27.4,17:30,NE
2024,3,1,9.0,10.4,0:20,6.9,00:00,9.3,0.0,11.8,2.1,24.1,6:00,N
2024,3,2,9.2,15.5,14:40,5.8,4:10,9.1,0.0,0.0,4.3,27.4,15:00,W
2024,3,3,8.9,17.2,15:40,2.2,7:10,9.4,0.0,0.0,3.1,19.3,17:50,SSW
2024,3,4,8.5,15.9,15:20,2.1,7:30,9.8,0.0,9.6,4.8,25.7,14:30,SSW
2024,3,5,7.1,9.9,17:00,5.3,23:40,11.2,0.0,1.6,4.0,24.1,15:30,W
2024,3,6,7.4,14.8,14:10,2.8,6:50,10.9,0.0,0.2,2.7,32.2,16:10,SSW
2024,3,7,6.8,12.9,11:50,3.0,00:00,11.5,0.0,0.2,4.3,35.4,12:30,W
2024,3,8,6.9,13.6,15:40,0.6,7:00,11.4,0.0,0.0,3.1,14.5,17:00,SSW
2024,3,9,7.1,10.3,14:40,4.3,3:30,11.2,0.0,0.0,2.3,9.7,4:30,SSW
2024,3,10,10.1,15.8,15:30,5.8,3:40,8.2,0.0,0.0,3.5,17.7,19:30,S
2024,3,11,11.9,17.3,14:40,9.8,4:50,6.4,0.0,3.6,5.5,45.1,14:10,SSE
2024,3,12,9.0,12.8,15:30,5.5,00:00,9.3,0.0,1.2,5.0,37.0,16:00,W
2024,3,13,8.4,14.3,15:10,3.4,5:50,9.9,0.0,0.6,4.3,33.8,20:00,W
2024,3,14,8.9,15.9,15:30,3.4,5:10,9.4,0.0,0.0,4.5,27.4,17:30,W
2024,3,15,8.8,14.7,15:00,3.1,7:00,9.6,0.0,0.0,4.0,22.5,19:00,W
2024,3,16,9.9,18.1,14:40,3.2,5:50,8.4,0.0,0.0,3.2,22.5,16:10,SSW
2024,3,17,10.4,15.8,15:50,6.8,7:00,7.9,0.0,0.0,4.2,27.4,17:10,WSW
2024,3,18,10.8,18.4,15:40,3.8,6:50,7.6,0.0,0.0,5.0,27.4,15:50,WSW
2024,3,19,9.5,11.3,14:00,7.2,00:00,8.8,0.0,0.0,5.8,51.5,20:30,N
2024,3,20,7.3,12.5,16:00,2.2,7:00,11.1,0.0,0.0,10.3,41.8,1:50,NE
2024,3,21,8.4,17.4,15:00,0.1,6:40,9.9,0.0,0.0,5.1,33.8,17:20,W
2024,3,22,9.9,15.9,14:20,3.9,6:20,8.4,0.0,0.0,4.3,24.1,17:10,SE
2024,3,23,10.4,17.7,16:20,5.3,1:40,7.9,0.0,0.0,4.5,24.1,20:00,W
2024,3,24,11.6,19.2,14:30,5.7,6:50,6.8,0.0,0.0,5.1,32.2,13:20,WSW
2024,3,25,11.4,15.2,14:10,6.7,00:00,6.9,0.0,0.0,9.2,56.3,14:20,N
2024,3,26,8.4,11.6,16:20,6.3,5:10,9.9,0.0,5.6,3.5,24.1,17:10,NE
2024,3,27,11.2,15.4,16:30,7.4,0:10,7.1,0.0,0.0,3.2,14.5,10:20,NE
2024,3,28,15.1,19.9,14:50,11.1,6:40,3.4,0.1,0.0,6.8,40.2,11:50,W
2024,3,29,14.8,23.9,15:20,6.4,6:20,4.4,0.9,0.0,3.2,20.9,13:40,W
2024,3,30,15.7,23.8,15:40,7.6,6:30,3.9,1.3,0.0,3.5,22.5,19:10,S
2024,3,31,15.8,25.4,18:30,8.4,8:00,3.7,1.3,0.0,3.1,24.1,18:20,SSW
2024,4,1,16.4,26.8,17:30,8.2,7:20,3.8,1.8,0.0,3.9,29.0,18:00,S
2024,4,2,16.9,21.5,15:10,11.8,23:50,2.1,0.7,0.0,7.2,46.7,17:30,W
2024,4,3,13.4,20.7,16:10,5.9,7:50,5.3,0.3,0.0,3.5,27.4,4:50,W
2024,4,4,14.1,21.2,16:20,6.4,5:20,4.7,0.5,0.0,5.6,37.0,16:30,WSW
2024,4,5,14.7,23.1,17:50,7.0,7:50,4.6,0.9,0.0,2.6,16.1,18:20,ESE
2024,4,6,16.4,25.7,16:30,8.3,6:50,3.6,1.6,0.0,3.4,24.1,16:00,SSW
2024,4,7,16.6,24.4,14:20,10.4,7:10,3.0,1.2,0.0,5.3,48.3,19:40,NE
2024,4,8,15.0,21.4,16:40,8.1,7:40,4.0,0.6,0.0,4.5,22.5,15:10,E
2024,4,9,15.3,25.2,16:00,6.4,6:50,4.4,1.4,0.0,2.3,12.9,20:50,E
2024,4,10,16.8,26.4,16:00,8.0,7:30,3.4,2.0,0.0,2.4,12.9,18:30,SSW
2024,4,11,16.8,24.2,16:20,9.3,7:10,3.0,1.6,0.0,4.7,25.7,16:00,E
2024,4,12,16.4,23.8,15:50,8.3,7:00,3.5,1.6,0.0,4.5,25.7,13:00,E
2024,4,13,17.9,26.3,17:20,10.3,7:00,2.7,2.3,0.0,2.1,12.9,20:40,E
2024,4,14,19.3,26.2,18:20,12.7,7:30,1.4,2.3,0.0,2.4,16.1,5:30,E
2024,4,15,19.2,29.2,17:00,10.3,6:50,2.2,3.1,0.0,3.5,24.1,21:40,SSW
2024,4,16,17.9,23.2,15:10,13.6,7:20,1.4,0.9,0.0,3.2,25.7,19:10,WSW
2024,4,17,14.4,20.0,15:50,9.7,23:40,4.1,0.1,8.6,5.8,40.2,15:40,S
2024,4,18,10.9,14.9,13:00,7.7,23:50,7.4,0.0,0.0,6.0,30.6,11:20,WSW
2024,4,19,8.9,13.3,14:20,5.8,6:10,9.4,0.0,4.2,6.4,35.4,15:50,ENE
2024,4,20,11.7,17.6,17:20,6.6,7:50,6.6,0.0,0.0,5.5,29.0,17:10,WSW
2024,4,21,8.2,14.1,12:20,5.3,15:30,10.1,0.0,10.0,3.5,30.6,14:40,WSW
2024,4,22,8.4,13.1,13:20,4.1,6:20,9.9,0.0,0.0,2.6,16.1,15:30,S
2024,4,23,10.9,13.1,18:40,9.1,2:00,7.4,0.0,15.0,2.4,17.7,14:00,S
2024,4,24,13.3,19.9,15:20,7.0,6:50,5.1,0.1,1.4,4.2,25.7,15:30,WSW
2024,4,25,11.7,16.5,15:50,7.9,23:30,6.6,0.0,0.0,4.0,37.0,16:40,WSW
2024,4,26,11.4,18.7,17:20,3.5,6:40,6.9,0.0,0.0,3.2,17.7,0:30,SSW
2024,4,27,14.0,20.6,17:00,7.8,6:30,4.7,0.3,0.0,3.2,24.1,21:00,E
2024,4,28,14.8,22.4,16:20,6.8,6:30,4.6,0.9,0.0,4.7,24.1,17:00,E
2024,4,29,15.3,22.3,17:00,7.8,7:10,3.8,0.8,0.0,2.6,16.1,22:10,SSW
2024,4,30,15.9,21.9,16:40,8.8,6:10,3.3,0.9,0.0,4.5,24.1,18:00,E
2024,5,1,16.9,21.8,16:20,13.7,05:40,74.0,51.0,0.0,2.8,17.7,11:10,S
2024,5,2,16.0,20.2,16:20,13.5,07:30,74.0,61.0,0.0,2.6,25.7,23:40,SSW
2024,5,3,13.1,16.6,12:00,9.5,23:50,75.0,48.0,1.0,7.1,49.9,15:30,WSW
2024,5,4,12.8,16.1,16:50,8.9,01:00,73.0,58.0,0.0,6.7,38.6,20:30,NNW
2024,5,5,15.6,21.6,15:40,9.4,07:10,75.0,43.0,0.2,3.2,16.1,05:10,WSW
2024,5,6,16.0,24.0,16:00,8.3,07:00,75.0,36.0,0.0,3.4,20.9,14:50,S
2024,5,7,17.2,25.3,16:20,9.2,06:50,75.0,31.0,0.0,3.2,24.1,18:50,WSW
2024,5,8,17.3,25.2,15:50,10.5,06:30,75.0,36.0,0.6,2.5,24.1,16:00,SSW
2024,5,9,16.8,22.6,15:00,12.6,06:40,74.0,45.0,1.2,6.0,38.6,22:00,E
2024,5,10,14.4,18.2,14:40,11.6,06:20,74.0,64.0,0.6,6.4,33.8,17:00,NE
2024,5,11,14.5,17.4,15:40,12.2,07:00,75.0,59.0,0.2,3.2,22.5,00:20,NE
2024,5,12,14.9,22.1,16:40,8.7,07:10,75.0,42.0,0.0,3.4,29.0,19:40,WSW
2024,5,13,15.7,22.6,16:20,9.1,06:40,75.0,43.0,0.0,2.7,16.1,18:50,E
2024,5,14,14.5,17.7,16:00,13.1,07:00,75.0,65.0,2.0,3.1,22.5,09:20,S
2024,5,15,14.3,16.5,14:20,12.6,05:00,75.0,69.0,0.0,2.2,16.1,20:50,S
2024,5,16,12.7,14.1,00:00,11.4,08:30,73.0,70.0,4.8,2.6,17.7,13:10,S
2024,5,17,13.8,17.6,17:50,11.8,01:30,76.0,69.0,0.0,1.3,11.3,07:40,S
2024,5,31,19.2,25.7,15:30,11.6,05:30,75.0,37.0,0.0,3.1,20.9,16:30,SSW
2024,6,1,20.4,28.8,15:00,11.9,06:20,75.0,39.0,0.0,2.4,12.9,16:10,S
2024,6,2,22.5,31.0,16:40,14.2,06:40,75.0,36.0,0.0,2.8,19.3,16:50,S
2024,6,3,22.9,29.4,17:30,17.1,05:50,74.0,36.0,0.0,2.8,24.1,19:30,WSW
2024,6,4,22.2,30.4,15:10,14.2,06:10,75.0,23.0,0.0,4.1,32.2,15:40,WSW
2024,6,5,20.7,27.2,14:10,14.2,05:40,75.0,43.0,0.0,2.9,19.3,11:30,WSW
2024,6,6,22.3,29.1,16:50,16.2,06:30,74.0,39.0,0.0,3.0,29.0,20:50,E
2024,6,7,22.8,30.4,17:20,14.8,06:30,75.0,39.0,0.0,2.5,14.5,00:40,ENE
2024,6,8,24.1,31.3,15:30,16.4,06:30,74.0,37.0,0.0,1.7,11.3,19:50,SSW
2024,6,9,24.7,32.6,15:50,17.1,06:40,74.0,31.0,0.0,2.9,17.7,16:20,SSW
2024,6,10,25.1,33.0,16:40,17.8,06:20,73.0,27.0,0.0,2.8,27.4,17:00,SSW
2024,6,11,23.4,32.4,15:50,14.9,06:40,73.0,25.0,0.0,3.4,29.0,16:00,S
2024,6,12,24.8,35.2,16:30,16.2,06:10,73.0,23.0,0.0,3.2,22.5,16:50,SSW
2024,6,13,22.4,30.0,15:30,17.8,06:40,74.0,41.0,0.6,4.2,30.6,12:30,S
2024,6,14,22.3,27.4,15:10,16.9,05:00,74.0,31.0,0.0,6.6,37.0,12:30,WSW
2024,6,15,21.3,29.1,17:50,13.4,05:40,75.0,34.0,0.0,3.4,16.1,00:10,WSW
2024,6,16,23.1,31.9,17:00,14.8,06:30,75.0,21.0,0.0,3.0,19.3,15:20,WSW
2024,6,17,22.3,28.7,18:30,16.0,06:10,70.0,31.0,0.0,1.4,12.9,01:20,WSW
2024,6,18,24.7,32.4,16:30,16.6,06:40,74.0,36.0,0.0,1.6,12.9,03:50,SSW
2024,6,19,25.8,33.1,17:00,18.5,06:30,74.0,36.0,0.0,1.9,11.3,00:40,SSW
2024,6,20,26.8,34.4,17:40,18.7,06:40,73.0,30.0,0.0,2.4,19.3,17:30,ENE
2024,6,21,27.9,33.6,17:50,20.9,06:40,70.0,31.0,0.0,3.9,24.1,12:50,NE
2024,6,22,26.8,33.9,16:30,19.5,06:20,73.0,38.0,0.0,2.1,17.7,00:30,ENE
2024,6,23,24.6,31.2,13:20,19.9,23:40,73.0,46.0,1.8,2.7,30.6,19:00,WSW
2024,6,24,24.0,32.3,15:20,18.2,05:30,74.0,39.0,0.0,3.0,16.1,17:30,WSW
2024,6,25,24.2,30.7,16:10,17.7,06:00,74.0,39.0,0.0,2.7,16.1,18:10,WSW
2024,6,26,24.3,31.1,16:30,18.1,06:20,74.0,46.0,0.4,3.6,24.1,16:20,S
2024,6,27,24.5,30.4,17:20,20.4,06:10,74.0,43.0,0.0,4.1,35.4,19:40,S
2024,6,28,22.9,27.9,16:10,16.1,06:20,75.0,45.0,0.0,5.9,24.1,17:00,NE
2024,6,29,24.8,29.6,17:10,19.3,06:40,72.0,39.0,0.0,5.0,25.7,10:50,ENE
2024,6,30,25.3,31.4,17:20,17.7,06:30,72.0,38.0,0.0,2.4,17.7,02:00,ESE
2024,7,1,26.3,35.3,17:50,17.7,06:30,73.0,30.0,0.0,2.7,19.3,18:20,E
2024,7,2,23.3,31.0,16:10,17.6,00:00,74.0,41.0,0.0,5.1,54.7,17:30,SSW
2024,7,3,21.7,27.9,17:20,15.9,05:50,75.0,41.0,0.0,6.5,29.0,09:50,N
2024,7,4,21.9,25.9,13:00,17.4,07:20,73.0,45.0,0.0,3.5,17.7,13:50,E
2024,7,5,22.2,28.1,18:10,14.8,07:00,74.0,37.0,0.0,3.8,24.1,19:30,ENE
2024,7,6,23.5,30.8,17:00,15.1,06:00,74.0,35.0,0.0,3.0,22.5,19:40,S
2024,7,7,24.8,32.2,16:10,16.4,07:10,74.0,34.0,0.0,2.3,19.3,20:40,ENE
2024,7,8,26.6,34.3,18:00,18.3,06:40,73.0,34.0,0.0,3.5,22.5,18:50,E
2024,7,9,27.5,33.1,16:30,21.4,05:30,68.0,38.0,0.0,3.3,25.7,17:40,E
2024,7,10,26.6,33.7,17:20,19.3,06:40,69.0,29.0,0.0,1.9,14.5,02:30,E
2024,7,11,26.9,34.0,15:30,20.1,05:00,69.0,34.0,0.0,2.9,16.1,20:20,WSW
2024,7,12,27.3,34.4,17:00,19.8,06:20,72.0,29.0,0.0,1.7,14.5,19:20,SSW
2024,7,13,27.5,35.0,17:20,19.8,06:00,72.0,29.0,0.0,2.1,16.1,18:00,E
2024,7,14,27.5,34.6,17:20,19.9,06:40,70.0,29.0,0.0,1.9,17.7,20:20,S
2024,7,15,28.1,35.4,16:30,20.2,06:00,71.0,20.0,0.0,1.7,16.1,14:50,SSW
2024,7,16,27.6,35.3,17:20,19.5,06:10,65.0,23.0,0.0,1.8,12.9,15:20,E
2024,7,17,27.6,35.3,15:20,18.7,07:00,68.0,30.0,0.0,2.9,20.9,17:40,S
2024,7,18,28.1,35.9,16:20,21.3,06:40,65.0,29.0,0.4,3.5,38.6,22:00,E
2024,7,19,25.8,33.8,16:30,20.3,06:00,70.0,36.0,0.0,2.3,22.5,20:40,WSW
2024,7,20,26.0,34.3,16:50,18.9,06:50,74.0,28.0,0.0,2.4,14.5,17:00,WSW
2024,7,21,27.3,35.3,16:00,20.1,05:40,73.0,26.0,0.0,3.3,29.0,16:20,WSW
2024,7,22,27.6,35.0,17:00,19.4,06:00,73.0,19.0,0.0,4.8,25.7,16:00,WSW
2024,7,23,27.6,31.8,17:50,23.0,07:10,63.0,39.0,0.0,3.0,30.6,14:50,ENE
2024,7,24,23.3,31.8,14:30,18.4,22:50,74.0,43.0,2.4,3.3,45.1,19:10,WSW
2024,7,25,23.1,28.7,16:50,17.1,06:00,74.0,43.0,0.2,5.7,38.6,11:40,NE
2024,7,26,24.7,29.6,17:20,19.3,07:20,61.0,33.0,0.0,7.5,35.4,01:20,ENE
2024,7,27,24.3,31.1,17:20,16.0,06:20,71.0,37.0,0.0,3.5,20.9,19:20,E
2024,7,28,25.3,33.4,17:40,17.0,07:00,71.0,25.0,0.0,2.2,22.5,21:50,S
2024,7,29,26.2,32.9,16:00,18.0,06:40,70.0,33.0,0.0,4.1,29.0,00:00,ENE
2024,7,30,26.6,31.3,16:40,22.1,07:10,51.0,27.0,0.0,8.8,33.8,22:20,ENE
2024,7,31,24.4,30.4,17:30,16.4,06:20,62.0,27.0,0.0,3.8,20.9,00:10,ENE
2024,8,1,24.9,32.7,17:10,17.1,07:10,74.0,27.0,0.0,2.3,19.3,20:10,E
2024,8,2,25.9,34.8,17:40,17.4,07:40,69.0,21.0,0.0,3.8,27.4,20:00,S
2024,8,3,26.9,35.0,14:10,18.9,07:00,65.0,25.0,0.0,4.0,35.4,14:20,SSW
2024,8,4,24.7,29.9,14:00,21.1,06:30,73.0,45.0,0.6,2.3,25.7,14:40,SSW
2024,8,5,24.6,29.8,17:30,19.2,06:00,74.0,38.0,0.0,3.0,17.7,18:10,E
2024,8,6,25.1,32.1,16:10,17.6,06:40,70.0,34.0,0.0,3.4,22.5,19:00,N
2024,8,7,26.0,32.6,17:30,18.8,06:40,68.0,30.0,0.0,3.5,27.4,20:10,E
2024,8,8,25.4,32.7,19:10,18.3,07:10,73.0,34.0,7.2,2.9,35.4,20:30,S
2024,8,9,26.1,33.4,16:10,18.7,06:50,74.0,32.0,0.0,3.7,24.1,22:20,E
2024,8,10,26.6,31.5,17:50,21.1,06:50,65.0,33.0,0.0,4.3,22.5,20:20,E
2024,8,11,26.0,32.6,17:10,18.2,06:30,64.0,28.0,0.0,2.4,24.1,00:40,WSW
2024,8,12,26.0,33.6,16:20,18.2,06:20,64.0,32.0,0.0,2.2,20.9,20:10,E
2024,8,13,26.7,35.1,17:20,17.9,06:50,71.0,29.0,0.0,2.2,19.3,20:10,ENE
2024,8,14,27.0,35.2,16:30,18.9,07:30,68.0,26.0,0.0,3.6,24.1,17:20,E
2024,8,15,26.9,36.4,16:30,17.6,07:10,63.0,26.0,0.0,2.1,14.5,20:20,S
2024,8,16,27.5,36.6,17:40,19.8,06:30,67.0,22.0,0.0,2.4,25.7,14:00,ENE
2024,8,17,26.9,35.8,16:10,18.9,07:00,68.0,30.0,0.0,2.1,19.3,16:40,E
2024,8,18,24.7,32.7,15:10,19.6,23:40,73.0,38.0,1.0,3.4,24.1,17:00,S
2024,8,19,21.9,27.0,17:00,16.4,07:00,74.0,60.0,0.0,2.2,14.5,02:20,ENE
2024,8,20,22.1,31.1,16:10,18.0,06:10,74.0,39.0,10.8,4.0,38.6,16:50,WSW
2024,8,21,21.7,28.4,16:40,15.7,06:50,75.0,48.0,0.0,2.6,22.5,19:10,SSW
2024,8,22,24.6,31.5,15:50,17.5,06:40,74.0,36.0,0.0,3.8,24.1,11:30,ENE
2024,8,23,24.9,33.1,16:20,17.4,07:50,74.0,33.0,0.0,2.6,16.1,02:50,S
2024,8,24,25.9,33.3,15:50,18.7,07:10,72.0,24.0,0.0,2.9,25.7,20:10,E
2024,8,25,24.6,32.2,15:00,17.3,07:20,69.0,34.0,0.0,3.1,22.5,16:10,NE
2024,8,26,22.8,30.7,14:30,17.3,07:50,74.0,33.0,19.2,3.5,49.9,18:40,WSW
2024,8,27,22.7,30.8,15:40,15.6,06:40,75.0,30.0,0.0,3.5,24.1,16:40,WSW
2024,8,28,22.0,30.6,15:40,15.7,07:10,75.0,38.0,2.2,2.9,19.3,18:30,SSW
2024,8,29,22.7,29.1,15:40,16.9,07:40,75.0,40.0,0.0,3.1,27.4,16:20,WSW
2024,8,30,22.8,29.0,14:30,16.9,06:50,74.0,42.0,0.2,3.9,22.5,19:20,ENE
2024,8,31,22.2,27.2,16:20,16.3,07:00,75.0,41.0,0.0,6.1,33.8,18:00,NE
2024,9,1,23.6,28.2,16:30,17.1,08:00,71.0,34.0,0.0,6.2,29.0,00:50,ENE
2024,9,2,23.2,30.6,16:50,16.3,07:40,71.0,29.0,0.0,2.2,17.7,20:50,SSW
2024,9,3,22.2,28.1,16:20,16.1,07:30,74.0,39.0,1.6,3.0,38.6,14:30,WSW
2024,9,4,22.1,30.2,15:20,16.0,07:20,74.0,40.0,0.0,2.6,25.7,16:30,WSW
2024,9,5,21.9,30.4,16:00,14.7,07:50,75.0,37.0,0.0,2.6,20.9,17:10,SSW
2024,9,6,21.9,31.3,14:40,16.2,05:40,75.0,39.0,1.8,2.5,40.2,16:40,S
2024,9,7,23.5,31.6,15:40,17.0,06:30,75.0,28.0,0.0,3.6,29.0,21:20,E
2024,9,8,22.7,28.9,16:30,16.5,07:30,74.0,42.0,0.0,2.4,19.3,00:50,ENE
2024,9,9,21.6,25.9,16:40,17.2,05:30,74.0,58.0,0.8,2.5,20.9,18:50,SSW
2024,9,10,18.1,20.6,00:10,16.8,11:00,75.0,68.0,15.6,2.2,16.1,11:30,WSW
2024,9,11,19.8,26.3,16:20,14.8,07:10,76.0,41.0,0.0,2.9,20.9,16:20,WSW
2024,9,12,19.7,27.4,15:50,12.9,06:30,76.0,38.0,0.0,2.9,30.6,15:40,WSW
2024,9,13,18.4,21.6,16:20,16.1,07:30,75.0,68.0,6.0,1.9,19.3,02:50,NE
2024,9,14,16.9,21.3,15:00,11.9,23:50,76.0,41.0,3.6,5.4,41.8,13:40,WSW
2024,9,15,14.2,19.4,14:20,9.9,07:00,77.0,53.0,0.0,4.4,41.8,16:00,WSW
2024,9,16,16.2,21.3,16:30,12.6,02:40,75.0,43.0,0.0,4.2,27.4,12:30,WSW
2024,9,17,14.5,18.3,17:40,10.3,07:00,76.0,66.0,0.0,1.9,12.9,00:10,ENE
2024,9,18,16.1,19.7,16:40,13.7,07:20,76.0,69.0,14.8,4.1,29.0,19:30,E
2024,9,19,16.3,18.1,14:10,14.8,04:30,76.0,70.0,0.8,1.0,11.3,00:00,WSW
2024,9,20,17.3,22.2,16:50,14.3,00:00,76.0,62.0,9.6,2.6,35.4,21:40,NE
2024,9,21,16.5,21.9,14:40,13.0,08:00,76.0,58.0,0.0,1.6,19.3,15:20,E
2024,9,22,15.9,22.8,16:00,10.1,06:50,76.0,44.0,0.0,1.6,9.7,01:50,SSW
2024,9,23,16.8,24.4,16:20,10.3,06:30,76.0,41.0,0.0,2.0,12.9,08:00,SSW
2024,9,24,17.4,23.6,16:20,12.3,07:30,76.0,51.0,0.0,2.1,12.9,14:20,E
2024,9,25,18.1,26.5,16:40,11.8,06:30,75.0,38.0,0.0,2.3,17.7,16:40,WSW
2024,9,26,18.8,26.9,16:10,12.3,07:30,75.0,39.0,0.0,2.7,17.7,14:20,SSW
2024,9,27,18.6,27.9,17:10,12.6,06:10,75.0,25.0,0.0,1.4,9.7,08:30,SE
2024,9,28,20.2,30.4,17:00,12.6,07:50,75.0,34.0,0.0,2.7,27.4,18:30,SSW
2024,9,29,18.9,23.3,14:40,13.7,00:00,75.0,38.0,0.2,5.9,41.8,13:50,WSW
2024,9,30,14.9,20.8,16:20,10.1,06:40,71.0,36.0,0.0,5.4,33.8,14:50,NNW
2024,10,1,14.4,22.5,16:50,7.9,07:10,76.0,23.0,0.0,3.1,17.7,08:20,WSW
2024,10,2,14.2,23.2,16:40,6.4,07:40,76.0,36.0,0.0,2.2,9.7,03:30,SSW
2024,10,3,16.2,24.2,16:30,8.8,06:50,76.0,53.0,1.0,3.8,37.0,16:30,S
2024,10,4,19.8,25.5,16:10,15.4,07:10,75.0,44.0,15.8,3.6,29.0,16:00,S
2024,10,5,17.4,23.1,16:40,13.2,23:50,76.0,43.0,2.4,2.7,25.7,18:00,WSW
2024,10,6,14.9,21.9,15:10,9.3,08:00,76.0,41.0,0.0,3.8,25.7,15:10,SSW
2024,10,7,14.5,21.5,16:30,8.2,07:00,76.0,46.0,0.0,3.2,25.7,13:50,SSW
2024,10,8,14.4,22.7,16:10,7.3,07:50,77.0,49.0,0.0,2.1,12.9,23:50,SSW
2024,10,9,16.1,23.7,16:50,10.3,04:50,76.0,52.0,0.2,2.6,20.9,17:00,WSW
2024,10,10,18.5,26.7,15:50,13.2,07:30,75.0,47.0,0.0,2.3,25.7,17:00,SSW
2024,10,11,18.0,25.3,17:00,13.1,07:20,75.0,53.0,0.0,1.6,16.1,18:30,SSW
2024,10,12,17.6,22.0,14:10,13.4,08:20,76.0,42.0,0.0,5.2,27.4,11:10,NE
2024,10,13,14.9,22.1,16:30,8.7,07:30,76.0,47.0,0.0,2.5,24.1,20:20,WSW
2024,10,14,15.4,23.1,15:10,10.0,07:50,77.0,42.0,0.0,1.7,12.9,10:10,SSW
2024,10,15,15.0,23.1,17:10,8.4,07:20,76.0,48.0,0.0,2.0,12.9,19:00,SSW
2024,10,16,15.5,23.3,15:30,9.3,07:40,77.0,38.0,0.0,1.6,17.7,18:10,ESE
2024,10,17,13.9,19.3,16:30,9.8,07:20,76.0,64.0,0.0,2.5,19.3,22:30,S
2024,10,18,13.6,16.1,15:50,12.1,07:20,76.0,67.0,0.0,2.2,12.9,01:50,S
2024,10,19,13.0,15.3,15:00,11.6,06:00,76.0,62.0,0.0,2.9,17.7,14:30,S
2024,10,20,13.1,16.2,16:00,11.1,07:20,76.0,61.0,0.0,2.4,19.3,14:00,S
2024,10,21,12.3,17.1,16:50,8.9,00:00,76.0,59.0,0.0,1.6,11.3,13:40,SSW
2024,10,22,10.6,19.1,16:10,5.7,08:40,77.0,44.0,0.0,2.1,9.7,08:40,S
2024,10,23,10.7,21.2,16:10,4.5,07:10,77.0,39.0,0.0,1.9,12.9,21:40,SSW
2024,10,24,11.1,20.4,15:10,4.2,06:10,78.0,41.0,0.0,1.8,9.7,04:10,SSW
2024,10,25,11.3,19.5,15:30,4.8,07:50,78.0,47.0,0.0,2.2,11.3,20:50,SSW
2024,10,26,11.8,19.9,15:40,5.6,08:40,77.0,50.0,0.0,2.3,12.9,00:00,SSW
2024,10,27,11.0,20.4,15:00,5.7,06:30,77.0,36.0,0.0,2.1,9.7,00:10,SSW
2024,10,28,11.8,22.9,15:20,5.0,06:10,77.0,39.0,0.0,1.5,9.7,04:20,SSW
2024,10,29,12.2,20.1,16:20,6.3,07:10,77.0,51.0,0.0,1.1,9.7,02:10,E
2024,10,30,12.9,20.4,14:30,6.2,07:30,77.0,52.0,0.0,1.6,11.3,18:00,SSW
2024,10,31,12.8,18.8,13:30,7.8,06:10,77.0,44.0,0.0,3.3,20.9,13:30,NE
2024,11,1,11.0,19.2,14:20,5.8,05:50,77.0,46.0,0.0,1.5,12.9,01:00,SSW
2024,11,2,11.4,18.9,14:40,4.6,06:50,77.0,35.0,0.0,3.3,30.6,18:50,SSW
2024,11,3,12.2,18.3,14:50,6.2,07:20,76.0,43.0,0.0,3.4,30.6,17:20,ENE
2024,11,4,11.9,17.0,14:30,7.3,00:00,77.0,57.0,0.0,1.8,14.5,22:40,WSW
2024,11,5,9.2,15.9,14:20,2.9,07:40,78.0,45.0,0.0,2.6,19.3,14:30,SSW
2024,11,6,9.9,15.1,14:30,5.3,23:40,78.0,56.0,0.0,1.8,11.3,07:10,SSW
2024,11,7,7.1,14.2,14:30,2.2,04:50,78.0,57.0,0.0,2.4,11.3,23:00,S
2024,11,8,7.0,16.1,15:10,0.7,06:40,78.0,33.0,0.0,3.1,22.5,16:50,E
2024,11,9,6.8,16.2,14:20,0.2,06:50,78.0,35.0,0.0,1.7,9.7,04:50,SSW
2024,11,10,6.6,12.6,14:40,-0.1,05:50,79.0,54.0,0.0,2.4,17.7,19:40,SSW
2024,11,11,8.8,10.9,13:40,7.5,23:50,77.0,67.0,0.2,3.6,20.9,15:10,E
2024,11,12,7.4,8.3,14:10,6.3,07:40,77.0,71.0,0.2,1.3,12.9,04:30,SSW
2024,11,13,8.7,11.1,14:40,6.9,06:40,78.0,70.0,0.8,0.9,9.7,18:30,WSW
2024,11,14,9.7,10.6,15:10,8.6,04:50,71.0,70.0,7.2,0.1,8.0,15:20,NE
2024,11,15,8.8,10.4,12:20,4.6,00:00,77.0,70.0,23.4,2.0,29.0,15:20,NE
2024,11,16,4.6,7.7,14:50,1.5,06:30,80.0,73.0,17.8,2.8,30.6,00:50,NE
2024,11,17,4.8,9.0,15:30,2.2,02:20,79.0,72.0,0.2,1.0,14.5,12:40,NE
2024,11,18,6.6,14.8,13:10,2.3,07:50,79.0,52.0,0.2,1.4,19.3,13:10,NNW
2024,11,19,7.0,13.9,14:30,1.5,08:20,79.0,55.0,0.4,0.8,16.1,21:00,SSW
2024,11,20,10.6,16.8,14:40,5.2,07:00,78.0,54.0,0.4,1.1,33.8,14:50,S
2024,11,21,9.6,13.7,12:40,2.6,23:52,78.0,48.0,4.0,3.2,41.8,13:10,SSW
2024,11,22,10.0,17.8,13:50,1.7,04:10,79.0,56.0,4.4,4.3,48.3,13:40,S
2024,11,23,5.3,10.2,01:10,-0.8,23:50,78.0,34.0,1.0,5.8,46.7,08:40,NNW
2024,11,24,1.7,8.6,15:00,-3.1,07:40,78.0,29.0,0.0,1.7,14.5,07:40,SSW
2024,11,25,4.1,11.8,15:10,-1.7,06:10,79.0,31.0,0.0,1.0,9.7,07:40,SSW
2024,11,26,5.3,13.4,18:20,-1.1,07:50,79.0,33.0,0.0,1.6,20.9,18:00,SSW
2024,11,27,6.6,13.1,15:20,2.2,07:30,78.0,50.0,0.0,0.1,6.4,02:40,SSW
2024,11,28,7.6,13.8,14:50,2.3,08:10,78.0,55.0,0.0,0.2,9.7,13:40,SSW
2024,11,29,7.4,10.0,14:50,4.6,02:50,78.0,71.0,9.0,1.1,25.7,21:50,SSW
2024,11,30,3.4,6.7,00:20,1.4,19:50,75.0,72.0,28.4,2.0,16.1,00:10,W
2024,12,1,6.3,8.2,12:40,2.7,00:10,79.0,69.0,4.6,11.1,46.7,12:20,N
2024,12,2,6.9,8.4,12:20,5.4,23:30,79.0,68.0,0.0,4.7,25.7,00:10,NE
2024,12,3,6.7,8.9,16:20,4.6,01:10,78.0,74.0,0.0,0.4,9.7,01:50,WSW
2024,12,4,7.4,8.7,15:50,6.2,07:10,78.0,70.0,0.0,0.8,14.5,23:00,WSW
2024,12,5,7.6,8.2,13:40,6.9,06:50,79.0,72.0,2.8,6.6,27.4,17:00,ENE
2024,12,6,8.5,9.8,14:10,7.2,06:20,79.0,71.0,0.0,1.2,12.9,00:10,SSE
2024,12,7,8.4,11.8,13:50,3.9,00:00,81.0,70.0,2.4,2.3,32.2,17:00,S
2024,12,8,4.8,7.7,14:40,1.6,04:40,80.0,71.0,11.4,2.3,16.1,09:10,SSW
2024,12,9,7.1,10.0,14:50,4.4,08:10,80.0,71.0,8.6,2.0,16.1,17:10,S
2024,12,10,5.9,8.2,13:00,4.0,07:10,80.0,72.0,2.8,1.6,17.7,02:10,WSW
2024,12,11,5.6,9.8,15:50,3.3,06:20,80.0,72.0,0.2,1.5,12.9,03:10,SSW
2024,12,12,5.5,11.8,15:10,2.1,08:10,81.0,60.0,0.0,2.3,19.3,17:30,SSW
2024,12,13,3.7,8.3,14:20,0.8,04:30,81.0,72.0,0.0,1.3,11.3,04:50,SSW
2024,12,14,6.0,7.7,15:20,3.8,00:10,80.0,72.0,12.6,1.8,12.9,15:10,NE
2024,12,15,6.9,11.1,15:20,5.2,07:50,80.0,64.0,0.0,4.2,37.0,21:30,NE
2024,12,16,5.1,8.7,16:00,2.3,00:00,79.0,51.0,0.0,5.8,32.2,03:30,NNW
2024,12,17,5.1,11.1,15:30,1.1,07:20,81.0,63.0,0.0,0.8,9.7,02:00,ESE
2024,12,18,5.8,12.2,15:00,1.7,07:50,80.0,63.0,0.0,0.5,6.4,00:30,SW
2024,12,19,4.9,10.8,14:50,1.2,07:50,81.0,67.0,0.0,0.6,8.0,15:00,ESE
2024,12,20,5.2,9.1,18:10,1.4,04:00,80.0,72.0,4.0,1.4,17.7,02:40,SW
2024,12,21,5.3,7.6,16:00,2.4,00:00,81.0,60.0,0.8,5.8,33.8,16:20,WSW
2024,12,22,3.0,8.6,13:50,-0.8,06:40,81.0,54.0,0.0,2.9,25.7,14:20,SW
2024,12,23,3.0,5.7,13:30,-0.3,05:10,81.0,73.0,1.4,2.1,22.5,16:40,SSW
2024,12,24,4.1,7.4,14:10,2.5,07:30,81.0,69.0,0.0,4.7,30.6,15:30,N
2024,12,25,4.9,5.9,15:20,3.3,02:30,73.0,66.0,0.0,12.1,49.9,20:40,NE
2024,12,26,5.0,6.4,13:50,4.0,09:20,76.0,63.0,0.0,17.3,53.1,01:50,NNE
2024,12,27,6.0,9.1,13:20,4.3,01:10,72.0,35.0,0.0,12.0,49.9,01:30,NE
2024,12,28,4.7,7.6,14:00,2.1,00:00,73.0,49.0,0.0,10.7,40.2,20:00,NE
2024,12,29,3.0,8.2,15:00,-0.6,08:00,80.0,54.0,0.0,3.3,20.9,16:30,W
2024,12,30,3.0,9.8,15:40,-1.8,08:10,81.0,51.0,0.0,1.6,17.7,20:00,E
2024,12,31,3.9,10.7,15:10,-0.4,07:20,81.0,59.0,0.0,0.8,8.0,10:00,ESE
2025,1,1,3.1,9.1,15:40,-1.2,08:20,81.0,63.0,0.0,0.8,6.4,09:40,SSW
2025,1,2,3.2,9.3,15:40,-1.7,07:40,81.0,54.0,0.0,1.7,14.5,18:40,SSW
2025,1,3,4.4,10.5,15:20,-1.3,06:10,81.0,65.0,0.0,2.1,12.9,20:20,SSW
2025,1,4,6.8,11.8,15:20,4.3,04:30,80.0,69.0,0.0,2.0,12.9,18:20,SSW
2025,1,5,6.2,10.5,17:20,4.1,01:10,80.0,57.0,0.0,2.5,25.7,19:40,W
2025,1,6,6.0,12.6,15:40,1.3,07:20,81.0,59.0,0.0,1.0,9.7,01:10,ESE
2025,1,7,5.7,9.0,15:20,1.9,06:40,80.0,72.0,0.0,0.7,9.7,05:10,SSW
2025,1,8,8.4,13.8,15:20,5.3,07:40,87.0,67.0,0.0,0.9,11.3,23:50,ESE
2025,1,9,6.1,12.4,16:10,2.3,08:50,96.0,64.0,0.0,1.3,12.9,03:00,SW
2025,1,10,7.4,13.6,15:30,3.9,07:40,91.0,63.0,0.0,1.3,16.1,10:30,SSW
2025,1,11,8.9,15.3,14:50,4.7,02:00,92.0,51.0,0.0,3.0,35.4,16:00,NNW
2025,1,12,3.1,9.1,00:10,-1.2,20:30,93.0,72.0,9.8,5.7,38.6,14:50,NE
2025,1,13,0.0,2.8,13:50,-1.0,00:10,90.0,79.0,1.2,2.3,11.3,12:30,WSW
2025,1,14,1.5,2.7,11:40,-0.3,01:00,86.0,73.0,0.0,9.7,33.8,09:10,E
2025,1,15,2.0,4.2,15:00,0.1,07:50,86.0,70.0,0.0,1.9,12.9,18:10,S
2025,1,16,3.0,4.4,15:00,1.7,02:10,90.0,82.0,0.0,1.2,9.7,02:30,SW
2025,1,17,4.5,8.4,14:20,2.2,23:10,91.0,64.0,0.0,1.4,11.3,14:40,WSW
2025,1,18,3.6,8.9,15:30,0.4,08:30,91.0,61.0,0.0,2.2,16.1,00:20,W
2025,1,19,3.3,9.9,15:10,-1.4,07:10,89.0,51.0,0.0,1.3,14.5,19:30,SSW
2025,1,20,5.3,11.3,14:50,0.3,08:10,88.0,41.0,0.0,1.8,16.1,19:20,SSW
2025,1,21,3.9,6.0,00:10,1.9,08:30,93.0,67.0,3.6,1.4,14.5,01:50,SE
2025,1,22,5.7,12.4,15:20,3.3,07:20,93.0,55.0,0.0,2.9,20.9,15:20,WSW
2025,1,23,7.5,13.3,16:30,3.8,07:40,91.0,53.0,0.0,1.5,11.3,09:20,NE
2025,1,24,6.6,12.2,16:10,3.4,04:10,91.0,65.0,0.0,1.3,11.3,21:30,SE
2025,1,25,7.7,17.4,16:20,2.2,07:40,92.0,21.0,0.0,2.1,24.1,16:30,ESE
2025,1,26,5.7,10.7,16:20,1.8,04:10,86.0,66.0,0.0,1.3,9.7,09:10,SSW
2025,1,27,6.6,14.4,16:10,1.7,07:10,96.0,47.0,0.0,1.2,12.9,03:20,SSW
2025,1,28,6.7,14.5,15:40,1.0,07:30,88.0,36.0,0.0,1.5,19.3,16:10,SSW
2025,1,29,8.9,16.1,15:00,4.8,07:50,94.0,59.0,6.8,2.1,24.1,15:40,S
2025,1,30,8.9,11.4,15:30,6.6,04:20,96.0,80.0,0.0,1.1,14.5,11:40,NE
2025,1,31,9.2,16.0,15:30,5.2,00:00,94.0,45.0,0.0,3.4,22.5,16:30,W
2025,2,1,6.8,13.6,16:40,2.0,07:00,91.0,56.0,0.0,1.4,14.5,21:00,SSW
2025,2,2,7.5,11.8,15:50,4.1,07:40,92.0,66.0,0.0,1.3,12.9,14:20,S
2025,2,3,8.5,10.6,15:20,7.2,00:00,92.0,77.0,2.2,2.0,22.5,20:50,NE
2025,2,4,5.4,7.3,00:10,3.8,23:20,85.0,71.0,0.4,4.9,19.3,01:00,E
2025,2,5,5.2,9.8,15:40,1.3,08:00,84.0,32.0,0.0,6.3,37.0,23:30,NE
2025,2,6,4.9,10.2,14:40,-0.3,07:30,72.0,35.0,0.0,6.1,35.4,00:10,W
2025,2,7,3.3,6.2,14:00,0.5,07:20,84.0,65.0,0.0,4.6,20.9,20:00,S
2025,2,8,2.9,7.6,14:40,-0.2,07:00,90.0,48.0,0.0,2.8,14.5,18:50,S
2025,2,9,1.3,7.1,15:40,-3.2,06:20,88.0,51.0,0.0,2.7,14.5,21:30,SSW
2025,2,10,2.4,6.8,15:10,-0.2,06:00,83.0,47.0,0.0,2.8,12.9,21:20,WSW
2025,2,11,1.5,6.2,14:40,-4.2,07:00,85.0,51.0,0.0,3.0,16.1,19:30,SSW
2025,2,12,3.9,5.6,16:40,2.2,07:40,80.0,65.0,0.0,2.9,14.5,11:50,S
2025,2,13,4.3,5.9,14:40,3.2,06:10,87.0,73.0,0.0,2.4,14.5,18:10,S
2025,2,14,5.0,7.1,17:00,3.2,05:40,91.0,84.0,0.2,1.2,9.7,15:30,SE
2025,2,15,7.6,11.8,16:40,4.8,08:00,90.0,62.0,0.4,2.8,19.3,20:10,NE
2025,2,16,7.6,9.1,15:50,6.4,05:00,92.0,82.0,0.4,2.0,12.9,11:20,W
2025,2,17,8.3,11.6,14:30,6.3,00:50,92.0,68.0,1.6,2.9,24.1,14:50,W
2025,2,18,7.3,12.6,15:20,4.2,06:50,89.0,47.0,0.0,4.3,20.9,19:40,WSW
2025,2,19,3.9,6.8,13:40,0.4,21:00,76.0,49.0,0.0,7.9,30.6,09:40,NE
2025,2,20,1.7,6.4,15:20,-2.6,08:20,74.0,43.0,0.0,3.6,20.9,01:10,S
2025,2,21,2.3,7.7,15:00,-1.1,03:00,84.0,37.0,0.0,4.2,24.1,18:40,S
2025,2,22,2.1,7.6,16:10,-1.8,07:40,85.0,47.0,0.0,4.3,20.9,22:00,S
2025,2,23,2.9,7.6,15:20,-0.8,07:00,82.0,63.0,0.0,3.0,16.1,23:00,S
2025,2,24,4.7,7.9,18:00,2.6,07:20,83.0,67.0,0.0,2.0,16.1,01:20,SSW
2025,2,25,7.0,12.3,15:20,2.3,05:20,88.0,60.0,0.0,2.4,12.9,17:40,SSW
2025,2,26,8.8,12.6,15:10,5.9,07:30,89.0,62.0,0.0,2.3,17.7,22:00,S
2025,2,27,9.0,12.8,15:20,7.3,06:40,92.0,68.0,4.4,2.2,20.9,16:00,S
2025,2,28,10.0,14.6,14:50,6.4,08:10,95.0,57.0,0.0,2.3,12.9,19:10,SSW
2025,3,1,10.3,15.1,16:00,8.0,05:30,87.0,54.0,0.0,2.6,17.7,19:00,NE
2025,3,2,8.3,10.7,15:00,6.7,08:00,91.0,68.0,0.8,3.8,24.1,21:30,NE
2025,3,3,5.7,7.8,16:20,2.3,00:00,74.0,54.0,0.0,6.8,29.0,05:10,NE
2025,3,4,4.9,11.7,15:00,-0.7,06:30,82.0,39.0,0.0,4.2,20.9,16:10,SSW
2025,3,5,7.2,16.8,15:10,-0.2,07:10,80.0,25.0,0.0,3.0,17.7,15:20,SSW
2025,3,6,8.2,18.9,16:00,0.3,07:00,79.0,25.0,0.0,2.8,16.1,21:40,SSW
2025,3,7,9.3,20.2,15:40,0.7,06:30,80.0,19.0,0.0,2.4,11.3,08:40,SSW
2025,3,8,9.4,20.2,16:00,1.3,06:30,78.0,17.0,0.0,2.6,19.3,17:40,SSW
2025,3,9,10.3,20.3,16:20,1.7,06:50,71.0,20.0,0.0,2.5,11.3,01:00,SSW
2025,3,10,11.1,20.8,15:10,2.2,07:30,72.0,26.0,0.0,2.8,17.7,23:50,SSW
2025,3,11,12.3,23.4,15:00,4.2,06:40,81.0,32.0,0.0,3.6,40.2,15:10,SSW
2025,3,12,16.7,21.9,14:10,10.3,07:40,77.0,34.0,0.0,7.0,29.0,14:20,S
2025,3,13,16.1,21.9,14:00,11.6,05:20,85.0,25.0,0.4,7.4,41.8,12:10,S
2025,3,14,15.1,24.4,15:40,5.6,06:30,83.0,26.0,0.0,6.4,46.7,14:20,S
2025,3,15,18.7,28.6,15:10,11.4,07:10,71.0,17.0,0.0,3.8,40.2,13:50,S
2025,3,16,16.5,21.9,12:20,12.5,22:50,71.0,38.0,0.0,6.4,46.7,13:00,WNW
2025,3,17,10.1,14.7,13:10,5.6,23:20,79.0,35.0,0.0,7.4,49.9,12:30,WSW
2025,3,18,4.7,7.4,14:20,1.2,23:50,76.0,46.0,0.0,12.7,53.1,22:30,N
2025,3,19,3.9,10.3,16:00,-2.4,07:00,64.0,27.0,0.0,3.9,27.4,00:10,SE
2025,3,20,6.0,15.5,17:00,-2.8,06:00,71.0,22.0,0.0,4.7,27.4,17:00,SSW
2025,3,21,9.0,18.9,15:40,-0.6,07:00,69.0,18.0,0.0,3.8,29.0,20:40,SSW
2025,3,22,10.6,19.2,16:30,2.9,04:50,76.0,27.0,0.0,2.9,19.3,22:50,S
2025,3,23,11.0,14.9,18:30,6.6,06:30,84.0,57.0,0.0,2.9,22.5,19:30,S
2025,3,24,14.7,19.1,14:30,11.3,04:20,78.0,40.0,0.2,5.2,32.2,14:30,S
2025,3,25,12.1,15.0,12:40,10.5,07:30,95.0,51.0,5.8,3.0,24.1,01:00,NE
2025,3,26,12.8,18.2,16:50,9.6,06:40,95.0,46.0,0.2,3.4,22.5,18:40,S
2025,3,27,12.0,13.9,12:50,9.6,00:00,91.0,70.0,2.6,3.5,20.9,04:50,S
2025,3,28,10.8,16.4,13:30,7.5,23:10,93.0,43.0,1.6,3.0,22.5,15:10,ESE
2025,3,29,9.4,11.2,11:30,7.5,00:40,94.0,80.0,5.2,1.9,11.3,18:30,NE
2025,3,30,10.7,16.6,16:10,7.8,07:20,92.0,58.0,0.4,2.4,25.7,16:30,SSW
2025,3,31,10.6,15.1,13:50,8.9,08:00,92.0,61.0,0.8,3.6,32.2,23:10,SW
2025,4,1,9.9,11.1,00:10,8.4,23:20,91.0,70.0,2.4,5.3,29.0,00:30,NE
2025,4,2,11.6,16.4,16:00,7.8,07:30,92.0,56.0,0.0,7.7,33.8,18:30,NE
2025,4,3,12.5,16.7,15:50,10.1,00:00,82.0,51.0,0.2,4.0,32.2,17:20,WSW
2025,4,4,9.6,11.7,17:30,6.3,08:40,87.0,72.0,0.2,4.2,24.1,19:10,E
2025,4,5,11.4,17.0,16:50,7.9,04:40,87.0,49.0,0.0,2.8,29.0,19:20,ESE
2025,4,6,9.6,16.2,14:20,1.4,23:20,91.0,43.0,3.6,6.0,46.7,22:10,WNW
2025,4,7,4.4,9.1,16:50,0.8,07:30,90.0,39.0,0.6,7.2,35.4,10:20,NE
2025,4,8,4.9,6.9,17:00,3.3,02:00,80.0,50.0,0.0,5.2,24.1,08:10,ENE
2025,4,9,6.9,12.9,17:20,1.9,06:40,68.0,25.0,0.0,7.5,33.8,03:40,NNW
2025,4,10,7.7,15.8,14:50,-0.1,06:50,75.0,31.0,0.0,6.1,40.2,17:20,SSW
2025,4,11,11.3,17.6,16:20,5.1,05:50,74.0,30.0,0.0,6.7,32.2,15:10,WNW
2025,4,12,13.0,19.9,14:20,5.7,05:20,74.0,33.0,0.0,7.3,38.6,21:10,NE
2025,4,13,12.3,21.4,17:50,4.3,05:10,81.0,27.0,0.0,3.5,24.1,20:50,S
2025,4,14,15.2,19.4,17:50,11.2,07:40,81.0,47.0,0.0,2.3,22.5,22:10,S
2025,4,15,12.7,14.2,18:20,11.1,07:40,90.0,79.0,1.8,2.5,16.1,09:50,S
2025,4,16,14.8,19.4,18:00,11.8,04:20,90.0,70.0,0.0,2.0,12.9,12:40,NE
2025,4,17,17.6,22.8,15:10,14.4,07:10,90.0,53.0,0.0,2.9,29.0,16:40,SSE
2025,4,18,16.1,21.3,15:40,11.0,07:40,80.0,33.0,0.0,4.9,27.4,21:00,WSW
2025,4,19,15.1,22.7,16:00,8.7,07:20,77.0,25.0,0.0,4.9,27.4,16:50,W
2025,4,20,16.0,24.3,17:30,7.6,07:30,77.0,27.0,0.0,2.1,12.9,01:20,E
2025,4,21,16.8,24.8,15:00,9.4,07:00,83.0,30.0,0.0,2.6,30.6,17:30,SW
2025,4,22,17.4,25.2,16:50,10.3,07:20,79.0,27.0,0.0,3.9,24.1,20:30,ENE
2025,4,23,15.5,24.4,14:40,9.4,06:40,82.0,37.0,0.4,3.5,33.8,14:50,WSW
2025,4,24,13.4,18.7,12:40,9.5,06:40,91.0,62.0,4.4,2.7,19.3,15:10,NNW
2025,4,25,14.4,19.8,14:40,11.3,05:00,93.0,53.0,2.0,2.9,24.1,15:40,WSW
2025,4,26,13.6,18.4,13:30,10.2,00:00,94.0,51.0,13.8,2.7,24.1,13:50,WSW
2025,4,27,11.8,18.5,15:00,7.7,05:20,91.0,62.0,2.2,4.2,38.6,16:00,WSW
2025,4,28,13.5,17.7,16:10,11.1,03:00,91.0,62.0,0.0,3.9,24.1,07:00,S
2025,4,29,13.9,19.7,16:20,8.1,06:10,88.0,32.0,0.0,5.2,30.6,14:40,ESE
2025,4,30,14.6,21.9,17:00,5.9,07:10,77.0,17.0,0.0,5.5,30.6,14:40,ENE
2025,5,1,18.3,23.4,14:30,11.9,08:20,63.0,26.0,0.0,8.3,41.8,07:20,NE
2025,5,2,18.2,24.1,16:00,11.6,06:40,70.0,32.0,0.0,4.4,37.0,01:50,NE
2025,5,3,17.9,27.4,16:10,9.3,06:40,75.0,28.0,0.0,3.8,25.7,17:10,SSW
2025,5,4,18.6,27.3,15:10,10.2,07:00,70.0,27.0,0.0,3.8,30.6,13:30,WSW
2025,5,5,17.7,23.6,17:30,13.4,04:30,79.0,43.0,0.0,2.9,22.5,16:20,WSW
2025,5,6,16.5,21.8,17:00,12.2,06:00,93.0,54.0,12.8,2.5,32.2,06:30,NE
2025,5,7,17.5,24.2,15:20,11.1,07:00,86.0,37.0,0.2,3.5,22.5,15:30,S
2025,5,8,16.6,24.2,14:20,10.7,06:30,85.0,31.0,0.0,4.5,38.6,13:00,WSW
2025,5,9,14.3,20.9,12:50,9.2,06:20,92.0,47.0,8.6,2.8,16.1,04:10,WSW
2025,5,10,16.2,21.1,16:20,12.7,05:40,93.0,48.0,1.0,5.5,29.0,06:10,ENE
2025,5,11,15.3,21.0,16:30,12.3,23:50,91.0,55.0,4.6,3.1,24.1,17:30,S
2025,5,12,15.1,21.8,16:40,9.1,07:20,94.0,38.0,5.2,4.2,33.8,20:00,WSW
2025,5,13,13.3,19.2,13:20,10.5,07:20,93.0,60.0,6.2,2.7,27.4,13:30,WSW
2025,5,14,14.8,20.6,17:20,10.8,07:00,91.0,43.0,0.0,2.9,17.7,02:10,ENE
2025,5,15,15.2,20.4,16:20,10.7,06:50,89.0,56.0,3.2,2.7,20.9,19:10,WSW
2025,5,16,14.5,16.7,16:50,13.0,00:00,93.0,83.0,14.2,4.3,25.7,10:50,S
2025,5,17,13.5,19.3,15:40,8.8,06:20,88.0,46.0,0.0,5.6,37.0,17:20,WSW
2025,5,18,13.8,20.9,16:40,6.4,06:50,80.0,28.0,0.0,4.5,30.6,13:10,WSW
2025,5,19,15.5,24.0,15:10,6.8,06:10,84.0,30.0,0.0,4.4,32.2,15:30,WSW
2025,5,20,17.5,25.6,16:10,9.2,07:20,78.0,27.0,0.0,4.0,22.5,14:30,WSW
2025,5,21,16.4,22.0,17:10,11.4,06:00,89.0,50.0,1.0,2.4,17.7,00:50,WSW
2025,5,22,18.9,25.9,14:50,12.4,06:30,87.0,38.0,0.0,3.7,19.3,14:30,SSW
2025,5,23,18.1,24.8,15:10,11.1,05:50,88.0,40.0,0.0,3.5,22.5,18:30,WSW
2025,5,24,18.5,23.8,13:30,13.6,07:40,90.0,53.0,2.0,3.9,25.7,16:00,ENE
2025,5,25,14.0,17.6,13:50,10.6,00:00,91.0,64.0,1.4,7.1,35.4,18:00,NE
2025,5,26,14.9,22.4,17:10,6.4,06:40,79.0,27.0,0.0,6.3,32.2,21:00,NNW
2025,5,27,17.9,26.1,16:00,10.3,06:00,82.0,29.0,0.0,5.1,33.8,18:50,WSW
2025,5,28,17.9,23.9,15:20,11.9,06:10,81.0,38.0,0.0,4.6,29.0,15:40,WSW
2025,5,29,15.2,21.8,13:20,9.9,06:30,88.0,48.0,3.4,3.4,19.3,21:50,NW
2025,5,30,16.7,21.2,15:40,13.4,01:30,76.0,47.0,0.2,11.2,43.5,11:50,NE
2025,5,31,17.4,22.9,16:30,12.8,05:40,77.0,48.0,0.0,2.9,30.6,00:30,E
2025,6,1,18.5,25.4,17:30,10.8,06:30,86.0,39.0,0.0,3.2,22.5,20:10,E
2025,6,2,20.2,27.9,17:10,12.3,05:30,83.0,37.0,0.0,2.6,12.9,13:50,E
2025,6,3,21.7,30.5,17:00,13.8,05:40,82.0,31.0,0.0,3.1,17.7,18:20,E
2025,6,4,23.6,32.3,15:30,15.7,05:40,81.0,29.0,0.0,2.4,19.3,18:10,ESE
2025,6,5,22.7,30.8,16:10,16.4,06:20,82.0,39.0,0.0,3.8,29.0,16:40,ENE
2025,6,6,23.0,31.1,17:40,14.8,06:20,83.0,36.0,0.0,2.9,16.1,18:10,E
2025,6,7,23.4,31.8,16:00,15.2,06:40,79.0,29.0,0.0,3.2,16.1,16:00,E
2025,6,8,24.0,32.7,18:00,15.7,06:30,76.0,29.0,0.0,3.0,17.7,23:50,E
2025,6,9,25.3,32.8,17:00,17.7,04:50,73.0,38.0,0.0,3.1,20.9,18:50,NE
2025,6,10,24.7,30.1,16:30,19.3,05:50,78.0,47.0,0.0,2.8,16.1,13:40,SSW
2025,6,11,24.1,30.7,16:10,16.7,06:40,84.0,40.0,0.0,2.4,12.9,19:10,ENE
2025,6,12,24.4,30.5,16:30,18.8,06:00,83.0,43.0,1.6,3.0,24.1,20:20,ENE
2025,6,13,24.0,29.8,16:50,17.9,05:10,82.0,43.0,0.0,4.2,32.2,23:10,E
2025,6,14,23.9,30.3,17:20,16.8,06:10,66.0,24.0,0.0,4.6,32.2,00:20,ENE
2025,6,15,22.4,29.3,17:30,14.9,06:40,67.0,31.0,0.0,4.0,22.5,19:10,E
2025,6,16,22.7,29.9,17:00,14.2,06:40,76.0,31.0,0.0,3.7,19.3,18:40,E
2025,6,17,23.4,30.4,16:50,14.9,05:50,74.0,31.0,0.0,2.7,16.1,07:50,S
2025,6,18,22.2,30.5,15:20,16.0,06:20,79.0,36.0,0.0,3.3,30.6,18:40,S
2025,6,19,23.1,31.5,16:30,15.3,06:50,84.0,32.0,0.0,3.1,33.8,17:50,ENE
2025,6,20,22.0,28.6,12:40,17.2,06:20,79.0,49.0,0.0,4.5,30.6,11:20,WSW
2025,6,21,22.8,27.6,15:30,17.1,01:50,79.0,37.0,0.0,6.4,35.4,09:10,ENE
2025,6,22,21.8,28.1,17:00,13.8,06:40,66.0,34.0,0.0,2.8,19.3,17:40,ENE
2025,6,23,22.5,30.3,17:10,13.6,06:20,79.0,28.0,0.0,3.0,22.5,22:40,ESE
2025,6,24,23.7,31.7,17:10,15.0,06:30,73.0,25.0,0.0,2.3,12.9,00:10,S
2025,6,25,25.2,33.4,17:20,16.3,06:30,68.0,27.0,0.0,2.5,19.3,16:30,SSW
2025,6,26,26.8,34.7,16:50,18.8,05:20,70.0,29.0,0.0,2.1,11.3,08:30,SSW
2025,6,27,27.4,35.2,16:50,20.1,06:40,73.0,29.0,0.0,3.5,43.5,20:50,ESE
2025,6,28,26.4,30.3,16:00,23.6,01:50,62.0,37.0,0.0,11.6,49.9,11:40,NE
2025,6,29,25.0,29.5,16:00,20.6,05:40,61.0,29.0,0.0,8.2,40.2,02:10,NE
2025,6,30,25.2,30.3,16:00,17.7,06:20,66.0,37.0,0.0,6.1,24.1,10:30,ENE
2025,7,1,25.7,32.3,15:30,18.2,05:50,70.0,32.0,0.0,3.5,19.3,23:30,ENE
2025,7,2,26.1,31.9,17:10,19.0,06:40,63.0,30.0,0.0,3.5,25.7,03:20,E
2025,7,3,25.1,32.3,16:50,15.9,06:00,63.0,30.0,0.0,2.7,19.3,20:20,E
2025,7,4,25.9,33.2,17:10,17.8,06:20,77.0,28.0,0.0,2.4,17.7,20:00,ENE
2025,7,5,26.2,34.2,16:10,17.1,06:40,73.0,32.0,0.0,2.6,20.9,19:50,S
2025,7,6,26.7,34.4,16:00,18.4,06:30,71.0,22.0,0.0,2.8,19.3,14:50,S
2025,7,7,26.7,34.3,18:30,18.6,06:50,74.0,23.0,0.0,3.2,27.4,18:50,S
2025,7,8,26.2,33.9,14:20,17.2,06:40,73.0,28.0,0.0,4.0,32.2,14:50,S
2025,7,9,24.4,29.6,14:50,18.4,23:40,67.0,30.0,0.0,6.2,43.5,19:00,NW
2025,7,10,20.3,26.6,17:30,15.3,06:30,64.0,37.0,0.0,8.8,35.4,12:30,NE
2025,7,11,22.1,27.4,17:50,15.4,07:00,64.0,38.0,0.0,5.5,35.4,00:20,ENE
2025,7,12,23.9,30.2,17:10,15.9,06:50,69.0,31.0,0.0,3.4,19.3,00:10,ENE
2025,7,13,25.1,32.2,17:00,16.8,06:30,73.0,27.0,0.0,2.2,12.9,20:50,S
2025,7,14,26.0,33.1,14:50,17.5,07:00,69.0,24.0,0.0,2.7,19.3,18:50,ENE
2025,7,15,25.7,33.3,15:10,19.2,05:50,76.0,36.0,0.0,3.6,29.0,19:20,S
2025,7,16,25.8,32.3,17:20,18.7,06:30,77.0,33.0,0.0,3.0,19.3,07:10,WSW
2025,7,17,27.3,34.8,16:10,19.9,06:00,70.0,24.0,0.0,4.0,37.0,19:30,NW
2025,7,18,25.2,31.7,18:00,19.8,10:00,87.0,35.0,1.2,4.0,33.8,18:00,WSW
2025,7,19,24.6,31.7,17:00,16.6,06:40,74.0,28.0,0.0,3.3,24.1,18:40,E
2025,7,20,26.1,35.7,16:30,16.4,06:30,71.0,24.0,0.0,3.3,29.0,15:30,NW
2025,7,21,28.0,37.7,16:10,18.9,06:50,65.0,19.0,0.0,3.6,27.4,16:10,S
2025,7,22,28.8,38.6,15:30,19.8,06:10,60.0,17.0,0.0,4.5,32.2,14:40,WSW
2025,7,23,27.9,36.4,17:30,19.9,05:50,61.0,21.0,0.0,3.4,22.5,18:30,WSW
2025,7,24,28.6,37.7,16:40,20.9,06:30,67.0,12.0,0.0,3.4,25.7,18:10,WSW
2025,7,25,29.1,38.2,15:50,19.8,06:30,66.0,19.0,0.0,4.4,41.8,14:00,SSW
2025,7,26,29.1,37.3,16:20,20.7,06:50,69.0,23.0,0.0,2.6,24.1,19:30,NE
2025,7,27,28.2,36.1,14:30,20.6,07:00,74.0,18.0,0.0,4.8,33.8,14:00,SSW
2025,7,28,24.9,32.2,15:10,17.1,06:00,72.0,28.0,0.0,5.0,30.6,16:10,WSW
2025,7,29,24.4,30.8,16:10,17.9,05:10,70.0,29.0,0.0,4.8,33.8,13:40,WSW
2025,7,30,24.0,30.7,15:20,16.6,06:30,72.0,41.0,0.0,4.1,24.1,16:20,WSW
2025,7,31,21.6,25.4,13:00,17.3,00:00,87.0,61.0,0.8,4.2,27.4,14:10,WSW
2025,8,1,22.2,30.0,16:50,14.7,05:40,88.0,32.0,0.2,2.6,19.3,20:50,SSW
2025,8,2,23.9,31.2,16:10,16.2,07:00,81.0,32.0,0.0,2.8,22.5,21:00,ENE
2025,8,3,24.5,31.6,16:20,16.1,07:00,76.0,34.0,0.0,2.8,19.3,21:30,S
2025,8,4,23.6,31.9,17:30,16.7,05:40,81.0,22.0,6.0,4.8,37.0,23:00,S
2025,8,5,19.7,25.1,15:00,16.1,00:00,90.0,56.0,0.8,6.2,43.5,00:30,WSW
2025,8,6,22.5,29.4,17:00,15.6,07:00,93.0,38.0,0.8,4.7,25.7,23:00,ENE
2025,8,7,25.9,31.3,16:50,19.2,06:40,71.0,34.0,0.0,4.5,29.0,00:20,ENE
2025,8,8,25.5,31.2,15:50,18.1,06:40,78.0,39.0,0.0,4.3,24.1,17:40,ENE
2025,8,9,25.0,31.9,16:00,17.3,06:50,77.0,27.0,0.0,5.5,29.0,18:50,ENE
2025,8,10,24.7,33.2,16:30,15.8,07:10,69.0,31.0,0.0,5.1,30.6,18:10,ENE
2025,8,11,25.2,33.2,16:20,16.4,06:20,71.0,29.0,0.0,4.7,32.2,18:20,ENE
2025,8,12,26.0,32.8,16:00,17.8,07:10,70.0,36.0,0.0,5.6,33.8,17:00,S
2025,8,13,25.7,32.7,15:40,17.9,07:10,72.0,33.0,0.0,3.7,27.4,19:00,S
2025,8,14,24.3,31.2,15:00,17.7,06:50,76.0,38.0,0.0,3.3,24.1,19:00,S
2025,8,15,24.0,29.7,15:00,18.3,06:00,77.0,36.0,0.0,6.3,32.2,17:40,E
2025,8,16,22.5,30.1,15:30,16.4,07:10,66.0,34.0,0.0,4.8,43.5,16:40,SSW
2025,8,17,22.3,30.1,14:20,16.9,07:10,74.0,29.0,0.0,3.2,37.0,14:50,WSW
2025,8,18,21.7,28.9,16:40,16.2,06:10,79.0,35.0,0.0,3.3,38.6,19:50,SSW
2025,8,19,22.4,30.6,16:10,16.1,06:50,82.0,39.0,0.2,3.2,19.3,16:40,E
2025,8,20,23.7,32.0,16:10,16.7,06:40,84.0,19.0,0.2,4.3,29.0,20:20,SSW
2025,8,21,23.8,33.6,18:30,14.3,05:50,65.0,26.0,0.0,2.8,22.5,18:30,S
2025,8,22,24.3,30.9,16:20,17.3,06:50,73.0,38.0,0.0,3.9,33.8,13:40,S
2025,8,23,22.8,30.7,15:40,16.6,07:20,76.0,31.0,0.0,4.8,54.7,18:30,WSW
2025,8,24,22.3,29.1,16:40,15.6,06:30,72.0,29.0,0.0,3.7,22.5,18:50,ENE
2025,8,25,21.7,28.6,14:20,14.9,07:00,71.0,35.0,0.0,4.0,24.1,20:00,S
2025,8,26,21.2,28.0,16:30,14.2,07:40,75.0,33.0,0.0,3.1,24.1,20:40,S
2025,8,27,21.7,29.1,16:30,13.7,07:10,80.0,29.0,0.0,2.7,19.3,19:40,E
2025,8,28,22.1,30.4,16:00,13.2,07:30,73.0,29.0,0.0,2.6,16.1,20:00,S
2025,8,29,22.7,31.4,16:30,13.9,07:50,77.0,18.0,0.0,2.1,9.7,01:30,S
2025,8,30,21.0,33.4,15:30,15.8,07:00,91.0,27.0,5.0,3.9,57.9,17:10,S
2025,8,31,20.3,27.3,16:20,15.1,07:30,93.0,35.0,3.2,4.6,35.4,16:20,WSW
2025,9,1,20.8,28.7,15:20,13.3,07:30,84.0,27.0,0.0,4.1,27.4,15:30,SSW
2025,9,2,22.5,32.4,17:00,13.9,06:50,79.0,26.0,0.0,3.5,25.7,16:30,E
2025,9,3,21.3,31.2,13:50,15.5,06:20,88.0,34.0,3.4,4.2,38.6,16:10,S
2025,9,4,20.2,27.4,16:10,14.3,07:20,90.0,53.0,1.2,2.6,19.3,17:20,E
2025,9,5,22.1,29.3,16:40,16.2,07:40,85.0,36.0,0.0,2.2,14.5,19:40,E
2025,9,6,22.1,30.2,16:10,14.2,07:20,81.0,31.0,0.0,3.3,24.1,18:20,E
2025,9,7,22.1,29.2,15:40,15.3,07:30,75.0,33.0,0.0,3.1,24.1,16:10,E
2025,9,8,21.7,29.6,15:10,13.7,07:10,76.0,33.0,0.0,2.6,12.9,00:30,S
2025,9,9,22.5,30.8,16:30,15.2,06:30,80.0,21.0,0.0,3.4,20.9,17:50,S
2025,9,10,23.0,31.1,15:40,14.1,07:10,81.0,30.0,0.0,2.6,14.5,08:30,SSW
2025,9,11,20.0,23.2,00:10,17.6,07:20,89.0,55.0,3.0,2.1,12.9,08:00,S
2025,9,12,21.3,29.3,16:30,13.7,07:30,92.0,36.0,0.0,3.3,20.9,17:40,S
2025,9,13,22.1,29.2,15:50,15.2,05:20,78.0,42.0,0.0,3.1,20.9,20:00,NE
2025,9,14,23.1,28.8,16:50,16.1,07:00,84.0,40.0,0.0,3.4,24.1,20:50,S
2025,9,15,22.7,29.4,16:30,15.6,07:50,79.0,39.0,0.0,3.5,22.5,17:40,E
2025,9,16,22.3,30.3,16:30,14.2,07:20,77.0,36.0,0.0,2.5,17.7,20:40,S
2025,9,17,21.2,29.4,15:10,15.6,08:10,81.0,30.0,0.0,5.6,38.6,19:50,S
2025,9,18,18.9,24.5,16:20,14.9,07:00,56.0,23.0,0.0,9.2,48.3,02:10,NE
2025,9,19,18.5,25.6,16:50,11.0,06:10,60.0,32.0,0.0,4.9,27.4,11:20,S
2025,9,20,19.7,27.8,16:00,12.5,08:00,72.0,32.0,0.0,3.4,20.9,19:10,S
2025,9,21,19.0,27.4,16:20,10.7,07:50,78.0,36.0,0.0,2.9,11.3,02:20,S
2025,9,22,19.6,28.7,16:40,11.9,06:10,81.0,35.0,0.0,2.6,11.3,01:40,S
2025,9,23,19.9,29.6,16:20,11.6,07:10,79.0,29.0,0.0,2.6,11.3,00:40,S
2025,9,24,20.4,29.9,16:20,11.9,07:20,77.0,27.0,0.0,2.8,17.7,20:00,S
2025,9,25,20.8,28.6,15:00,15.0,06:20,77.0,38.0,0.0,3.8,24.1,18:00,ENE
2025,9,26,18.2,20.5,00:10,16.4,07:30,88.0,71.0,0.2,1.9,16.1,13:10,S
2025,9,27,17.4,19.9,15:40,16.1,09:50,83.0,65.0,0.0,3.0,20.9,14:40,S
2025,9,28,14.2,16.2,00:10,12.8,07:30,90.0,73.0,2.4,1.9,12.9,16:00,S
2025,9,29,15.7,20.8,16:50,13.0,05:00,92.0,59.0,0.4,1.9,16.1,15:40,S
2025,9,30,16.2,22.2,15:10,11.5,06:20,89.0,45.0,0.0,2.6,12.9,00:40,S
2025,10,1,15.2,20.9,14:10,10.4,07:40,91.0,49.0,5.6,4.6,29.0,21:10,E
2025,10,2,11.8,13.2,00:30,9.2,00:00,93.0,82.0,28.0,5.0,30.6,08:50,E
2025,10,3,9.1,12.6,16:40,7.1,07:50,91.0,63.0,1.6,4.5,22.5,21:10,WSW
2025,10,4,10.7,16.4,16:30,5.7,08:00,81.0,46.0,0.0,3.9,22.5,19:40,WSW
2025,10,5,12.5,20.1,15:50,5.3,08:10,85.0,34.0,0.0,3.3,24.1,14:10,S
2025,10,6,14.5,20.6,15:30,10.8,00:00,92.0,52.0,3.6,6.6,51.5,22:20,N
2025,10,7,11.2,14.1,12:00,9.8,05:30,69.0,52.0,0.0,9.4,45.1,12:20,NE
2025,10,8,12.2,14.2,15:10,10.4,03:50,67.0,55.0,0.0,4.8,32.2,04:30,NNW
2025,10,9,14.6,21.0,17:30,8.6,08:10,78.0,41.0,0.0,4.9,20.9,01:50,E
2025,10,10,14.0,21.5,15:20,7.2,08:00,85.0,46.0,0.0,2.2,16.1,18:00,E
2025,10,11,14.0,19.7,13:50,9.2,07:50,87.0,54.0,0.0,5.3,37.0,22:20,NE
2025,10,12,13.4,19.2,15:50,8.1,07:50,79.0,48.0,0.0,2.7,30.6,00:10,E
2025,10,13,12.1,18.3,14:10,5.8,07:40,89.0,56.0,0.0,2.3,12.9,10:50,S
2025,10,14,13.2,18.8,15:20,9.0,05:00,84.0,49.0,0.0,1.8,11.3,22:10,SSW
2025,10,15,14.1,19.6,14:50,9.4,07:20,81.0,52.0,0.0,3.6,24.1,19:10,ENE
2025,10,16,13.1,14.7,00:10,11.7,00:00,90.0,65.0,3.0,0.7,14.5,11:00,S
2025,10,17,11.6,12.8,20:10,10.1,07:30,93.0,90.0,11.8,1.0,12.9,16:40,N
2025,10,18,13.6,16.3,17:30,11.6,00:00,95.0,84.0,2.0,0.1,8.0,16:40,ENE
2025,10,19,12.9,18.5,15:40,8.3,08:00,95.0,58.0,0.2,0.6,9.7,04:40,S
2025,10,20,13.5,16.8,14:00,11.1,08:10,88.0,69.0,0.0,1.2,16.1,17:20,S
2025,10,21,14.8,18.2,16:30,12.6,07:00,92.0,61.0,0.2,1.7,22.5,22:10,S
2025,10,22,15.1,19.4,15:00,13.2,00:00,91.0,70.0,0.2,0.9,17.7,01:40,S
2025,10,23,15.3,21.9,16:00,10.6,08:00,94.0,61.0,0.2,1.2,17.7,23:30,S
2025,10,24,17.2,21.9,12:40,13.3,22:10,90.0,35.0,4.4,6.1,45.1,15:20,S
2025,10,25,14.3,20.7,15:20,8.6,08:10,84.0,37.0,0.0,2.9,35.4,16:30,WSW
2025,10,26,14.4,21.1,16:20,8.1,04:20,89.0,61.0,0.0,2.3,25.7,16:40,SSW
2025,10,27,15.3,19.1,14:10,10.7,00:00,90.0,51.0,12.4,2.6,27.4,07:00,WSW
2025,10,28,11.4,17.7,13:50,6.9,07:20,89.0,56.0,0.0,2.4,20.9,14:10,S
2025,10,29,10.4,18.3,14:30,5.3,06:00,93.0,45.0,0.0,1.8,14.5,00:10,S
2025,10,30,10.4,17.7,15:20,5.1,06:40,94.0,57.0,0.0,1.4,12.9,09:40,S
2025,10,31,11.9,19.5,14:30,7.0,07:00,90.0,47.0,0.0,1.4,17.7,16:30,S
2025,11,1,13.4,20.6,14:00,8.2,08:00,88.0,52.0,0.0,1.6,14.5,03:10,S
2025,11,2,12.6,19.8,15:10,7.7,07:20,94.0,51.0,0.0,1.1,11.3,22:30,SSW
2025,11,3,12.7,17.2,14:00,7.7,06:50,93.0,72.0,1.4,0.8,9.7,03:30,SSW
2025,11,4,12.5,14.4,12:40,10.7,23:50,95.0,76.0,3.2,2.4,22.5,15:10,NE
2025,11,5,12.4,15.8,15:10,10.4,07:00,84.0,67.0,0.0,1.9,19.3,01:10,E
2025,11,6,12.8,14.8,14:50,11.0,07:00,88.0,71.0,0.0,0.8,9.7,16:40,S
2025,11,7,12.8,15.8,14:40,11.1,05:50,91.0,72.0,1.4,1.5,16.1,11:40,S
2025,11,8,13.5,17.6,15:30,10.9,00:00,94.0,72.0,17.0,2.4,17.7,16:10,S
2025,11,9,12.4,14.2,14:40,9.7,02:50,94.0,89.0,17.8,1.6,17.7,23:20,S
2025,11,10,11.8,13.2,11:30,9.4,23:40,95.0,91.0,13.2,0.8,19.3,00:20,WSW
2025,11,11,12.0,16.6,13:50,7.4,04:40,96.0,60.0,0.2,3.8,29.0,19:40,WSW
2025,11,12,11.1,16.9,15:10,5.9,00:00,84.0,40.0,0.0,2.9,22.5,00:50,WSW
2025,11,13,8.6,16.6,15:20,3.2,06:30,88.0,42.0,0.0,1.0,9.7,00:50,SSW
2025,11,14,9.0,16.8,14:30,3.4,07:20,90.0,41.0,0.0,1.3,11.3,09:30,SSW
2025,11,15,8.8,16.3,15:10,2.9,07:50,88.0,50.0,0.0,1.0,9.7,08:30,SSW
2025,11,16,9.3,17.4,14:30,3.9,06:10,90.0,37.0,0.0,0.8,8.0,03:50,SW
2025,11,17,11.0,18.1,17:30,5.2,03:50,89.0,46.0,0.2,3.0,29.0,15:40,S
2025,11,18,13.0,14.1,12:30,12.0,07:00,95.0,79.0,15.6,1.5,14.5,00:50,N
2025,11,19,11.7,12.8,00:50,10.7,23:40,96.0,93.0,40.6,1.3,14.5,19:50,S
2025,11,20,12.1,15.5,14:50,9.9,09:00,96.0,75.0,22.2,2.2,20.9,15:20,S
2025,11,21,11.7,13.8,13:40,10.1,08:30,95.0,87.0,21.8,2.4,17.7,13:50,S
2025,11,22,12.2,14.9,14:20,9.4,22:00,93.0,65.0,0.0,3.8,30.6,12:30,S
2025,11,23,9.0,11.7,14:30,4.9,00:00,87.0,59.0,0.6,4.7,35.4,17:10,S
2025,11,24,7.1,12.7,14:20,3.3,08:00,83.0,43.0,0.0,3.3,19.3,14:40,WSW
2025,11,25,7.9,12.3,16:40,4.1,00:40,89.0,71.0,0.0,2.2,19.3,20:30,S
2025,11,26,10.4,12.7,13:40,8.3,06:10,93.0,85.0,1.4,2.8,33.8,03:00,S
2025,11,27,9.7,10.9,14:00,9.0,06:10,95.0,87.0,9.4,0.8,12.9,15:50,S
2025,11,28,8.8,10.2,13:30,7.6,18:50,95.0,82.0,14.2,2.3,32.2,16:00,N
2025,11,29,7.8,11.4,12:40,4.1,23:40,94.0,71.0,0.0,1.5,14.5,16:20,SSW
2025,11,30,6.9,12.6,14:30,2.6,06:50,95.0,62.0,0.0,3.1,22.5,14:00,S
2025,12,1,7.8,12.9,15:10,3.9,07:50,89.0,59.0,0.0,1.8,19.3,00:30,E
2025,12,2,6.4,11.3,14:00,1.9,07:00,91.0,70.0,0.0,1.5,9.7,00:40,SSW
2025,12,3,8.8,9.7,16:20,7.7,06:40,94.0,85.0,0.6,0.5,8.0,04:30,ESE
2025,12,4,9.5,10.1,15:00,9.1,22:00,95.0,94.0,8.6,0.9,11.3,09:20,ESE
2025,12,5,9.8,11.4,20:30,8.9,00:10,95.0,80.0,7.4,3.2,29.0,19:30,W
2025,12,6,10.6,12.2,12:00,9.3,07:00,91.0,70.0,1.6,5.6,35.4,12:00,NE
2025,12,7,10.1,13.1,13:40,7.8,08:20,93.0,75.0,0.0,1.0,9.7,11:20,WSW
2025,12,8,9.7,13.4,12:40,4.7,23:50,91.0,60.0,0.0,3.3,22.5,13:00,NE
2025,12,9,5.3,10.3,15:30,1.7,07:30,94.0,73.0,0.0,1.3,11.3,20:10,SSW
2025,12,10,5.7,11.6,14:40,1.6,03:30,94.0,59.0,0.0,1.1,8.0,03:40,SSW
2025,12,11,7.0,12.9,14:00,2.7,08:20,92.0,62.0,0.0,0.7,8.0,00:20,SSW
2025,12,12,5.9,11.8,15:10,1.7,08:20,89.0,68.0,0.0,1.4,12.9,21:00,SSW
2025,12,13,5.1,10.3,14:30,1.4,08:20,90.0,58.0,0.0,1.7,11.3,00:50,SW
2025,12,14,4.6,10.3,15:20,0.5,06:30,93.0,67.0,0.0,2.1,17.7,19:20,SSW
2025,12,15,4.7,12.0,14:50,0.4,06:00,88.0,41.0,0.0,1.2,11.3,21:20,SSW
2025,12,16,3.4,8.4,16:30,-0.9,06:50,88.0,63.0,0.0,1.6,11.3,16:20,SSW
2025,12,17,4.4,10.8,14:30,0.4,07:50,88.0,58.0,0.0,1.5,14.5,03:30,SSW
2025,12,18,4.8,11.6,14:50,0.3,05:50,90.0,47.0,0.0,1.0,6.4,00:10,SSW
2025,12,19,5.2,10.7,14:50,1.3,07:50,94.0,64.0,0.0,0.9,6.4,09:10,SSW
2025,12,20,4.1,6.8,15:50,2.1,07:10,95.0,83.0,0.0,0.9,9.7,22:20,SSW
2025,12,21,5.9,8.6,15:20,2.9,06:30,91.0,78.0,0.0,0.9,9.7,03:30,SE
2025,12,22,7.9,10.2,13:40,6.2,07:20,92.0,77.0,0.0,0.4,8.0,01:30,ENE
2025,12,23,8.0,9.3,15:20,7.0,07:50,93.0,85.0,0.4,1.0,11.3,22:40,SSW
2025,12,24,8.2,9.7,13:30,6.8,23:20,94.0,87.0,1.6,1.5,17.7,12:10,S
2025,12,25,8.2,11.7,14:20,6.4,05:50,95.0,68.0,1.2,2.2,24.1,17:20,SE
2025,12,26,7.7,9.2,14:00,5.8,23:50,89.0,78.0,0.0,1.4,22.5,00:00,WSW
2025,12,27,5.9,10.9,14:50,1.3,00:00,83.0,34.0,0.0,5.4,32.2,07:20,W
2025,12,28,4.6,12.9,14:00,-0.9,05:40,89.0,35.0,0.0,5.7,38.6,19:40,NNW
2025,12,29,2.8,10.0,14:50,-1.9,08:10,82.0,45.0,0.0,2.0,16.1,01:40,SSW
2025,12,30,3.9,13.1,14:30,-2.3,06:50,87.0,34.0,0.0,5.3,32.2,17:00,SSW
2025,12,31,-0.0,3.3,13:50,-4.7,00:00,67.0,41.0,0.0,9.6,35.4,19:20,N
2026,1,1,-3.3,2.4,15:00,-7.4,06:30,77.0,37.0,0.0,2.8,12.9,00:40,SSW
2026,1,2,-0.4,7.1,18:20,-7.4,06:40,82.0,58.0,0.0,4.2,25.7,20:00,S
2026,1,3,7.1,13.3,23:50,1.9,02:50,92.0,61.0,0.0,1.9,30.6,23:40,SW
2026,1,4,12.8,15.4,12:40,10.3,22:20,71.0,52.0,0.0,9.6,41.8,12:10,S
2026,1,5,10.1,11.9,00:10,8.2,22:20,88.0,57.0,0.0,5.7,29.0,03:00,S
2026,1,6,9.2,10.9,14:30,7.3,05:00,95.0,76.0,19.4,2.2,17.7,11:20,S
2026,1,7,9.8,11.6,14:30,8.6,01:30,96.0,89.0,39.0,2.7,20.9,22:30,S
2026,1,8,4.7,9.1,01:20,1.2,20:40,95.0,63.0,0.6,6.4,46.7,11:30,W
2026,1,9,4.1,8.3,16:00,1.0,04:20,87.0,52.0,0.0,4.3,29.0,05:10,SSW
2026,1,10,4.8,6.7,03:20,2.7,23:20,94.0,86.0,17.6,2.4,32.2,15:50,NNW
2026,1,11,2.2,5.4,12:50,-1.9,00:00,94.0,65.0,0.0,8.5,41.8,10:40,N
2026,1,12,-2.1,1.3,14:20,-4.7,08:10,77.0,45.0,0.0,10.8,45.1,06:10,NNE
2026,1,13,1.5,9.1,14:20,-5.0,03:30,82.0,56.0,0.0,3.8,25.7,18:20,W
2026,1,14,4.0,11.1,15:50,-0.5,06:00,93.0,55.0,0.0,1.6,16.1,17:50,WNW
2026,1,15,4.6,12.4,15:40,-0.6,07:10,94.0,53.0,0.0,2.4,17.7,16:10,SW
2026,1,16,4.8,10.4,14:00,0.3,08:00,93.0,66.0,0.0,1.4,12.9,23:10,SSW
2026,1,17,4.8,5.8,14:20,3.4,00:00,91.0,79.0,0.0,1.9,14.5,00:40,SE
2026,1,18,3.5,5.6,13:10,2.3,23:50,91.0,73.0,0.0,2.6,14.5,15:30,SSE
2026,1,19,2.2,5.5,14:30,0.3,23:40,89.0,63.0,0.4,6.1,30.6,18:10,E
2026,1,20,1.9,4.0,13:20,0.3,00:20,75.0,62.0,0.0,12.1,33.8,21:50,ENE
2026,1,21,1.4,3.0,13:40,0.3,04:00,93.0,71.0,2.2,3.3,24.1,00:10,E
2026,1,22,2.9,5.2,16:10,1.0,03:40,95.0,87.0,0.0,2.5,12.9,11:50,W
2026,1,23,2.9,4.6,15:50,1.8,07:50,95.0,89.0,0.0,3.1,14.5,03:30,WSW
2026,1,24,3.0,4.6,20:40,1.0,08:40,96.0,93.0,0.0,1.7,12.9,00:20,NE
2026,1,25,6.7,11.5,16:00,4.2,03:00,95.0,76.0,0.0,1.8,17.7,18:40,ENE
2026,1,26,8.3,9.9,15:20,7.1,00:10,95.0,71.0,3.4,2.8,25.7,23:20,NE
2026,1,27,8.4,12.2,14:10,5.7,00:00,86.0,57.0,0.0,4.3,24.1,02:00,WNW
2026,1,28,4.3,7.6,19:00,0.2,08:00,90.0,70.0,0.4,2.3,16.1,00:40,SSW
2026,1,29,6.2,8.4,16:20,3.8,01:00,95.0,89.0,3.0,1.3,12.9,00:00,ESE
2026,1,30,7.9,12.9,13:40,4.5,23:20,90.0,45.0,0.0,4.9,33.8,13:20,W
2026,1,31,6.3,12.2,14:10,1.3,08:20,90.0,53.0,0.0,1.5,9.7,01:30,SSW
2026,2,1,5.2,7.8,02:40,3.6,10:00,92.0,79.0,4.8,6.2,30.6,02:40,W
2026,2,2,5.9,10.3,15:20,3.2,08:10,92.0,60.0,0.0,3.1,30.6,16:10,WSW
2026,2,3,5.8,11.8,15:30,0.3,06:50,90.0,55.0,0.0,2.1,19.3,21:20,NE
2026,2,4,7.8,10.3,15:50,6.4,07:00,92.0,76.0,9.0,1.9,17.7,23:00,S
2026,2,5,8.5,12.4,15:20,5.4,00:00,94.0,65.0,0.6,2.2,12.9,01:20,NE
2026,2,6,5.2,7.8,16:50,2.4,05:10,96.0,88.0,9.8,2.0,17.7,14:40,SSW
2026,2,7,9.4,16.1,14:30,4.2,08:00,97.0,44.0,0.0,4.5,30.6,15:30,WNW
2026,2,8,8.8,13.6,16:10,5.6,05:40,93.0,58.0,2.0,3.2,27.4,14:10,WSW
2026,2,9,7.9,11.8,15:10,5.3,07:40,91.0,67.0,2.0,2.4,20.9,19:00,NE
2026,2,10,7.2,9.3,16:30,5.7,04:40,93.0,78.0,1.6,2.0,14.5,17:00,NE
2026,2,11,7.6,9.8,14:30,6.2,06:20,93.0,81.0,2.8,3.2,19.3,14:30,S
2026,2,12,9.0,12.2,17:10,5.9,08:00,94.0,66.0,2.2,2.3,12.9,10:10,NE
2026,2,13,9.0,12.2,14:50,6.9,07:20,94.0,72.0,4.4,1.5,14.5,14:50,WSW
2026,2,14,8.3,14.1,16:50,3.9,07:50,93.0,62.0,0.2,2.3,20.9,17:30,S
2026,2,15,10.3,15.3,13:20,7.3,23:20,93.0,45.0,10.6,5.4,43.5,13:40,S
2026,2,16,9.0,14.7,14:30,5.7,00:00,88.0,46.0,0.0,3.8,33.8,15:00,SSW
2026,2,17,6.5,9.2,16:20,3.6,10:00,93.0,67.0,14.0,3.7,29.0,21:20,WNW
2026,2,18,6.3,11.1,15:20,3.5,07:20,65.0,28.0,0.0,10.7,54.7,07:50,NNW
2026,2,19,6.2,14.0,15:10,-0.8,07:40,84.0,49.0,0.0,4.8,35.4,15:10,S
2026,2,20,8.8,12.9,17:00,6.9,05:00,93.0,56.0,15.2,3.9,32.2,05:20,S
2026,2,21,7.5,12.2,15:10,3.2,07:00,91.0,61.0,0.0,5.2,25.7,22:30,N
2026,2,22,5.4,9.2,13:50,1.9,00:00,81.0,56.0,0.0,10.4,43.5,04:20,NE
2026,2,23,6.9,16.6,16:20,-0.4,06:30,89.0,35.0,0.0,3.3,27.4,16:40,W
2026,2,24,9.1,17.3,14:20,2.6,07:10,87.0,32.0,0.0,4.3,35.4,15:00,WSW
2026,2,25,9.2,13.4,17:00,4.5,23:10,69.0,31.0,0.0,6.7,33.8,02:20,NE
2026,2,26,7.5,14.1,15:00,1.2,05:40,81.0,37.0,0.0,3.2,14.5,13:00,SW
2026,2,27,7.0,15.5,16:30,-0.2,07:40,88.0,37.0,0.0,3.3,24.1,21:00,S
2026,2,28,7.6,12.6,15:40,4.1,02:10,86.0,55.0,0.0,2.6,14.5,23:10,S
2026,3,1,8.0,15.1,15:30,2.7,07:30,85.0,32.0,0.0,3.0,12.9,23:20,W
2026,3,2,8.2,17.7,16:00,0.3,06:30,83.0,28.0,0.0,2.5,17.7,19:10,SSW
2026,3,3,10.6,18.2,15:40,4.7,07:20,84.0,32.0,0.0,2.3,19.3,16:40,SW
2026,3,4,9.7,16.1,15:00,3.1,07:20,87.0,51.0,0.0,3.2,17.7,12:50,SSW
2026,3,5,10.0,18.2,14:20,5.6,06:40,86.0,40.0,0.0,5.2,32.2,13:50,SSW
2026,3,6,8.9,16.0,15:10,2.4,07:20,78.0,39.0,0.0,3.1,19.3,01:30,WSW
2026,3,7,9.1,16.4,15:30,2.4,06:10,86.0,38.0,0.0,3.0,19.3,13:30,SSW
2026,3,8,9.9,15.5,14:20,4.5,06:50,83.0,54.0,0.0,2.9,19.3,19:30,S
2026,3,9,10.0,14.6,15:10,5.4,00:00,85.0,46.0,0.0,6.2,27.4,18:50,E
2026,3,10,7.8,15.1,16:10,0.8,07:00,83.0,40.0,0.0,3.4,17.7,19:10,NE
2026,3,11,8.4,16.8,16:40,0.8,07:20,81.0,29.0,0.2,2.9,19.3,18:50,SSW
2026,3,12,9.4,18.2,15:50,1.5,06:40,81.0,27.0,0.0,3.1,19.3,20:00,E
2026,3,13,9.3,17.4,14:50,1.6,06:50,77.0,27.0,0.0,3.6,22.5,16:20,SSW
2026,3,14,9.0,16.4,15:50,2.1,07:00,84.0,33.0,0.0,3.8,17.7,15:30,SSW
2026,3,15,8.9,16.8,15:10,1.2,07:00,80.0,34.0,0.0,4.0,27.4,17:50,E
2026,3,16,8.9,16.2,15:50,2.2,07:10,79.0,37.0,0.0,3.7,20.9,17:00,SSW
2026,3,17,8.6,14.0,14:30,4.8,06:00,88.0,50.0,1.2,5.4,27.4,15:00,SSE
2026,3,18,6.8,8.4,15:50,5.3,04:30,90.0,65.0,0.0,8.1,29.0,11:20,E
2026,3,19,6.3,8.1,16:00,4.7,04:50,88.0,72.0,0.0,8.0,29.0,14:00,ESE
2026,3,20,7.1,12.4,14:30,3.5,03:00,87.0,40.0,0.0,9.0,33.8,22:50,NE
2026,3,21,8.4,12.4,13:20,4.8,07:10,60.0,36.0,0.0,4.3,29.0,00:30,N
2026,3,22,9.5,14.4,12:40,5.5,07:00,74.0,38.0,0.0,3.2,16.1,21:50,S
2026,3,23,9.5,14.7,14:30,5.9,06:10,87.0,38.0,0.0,4.2,25.7,18:30,WSW
2026,3,24,8.9,14.3,13:10,3.8,06:10,86.0,51.0,0.0,7.1,35.4,15:10,NE
2026,3,25,11.7,17.2,15:50,7.1,06:30,67.0,37.0,0.0,5.3,25.7,01:10,NE
2026,3,26,9.0,15.8,12:50,2.2,07:00,84.0,42.0,0.0,5.3,33.8,14:20,S
2026,3,27,8.2,12.1,14:30,4.9,06:40,85.0,50.0,1.2,4.1,24.1,14:50,WSW
2026,3,28,7.7,13.4,12:10,3.6,03:40,85.0,48.0,0.8,3.7,29.0,14:00,W
2026,3,29,9.8,15.4,16:50,4.8,07:40,82.0,38.0,0.0,4.5,35.4,18:50,NE
2026,3,30,11.1,19.3,16:40,4.1,08:00,74.0,27.0,0.0,6.7,30.6,15:50,WSW
2026,3,31,9.4,14.9,13:20,4.2,07:50,89.0,53.0,3.2,7.4,43.5,17:20,WSW
2026,4,1,8.8,10.4,19:40,6.6,02:30,92.0,77.0,6.0,11.4,37.0,15:10,ENE
2026,4,2,8.4,10.3,01:30,7.0,08:10,91.0,76.0,2.4,6.3,45.1,01:30,WSW
2026,4,3,10.7,16.1,16:00,6.8,06:10,90.0,49.0,0.0,4.6,29.0,19:10,NE
2026,4,4,13.1,18.3,14:50,8.6,07:30,73.0,43.0,0.0,9.5,35.4,22:00,NE
2026,4,5,14.1,19.7,15:50,8.9,07:20,72.0,38.0,0.0,3.8,29.0,00:20,E
2026,4,6,13.8,22.4,16:10,5.2,07:40,83.0,28.0,0.0,4.2,24.1,16:50,S
2026,4,7,15.8,24.7,15:30,7.4,07:30,80.0,20.0,0.0,4.3,33.8,14:40,SSW
2026,4,8,16.7,22.7,16:10,10.6,07:00,65.0,29.0,0.0,5.6,40.2,15:00,W
2026,4,9,13.0,19.6,17:20,7.9,06:30,68.0,18.0,0.0,5.9,40.2,08:40,W
2026,4,10,12.0,20.3,16:30,3.3,07:20,70.0,24.0,0.0,4.9,35.4,14:30,SSW
2026,4,11,11.9,17.7,16:20,7.1,07:50,78.0,51.0,0.0,3.8,20.9,02:10,S
2026,4,12,14.3,22.8,17:10,8.4,07:00,86.0,34.0,0.0,3.8,20.9,19:30,E
2026,4,13,13.2,15.4,16:20,11.6,07:40,85.0,68.0,0.0,4.7,19.3,14:50,S
2026,4,14,13.7,17.6,16:20,10.8,07:10,86.0,57.0,2.4,4.5,25.7,13:30,SSE
2026,4,15,12.2,13.8,16:00,10.7,05:50,93.0,85.0,4.8,0.9,8.0,00:10,NE
2026,4,16,14.5,21.1,16:10,11.1,07:00,94.0,55.0,2.4,1.8,22.5,17:50,WSW
2026,4,17,16.2,22.4,17:00,9.8,07:30,90.0,42.0,0.0,4.5,29.0,20:40,ENE
2026,4,18,17.2,21.2,15:40,13.3,00:00,68.0,33.0,0.0,10.4,45.1,05:30,NE
2026,4,19,14.9,23.4,16:20,7.0,07:10,81.0,24.0,0.0,4.0,22.5,14:40,WSW
2026,4,20,15.5,22.7,15:30,9.1,07:00,82.0,34.0,0.0,4.2,40.2,12:40,WSW
2026,4,21,14.1,21.8,14:30,7.9,07:00,85.0,42.0,0.2,3.7,37.0,18:40,S
2026,4,22,10.8,12.5,00:10,9.0,22:00,89.0,75.0,4.4,3.2,17.7,05:00,E
2026,4,23,10.8,16.1,16:00,7.1,00:00,88.0,38.0,0.4,5.3,37.0,03:30,NE
2026,4,24,11.3,20.2,17:30,3.0,06:30,82.0,26.0,0.0,2.8,16.1,13:50,E
2026,4,25,14.6,22.9,17:10,6.4,06:20,77.0,32.0,0.0,2.8,14.5,22:50,E
2026,4,26,16.4,26.1,17:00,7.1,07:20,83.0,25.0,0.0,3.6,20.9,19:30,S
2026,4,27,18.2,24.9,17:00,13.5,08:00,72.0,29.0,0.0,3.6,17.7,20:30,WSW
2026,4,28,16.5,24.8,15:50,8.8,07:00,87.0,33.0,0.0,3.5,32.2,16:10,S
2026,4,29,17.4,26.4,17:20,9.1,07:10,85.0,27.0,0.0,3.4,22.5,16:50,S
2026,4,30,13.4,22.8,14:20,8.3,21:20,79.0,33.0,1.6,6.6,51.5,20:30,N
2026,5,1,10.0,14.7,14:20,7.2,06:20,77.0,40.0,0.0,10.5,46.7,06:10,E
2026,5,2,9.9,15.9,15:30,4.3,07:20,82.0,31.0,0.0,5.8,33.8,19:30,ENE
2026,5,3,11.0,16.0,17:10,7.1,08:20,80.0,29.0,0.2,8.3,37.0,11:50,ENE
2026,5,4,12.4,22.2,17:30,2.7,06:10,77.0,18.0,0.0,4.2,30.6,18:10,WSW
2026,5,5,15.6,26.1,17:20,5.5,07:10,73.0,19.0,0.0,3.5,22.5,21:30,E
2026,5,6,17.7,26.3,16:10,9.4,06:50,72.0,25.0,0.0,2.4,17.7,17:50,WSW
2026,5,7,15.5,20.3,15:30,12.1,03:50,81.0,50.0,0.2,2.3,17.7,12:00,NE
2026,5,8,12.6,14.1,11:30,10.9,05:10,93.0,78.0,13.8,1.5,16.1,09:10,S
2026,5,9,15.4,20.6,15:00,11.9,05:40,95.0,72.0,4.8,1.2,16.1,15:10,WSW
2026,5,10,16.1,23.3,17:20,10.5,05:30,92.0,56.0,0.0,1.6,12.9,04:50,E
2026,5,11,19.0,26.3,16:10,12.1,07:10,91.0,38.0,0.0,3.1,27.4,22:20,S
2026,5,12,19.5,26.2,14:50,12.0,07:00,83.0,29.0,0.0,6.4,45.1,15:00,WSW
2026,5,13,18.3,24.0,12:50,13.1,06:50,74.0,39.0,0.0,5.3,37.0,16:40,NW
2026,5,14,16.4,22.8,16:10,11.5,02:20,77.0,33.0,0.4,4.2,25.7,14:10,WSW
2026,5,15,16.4,24.0,17:20,9.7,05:30,82.0,33.0,0.0,3.3,25.7,16:40,WSW
2026,5,16,14.5,20.4,16:10,9.4,06:40,86.0,49.0,1.6,4.0,38.6,15:40,S
2026,5,17,14.1,20.3,16:30,8.4,02:30,77.0,43.0,0.0,6.1,38.6,11:20,WSW
2026,5,18,16.8,24.2,16:50,8.9,06:50,83.0,41.0,0.0,4.0,20.9,19:20,WSW
2026,5,19,14.7,18.4,00:10,10.1,00:00,90.0,59.0,9.0,2.9,24.1,15:20,WSW
2026,5,20,16.1,22.8,15:50,9.8,06:30,88.0,41.0,0.0,5.7,27.4,12:30,NE
2026,5,21,18.5,24.7,16:20,11.3,06:00,76.0,38.0,0.0,6.9,46.7,10:00,NE
2026,5,22,18.0,22.8,13:40,12.7,06:40,75.0,49.0,0.0,6.1,32.2,02:50,ENE
2026,5,23,19.8,24.3,13:50,16.7,04:00,74.0,49.0,0.6,6.2,29.0,10:50,NE
2026,5,24,19.0,26.1,15:30,14.7,07:10,83.0,41.0,0.4,4.5,30.6,18:00,WSW
2026,5,25,19.3,27.4,16:20,11.9,06:20,89.0,37.0,0.0,3.3,22.5,15:00,WSW
2026,5,26,21.4,28.6,15:00,14.3,07:20,75.0,35.0,0.0,3.3,16.1,02:50,ENE
2026,5,27,22.9,29.9,17:10,16.3,05:40,76.0,38.0,0.0,2.8,16.1,07:40,E
2026,5,28,20.8,29.5,15:30,14.7,06:40,79.0,34.0,0.2,4.0,53.1,18:00,ENE
2026,5,29,21.2,27.3,17:50,16.4,00:00,75.0,26.0,0.0,6.4,45.1,03:30,NE
2026,5,30,19.7,28.9,16:00,10.4,06:30,70.0,29.0,0.0,4.4,29.0,16:10,S
2026,5,31,21.5,29.6,15:40,13.6,06:40,78.0,30.0,0.0,3.7,22.5,17:10,WSW
2026,6,1,21.7,30.8,16:00,13.8,06:30,,,0.0,3.5,27.4,15:20,S
2026,6,2,21.7,29.8,16:20,13.3,06:20,,,0.0,3.9,29.0,17:10,S
2026,6,3,21.5,28.4,15:10,14.4,06:30,,,0.0,3.9,30.6,17:20,S
2026,6,4,19.0,22.9,17:50,15.9,00:00,,,1.2,2.4,24.1,12:20,NE
2026,6,5,20.5,28.7,17:40,12.0,05:50,,,0.0,2.3,19.3,20:30,ENE
2026,6,6,22.6,30.4,16:40,14.2,06:20,,,0.0,2.1,16.1,19:10,WSW
2026,6,7,23.9,31.9,17:50,15.9,06:30,,,0.0,3.0,17.7,17:30,S
2026,6,8,21.7,28.9,11:40,17.2,00:00,,,1.0,3.3,45.1,17:30,WSW
2026,6,9,21.3,29.6,15:50,13.2,06:10,,,0.0,2.7,19.3,16:50,E
2026,6,10,22.0,30.3,14:30,15.8,06:30,,,0.0,2.8,20.9,15:10,S
2026,6,11,23.0,31.5,17:40,14.5,06:40,,,0.0,3.1,22.5,14:40,WSW
2026,6,12,19.9,25.7,12:00,17.3,18:20,,,3.0,5.5,33.8,14:20,N
2026,6,13,19.6,25.8,17:50,14.1,05:20,,,0.0,6.7,41.8,03:10,NNW
2026,6,14,20.9,29.6,17:40,11.9,06:30,,,0.0,4.1,19.3,18:00,S
2026,6,15,23.0,31.9,16:50,14.0,06:30,,,0.0,3.3,19.3,16:10,S
2026,6,16,23.9,30.8,15:20,17.8,04:50,,,0.0,2.5,20.9,23:00,E
2026,6,17,21.6,26.6,14:40,17.2,23:50,,,0.0,3.6,27.4,13:20,WSW
2026,6,18,21.6,28.8,16:10,13.7,06:30,,,0.0,5.4,29.0,11:40,NE
2026,6,19,23.7,29.8,17:10,16.9,07:20,,,0.0,3.6,20.9,00:50,E
2026,6,20,23.5,29.7,17:40,17.2,07:00,,,0.0,2.7,19.3,12:40,S
2026,6,21,23.7,31.4,16:40,16.2,05:40,,,0.0,2.5,16.1,16:00,E
2026,6,22,25.0,33.1,17:10,16.9,05:50,,,0.0,2.3,20.9,20:40,E
2026,6,23,24.0,30.5,14:40,18.2,06:20,,,0.0,2.7,32.2,16:10,E
2026,6,24,23.1,29.6,13:30,18.1,23:00,,,7.6,3.7,38.6,20:50,WSW
2026,6,25,22.5,29.6,15:20,16.9,05:00,,,0.0,2.6,35.4,16:00,E
2026,6,26,24.3,31.4,15:30,17.2,06:10,,,1.4,3.1,30.6,22:00,E
2026,6,27,25.5,31.9,16:30,18.9,06:20,,,0.8,3.4,25.7,14:40,E
2026,6,28,25.5,31.6,15:40,19.0,06:30,,,0.0,3.9,29.0,17:40,E
2026,6,29,25.1,31.2,15:10,17.1,06:30,,,0.0,5.2,30.6,12:40,ENE
2026,6,30,24.5,31.9,13:20,18.2,06:10,,,13.8,4.8,41.8,19:30,WSW
2026,7,1,22.6,32.3,16:40,16.4,06:00,,,3.4,3.7,45.1,18:00,WSW
2026,7,2,23.0,31.7,17:00,15.9,06:40,,,0.0,2.9,22.5,20:40,WSW
2026,7,3,25.0,31.3,17:20,18.9,06:30,,,0.0,3.7,43.5,23:50,WSW
2026,7,4,24.8,28.4,16:30,21.9,06:20,,,0.0,8.2,38.6,07:50,NE
2026,7,5,23.2,28.5,17:10,19.0,06:20,,,0.0,8.1,43.5,01:10,NE
2026,7,6,22.4,28.8,15:50,15.1,06:30,,,0.0,3.1,22.5,01:40,ENE
2026,7,7,23.3,30.9,16:50,15.4,06:40,,,0.0,1.4,24.1,20:10,NNW
2026,7,8,24.3,31.3,17:50,16.7,06:40,,,0.0,4.2,30.6,22:30,WSW
2026,7,9,24.5,29.5,17:40,19.2,07:20,,,0.0,5.3,38.6,04:50,ENE
2026,7,10,24.1,29.3,17:10,17.1,07:20,,,0.0,3.4,20.9,01:50,ENE
2026,7,11,24.2,31.6,17:30,15.6,06:30,,,0.0,2.5,17.7,15:00,S
2026,7,12,25.1,33.6,16:00,16.7,06:40,,,0.0,3.0,22.5,13:40,SSW
2026,7,13,24.6,30.3,15:10,18.6,05:40,,,0.0,4.5,27.4,06:10,ENE
2026,7,14,24.2,31.6,17:20,15.7,06:30,,,0.0,3.2,20.9,18:00,NNW
2026,7,15,25.7,34.2,16:50,17.2,06:30,,,0.0,3.0,30.6,19:40,S
2026,7,16,25.9,33.1,16:40,19.1,06:00,,,2.6,3.2,25.7,22:40,E
2026,7,17,25.5,33.9,18:00,18.4,06:40,,,0.0,1.9,16.1,23:30,SE
2026,7,18,27.3,35.7,18:00,18.6,06:50,,,0.0,2.2,16.1,21:20,S
2026,7,19,27.8,36.3,17:10,19.8,06:40,,,0.0,3.7,25.7,16:00,S
2026,7,20,28.5,36.8,18:10,19.1,07:00,,,0.0,4.0,30.6,22:20,S
2026,7,21,28.6,37.0,17:30,19.9,06:50,,,0.0,3.3,29.0,17:10,S
2026,7,22,26.5,34.2,14:50,18.8,06:30,,,0.0,4.7,37.0,20:10,N
2026,7,23,23.6,31.1,17:00,17.1,06:50,,,0.0,4.0,29.0,17:30,NNW
2026,7,24,17.9,26.0,14:40,14.3,17:30,,,11.8,5.5,48.3,15:40,NNW
2026,7,25,19.9,27.1,17:30,13.7,06:40,,,0.0,5.1,30.6,04:00,NE
2026,7,26,22.0,31.7,18:10,12.4,06:30,,,0.0,2.9,20.9,23:10,ENE
2026,7,27,25.1,34.1,17:20,16.2,06:50,,,0.0,3.3,29.0,18:10,S
2026,7,28,26.6,33.4,17:40,19.3,06:20,,,0.0,2.8,24.1,21:50,E
2026,7,29,26.6,34.2,17:40,19.1,07:00,,,0.0,3.3,27.4,20:20,S
2026,7,30,26.1,32.6,17:20,19.3,07:00,,,0.0,2.8,27.4,22:10,ENE
2026,7,31,25.7,32.6,17:00,17.8,07:10,,,0.0,3.4,20.9,15:10,S
